SELECT * FROM information_schema.columns WHERE table_name = $table;
UPDATE APP_CACHE_VIEW SET APP_UPDATE_DATE = NEW WHERE APP_UID = NEW
CREATE TABLE authors ( id INT AUTO_INCREMENT PRIMARY KEY , name TEXT NOT NULL , email TEXT NOT NULL )
CREATE TABLE `BPMN_EXTENSION`(	`EXT_UID` VARCHAR(32) NOT NULL,	`PRJ_UID` VARCHAR(32) NOT NULL,	`EXT_ELEMENT` VARCHAR(32) NOT NULL,	`EXT_ELEMENT_TYPE` VARCHAR(45) NOT NULL,	`EXT_EXTENSION` MEDIUMTEXT,	PRIMARY KEY (`EXT_UID`),	KEY `BPMN_EXTENSION_I_1`(`EXT_UID`),	KEY `BPMN_EXTENSION_I_2`(`PRJ_UID`),	CONSTRAINT `fk_bpmn_extension_project`		FOREIGN KEY (`PRJ_UID`)		REFERENCES `BPMN_PROJECT` (`PRJ_UID`))
INSERT INTO RBAC_ROLES_PERMISSIONS VALUES ('00000000000000000000000000000002','00000000000000000000000000000013')
SELECT viewname FROM pg_views';
SELECT * FROM APP_DELEGATION WHERE APP_UID= '" . $resultDraft[1]['APP_UID'] . "' AND DEL_INDEX= 1 
CREATE TABLE `ISO_LOCATION`(	`IC_UID` VARCHAR(2) default '' NOT NULL,	`IL_UID` VARCHAR(5) default '' NOT NULL,	`IL_NAME` VARCHAR(255),	`IL_NORMAL_NAME` VARCHAR(255),	`IS_UID` VARCHAR(4),	PRIMARY KEY (`IC_UID`,`IL_UID`))
SELECT * FROM $table";
CREATE TABLE `SESSION_STORAGE`(	`ID` VARCHAR(128) NOT NULL,	`SET_TIME` VARCHAR(10) NOT NULL,	`DATA` MEDIUMTEXT NOT NULL,	`SESSION_KEY` VARCHAR(128) NOT NULL,	`CLIENT_ADDRESS` VARCHAR(32) default '0.0.0.0',	PRIMARY KEY (`ID`),	KEY `indexSessionStorage`(`ID`))
select id from clientinfo where id='{$service->id}' and name='{$client->name}'
UPDATE RBAC_USERS SET USR_USERNAME = %s, USR_LASTNAME = %s, USR_PASSWORD = %s  WHERE USR_UID = 00000000000000000000000000000001
CREATE TABLE [TRANSLATION](	[TRN_CATEGORY] VARCHAR(100) default '' NOT NULL,	[TRN_ID] VARCHAR(100) default '' NOT NULL,	[TRN_LANG] VARCHAR(10) default 'en' NOT NULL,	[TRN_VALUE] NVARCHAR(MAX) NOT NULL,	[TRN_UPDATE_DATE] CHAR(19) NULL,	CONSTRAINT TRANSLATION_PK PRIMARY KEY ([TRN_CATEGORY],[TRN_ID],[TRN_LANG]))
INSERT INTO RBAC_ROLES_PERMISSIONS VALUES ('00000000000000000000000000000004', '00000000000000000000000000000006')
SELECT * from APP_FOLDER " sqlConnection="" menu="appFolder/appFolderOptions
CREATE TABLE [RBAC_USERS](	[USR_UID] VARCHAR(32) default '' NOT NULL,	[USR_USERNAME] VARCHAR(100) default '' NOT NULL,	[USR_PASSWORD] VARCHAR(32) default '' NOT NULL,	[USR_FIRSTNAME] VARCHAR(50) default '' NOT NULL,	[USR_LASTNAME] VARCHAR(50) default '' NOT NULL,	[USR_EMAIL] VARCHAR(100) default '' NOT NULL,	[USR_DUE_DATE] CHAR(19) default '0000-00-00' NOT NULL,	[USR_CREATE_DATE] CHAR(19) default '0000-00-00 00:00:00' NOT NULL,	[USR_UPDATE_DATE] CHAR(19) default '0000-00-00 00:00:00' NOT NULL,	[USR_STATUS] INT default 1 NOT NULL,		[USR_AUTH_TYPE] VARCHAR(32) NOT NULL DEFAULT ('MSSQL'),	[UID_AUTH_SOURCE] VARCHAR(32) NOT NULL DEFAULT ('00000000000000000000000000000000'),	[USR_AUTH_USER_DN] VARCHAR(255) NOT NULL,	[USR_AUTH_SUPERVISOR_DN] VARCHAR(255) NULL,	[USR_REPLACED_BY] varchar(32) NULL,	[USR_REPORTS_TO] varchar(32) NULL,	CONSTRAINT RBAC_USERS_PK PRIMARY KEY ([USR_UID]))
SELECT LEX_VALUE FROM LEXICO WHERE LEX_TOPIC ="HOLIDAY"' );
SELECT TABLE_NAME FROM INFORMATION_SCHEMA.TABLES WHERE TABLE_TYPE = 'BASE TABLE' AND TABLE_NAME <> 'dtproperties'
CREATE TABLE [SHADOW_TABLE](	[SHD_UID] VARCHAR(32) default '' NOT NULL,	[ADD_TAB_UID] VARCHAR(32) default '' NOT NULL,	[SHD_ACTION] VARCHAR(10) default '' NOT NULL,	[SHD_DETAILS] NVARCHAR(MAX) NOT NULL,	[USR_UID] VARCHAR(32) default '' NOT NULL,	[APP_UID] VARCHAR(32) default '' NOT NULL,	[SHD_DATE] CHAR(19) NULL,	CONSTRAINT SHADOW_TABLE_PK PRIMARY KEY ([SHD_UID]))
CREATE TABLE oauth_refresh_tokens (refresh_token TEXT, client_id TEXT, user_id TEXT, expires TIMESTAMP, scope TEXT)
SELECT UID, USR_USE_LDAP FROM USERS where UID = ' . $_SESSION['CURRENT_USER']);
CREATE TABLE `GATEWAY`(	`GAT_UID` VARCHAR(32) default '' NOT NULL,	`PRO_UID` VARCHAR(32) default '' NOT NULL,	`TAS_UID` VARCHAR(32) default '' NOT NULL,	`GAT_NEXT_TASK` VARCHAR(32) default '' NOT NULL,	`GAT_X` INTEGER default 0 NOT NULL,	`GAT_Y` INTEGER default 0 NOT NULL,	`GAT_TYPE` VARCHAR(32) default '' NOT NULL,	PRIMARY KEY (`GAT_UID`))
CREATE TABLE `BPMN_DOCUMENTATION`(	`DOC_UID` VARCHAR(32) NOT NULL,	`PRJ_UID` VARCHAR(32) NOT NULL,	`DOC_ELEMENT` VARCHAR(32) NOT NULL,	`DOC_ELEMENT_TYPE` VARCHAR(45) NOT NULL,	`DOC_DOCUMENTATION` MEDIUMTEXT,	PRIMARY KEY (`DOC_UID`),	KEY `BPMN_DOCUMENTATION_I_1`(`DOC_UID`),	KEY `BPMN_DOCUMENTATION_I_2`(`PRJ_UID`),	CONSTRAINT `fk_bpmn_documentation_project`		FOREIGN KEY (`PRJ_UID`)		REFERENCES `BPMN_PROJECT` (`PRJ_UID`))
INSERT INTO RBAC_ROLES VALUES ('00000000000000000000000000000002','','00000000000000000000000000000002','PROCESSMAKER_ADMIN','2007-07-31 19:10:22','2007-08-03 12:24:36',1)
SELECT * FROM sys.server_principals WHERE name = N'%s') DROP LOGIN [%s]", $psUser, $psUser );
CREATE TABLE `{$this->database_table}` ( `id` VARCHAR(40) NOT NULL, `namespace` VARCHAR(32) NOT NULL, `code` VARCHAR(32) NOT NULL, `code_display` VARCHAR(32) NOT NULL, `created` INT NOT NULL, `audio_data` MEDIUMBLOB NULL, PRIMARY KEY(id, namespace), INDEX(created) )
None
SELECT * FROM ($query) WHERE NULL = NULL
INSERT INTO RBAC_SYSTEMS VALUES ('00000000000000000000000000000002','PROCESSMAKER','2007-07-31 19:10:22','2007-08-03 12:24:36',1)
INSERT INTO RBAC_ROLES_PERMISSIONS VALUES ('00000000000000000000000000000002','00000000000000000000000000000004')
CREATE TABLE [SUB_APPLICATION](	[APP_UID] VARCHAR(32) default '' NOT NULL,	[APP_PARENT] VARCHAR(32) default '' NOT NULL,	[DEL_INDEX_PARENT] INT default 0 NOT NULL,	[DEL_THREAD_PARENT] INT default 0 NOT NULL,	[SA_STATUS] VARCHAR(32) default '' NOT NULL,	[SA_VALUES_OUT] NVARCHAR(MAX) NOT NULL,	[SA_VALUES_IN] NVARCHAR(MAX) NULL,	[SA_INIT_DATE] CHAR(19) NULL,	[SA_FINISH_DATE] CHAR(19) NULL,	CONSTRAINT SUB_APPLICATION_PK PRIMARY KEY ([APP_UID],[APP_PARENT],[DEL_INDEX_PARENT],[DEL_THREAD_PARENT]))
INSERT INTO RBAC_USERS VALUES ('00000000000000000000000000000001','admin','21232f297a57a5a743894a0e4a801fc3','Administrator','','admin@processmaker.com','2020-01-01','2007-08-03 12:24:36','2008-02-13 07:24:07',1,'MYSQL','00000000000000000000000000000000','','','','')
SELECT next_id FROM " . $table . " FOR UPDATE
CREATE TABLE `SUB_APPLICATION`(	`APP_UID` VARCHAR(32) default '' NOT NULL,	`APP_PARENT` VARCHAR(32) default '' NOT NULL,	`DEL_INDEX_PARENT` INTEGER default 0 NOT NULL,	`DEL_THREAD_PARENT` INTEGER default 0 NOT NULL,	`SA_STATUS` VARCHAR(32) default '' NOT NULL,	`SA_VALUES_OUT` MEDIUMTEXT NOT NULL,	`SA_VALUES_IN` MEDIUMTEXT,	`SA_INIT_DATE` DATETIME,	`SA_FINISH_DATE` DATETIME,	PRIMARY KEY (`APP_UID`,`APP_PARENT`,`DEL_INDEX_PARENT`,`DEL_THREAD_PARENT`))
CREATE TABLE `WEB_ENTRY`(	`WE_UID` VARCHAR(32) NOT NULL,	`PRO_UID` VARCHAR(32) NOT NULL,	`TAS_UID` VARCHAR(32) NOT NULL,	`DYN_UID` VARCHAR(32) NOT NULL,	`USR_UID` VARCHAR(32) default '',	`WE_METHOD` VARCHAR(4) default 'HTML',	`WE_INPUT_DOCUMENT_ACCESS` INTEGER default 0,	`WE_DATA` MEDIUMTEXT,	`WE_CREATE_USR_UID` VARCHAR(32) default '' NOT NULL,	`WE_UPDATE_USR_UID` VARCHAR(32) default '',	`WE_CREATE_DATE` DATETIME NOT NULL,	`WE_UPDATE_DATE` DATETIME,	PRIMARY KEY (`WE_UID`))
CREATE TABLE [STEP_SUPERVISOR](	[STEP_UID] VARCHAR(32) default '' NOT NULL,	[PRO_UID] VARCHAR(32) default '0' NOT NULL,	[STEP_TYPE_OBJ] VARCHAR(20) default 'DYNAFORM' NOT NULL,	[STEP_UID_OBJ] VARCHAR(32) default '0' NOT NULL,	[STEP_POSITION] INT default 0 NOT NULL,	CONSTRAINT STEP_SUPERVISOR_PK PRIMARY KEY ([STEP_UID]))
CREATE TABLE {$args['table']} ({$args['rows']})
CREATE TABLE [RBAC_ROLES_PERMISSIONS](	[ROL_UID] VARCHAR(32) default '' NOT NULL,	[PER_UID] VARCHAR(32) default '' NOT NULL,	CONSTRAINT RBAC_ROLES_PERMISSIONS_PK PRIMARY KEY ([ROL_UID],[PER_UID]))
CREATE TABLE `TIMER_EVENT`(	`TMREVN_UID` VARCHAR(32) NOT NULL,	`PRJ_UID` VARCHAR(32) NOT NULL,	`EVN_UID` VARCHAR(32) NOT NULL,	`TMREVN_OPTION` VARCHAR(50) default 'DAILY' NOT NULL,	`TMREVN_START_DATE` DATE,	`TMREVN_END_DATE` DATE,	`TMREVN_DAY` VARCHAR(5) default '' NOT NULL,	`TMREVN_HOUR` VARCHAR(5) default '' NOT NULL,	`TMREVN_MINUTE` VARCHAR(5) default '' NOT NULL,	`TMREVN_CONFIGURATION_DATA` MEDIUMTEXT NOT NULL,	`TMREVN_NEXT_RUN_DATE` DATETIME,	`TMREVN_LAST_RUN_DATE` DATETIME,	`TMREVN_LAST_EXECUTION_DATE` DATETIME,	`TMREVN_STATUS` VARCHAR(25) default 'ACTIVE' NOT NULL,	PRIMARY KEY (`TMREVN_UID`))
SELECT * FROM PROCESS; 
CREATE TABLE `GMAIL_RELABELING` (	`LABELING_UID` 				 VARCHAR(32) NOT NULL,	`CREATE_DATE`	 	 DATETIME NOT NULL,	`APP_UID` 				 VARCHAR(32) NOT NULL DEFAULT '',	`DEL_INDEX` 			 INT(11) 		NOT NULL DEFAULT '0',	`CURRENT_LAST_INDEX` INT(11) 		NOT NULL DEFAULT '0',	`UNASSIGNED` INT(11) 	NOT NULL DEFAULT '0',	`STATUS` 							VARCHAR(32) NOT NULL DEFAULT 'pending',	`MSG_ERROR` 						MEDIUMTEXT NULL,	PRIMARY KEY (`LABELING_UID`),	KEY `indexStatus` (`STATUS`))
INSERT INTO RBAC_PERMISSIONS VALUES ('00000000000000000000000000000010','PM_SETUP_ADVANCE','0000-00-00 00:00:00','0000-00-00 00:00:00',1,'00000000000000000000000000000002')
INSERT INTO RBAC_PERMISSIONS VALUES ('00000000000000000000000000000015','PM_FOLDERS_VIEW','2009-10-12 00:00:00','0000-00-00 00:00:00',1,'00000000000000000000000000000002')
CREATE TABLE `DB_SOURCE`(	`DBS_UID` VARCHAR(32) default '' NOT NULL,	`PRO_UID` VARCHAR(32) default '0' NOT NULL,	`DBS_TYPE` VARCHAR(8) default '0' NOT NULL,	`DBS_SERVER` VARCHAR(100) default '0' NOT NULL,	`DBS_DATABASE_NAME` VARCHAR(100) default '0' NOT NULL,	`DBS_USERNAME` VARCHAR(32) default '0' NOT NULL,	`DBS_PASSWORD` VARCHAR(256) default '',	`DBS_PORT` INTEGER default 0,	`DBS_ENCODE` VARCHAR(32) default '',	`DBS_CONNECTION_TYPE` VARCHAR(32) default 'NORMAL',	`DBS_TNS` VARCHAR(256) default '',	PRIMARY KEY (`DBS_UID`,`PRO_UID`),	KEY `indexDBSource`(`PRO_UID`))
CREATE TABLE `DASHBOARD_DAS_IND`(	`DAS_UID` VARCHAR(32) default '' NOT NULL,	`OWNER_UID` VARCHAR(32) default '' NOT NULL,	`OWNER_TYPE` VARCHAR(15) default '' NOT NULL,	PRIMARY KEY (`DAS_UID`,`OWNER_UID`),	CONSTRAINT `fk_dashboard_indicator_dashboard_das_ind`		FOREIGN KEY (`DAS_UID`)		REFERENCES `DASHBOARD` (`DAS_UID`))
CREATE TABLE `STEP_SUPERVISOR`(	`STEP_UID` VARCHAR(32) default '' NOT NULL,	`PRO_UID` VARCHAR(32) default '0' NOT NULL,	`STEP_TYPE_OBJ` VARCHAR(20) default 'DYNAFORM' NOT NULL,	`STEP_UID_OBJ` VARCHAR(32) default '0' NOT NULL,	`STEP_POSITION` INTEGER default 0 NOT NULL,	PRIMARY KEY (`STEP_UID`),	KEY `indexStepSupervisor`(`PRO_UID`, `STEP_TYPE_OBJ`, `STEP_UID_OBJ`))
CREATE TABLE oauth_authorization_codes (authorization_code TEXT, client_id TEXT, user_id TEXT, redirect_uri TEXT, expires TIMESTAMP, scope TEXT)
SELECT * FROM dynaForm.' . $Fields['XMLNODE_NAME'] . ' WHERE XMLNODE_NAME ="' . $lang . '"');
SELECT name FROM sys.databases WHERE name='%s' ) DROP DATABASE %s", $wf, $wf );
CREATE TABLE [DASHLET](	[DAS_UID] VARCHAR(32) default '' NOT NULL,	[DAS_CLASS] VARCHAR(50) default '' NOT NULL,	[DAS_TITLE] VARCHAR(255) default '' NOT NULL,	[DAS_DESCRIPTION] NVARCHAR(MAX) NULL,	[DAS_VERSION] VARCHAR(10) default '1.0' NOT NULL,	[DAS_CREATE_DATE] CHAR(19) NOT NULL,	[DAS_UPDATE_DATE] CHAR(19) NULL,	[DAS_STATUS] TINYINT default 1 NOT NULL,	CONSTRAINT DASHLET_PK PRIMARY KEY ([DAS_UID]))
CREATE TABLE `LICENSE_MANAGER`(	`LICENSE_UID` VARCHAR(32) NOT NULL,	`LICENSE_USER` VARCHAR(150) default '0' NOT NULL,	`LICENSE_START` INTEGER default 0 NOT NULL,	`LICENSE_END` INTEGER default 0 NOT NULL,	`LICENSE_SPAN` INTEGER default 0 NOT NULL,	`LICENSE_STATUS` VARCHAR(100) default '' NOT NULL,	`LICENSE_DATA` MEDIUMTEXT NOT NULL,	`LICENSE_PATH` VARCHAR(255) default '0' NOT NULL,	`LICENSE_WORKSPACE` VARCHAR(32) default '0' NOT NULL,	`LICENSE_TYPE` VARCHAR(32) default '0' NOT NULL,	PRIMARY KEY (`LICENSE_UID`))
INSERT INTO RBAC_ROLES_PERMISSIONS VALUES ('00000000000000000000000000000004', '00000000000000000000000000000018')
UPDATE inventory SET quantity = quantity - 3 WHERE item = pants
SELECT * FROM LEXICO WHERE LEX_TOPIC = 'LANGUAGE'" optionInsert="1
SELECT PUBLIC_KEY from %s WHERE CLIENT_ID=:client_id AND SUBJECT=:subject', $this->config['jwt_table']));
CREATE TABLE `STEP`(	`STEP_UID` VARCHAR(32) default '' NOT NULL,	`PRO_UID` VARCHAR(32) default '0' NOT NULL,	`TAS_UID` VARCHAR(32) default '0' NOT NULL,	`STEP_TYPE_OBJ` VARCHAR(20) default 'DYNAFORM' NOT NULL,	`STEP_UID_OBJ` VARCHAR(32) default '0' NOT NULL,	`STEP_CONDITION` MEDIUMTEXT NOT NULL,	`STEP_POSITION` INTEGER default 0 NOT NULL,	`STEP_MODE` VARCHAR(10) default 'EDIT',	PRIMARY KEY (`STEP_UID`))
SELECT usename FROM pg_user';
CREATE TABLE `CONTENT`(	`CON_CATEGORY` VARCHAR(30) default '' NOT NULL,	`CON_PARENT` VARCHAR(32) default '' NOT NULL,	`CON_ID` VARCHAR(100) default '' NOT NULL,	`CON_LANG` VARCHAR(10) default '' NOT NULL,	`CON_VALUE` MEDIUMTEXT NOT NULL,	PRIMARY KEY (`CON_CATEGORY`,`CON_PARENT`,`CON_ID`,`CON_LANG`), KEY `indexUidLang`(`CON_ID`, `CON_LANG`), KEY `indexCatParUidLang`(`CON_CATEGORY`, `CON_PARENT`, `CON_ID`, `CON_LANG`),	KEY `indexUid`(`CON_ID`, `CON_CATEGORY`, `CON_LANG`))
CREATE TABLE `TRIGGERS`(	`TRI_UID` VARCHAR(32) default '' NOT NULL,	`PRO_UID` VARCHAR(32) default '' NOT NULL,	`TRI_TYPE` VARCHAR(20) default 'SCRIPT' NOT NULL,	`TRI_WEBBOT` MEDIUMTEXT NOT NULL,	`TRI_PARAM` MEDIUMTEXT,	PRIMARY KEY (`TRI_UID`))
CREATE TABLE [GATEWAY](	[GAT_UID] VARCHAR(32) default '' NOT NULL,	[PRO_UID] VARCHAR(32) default '' NOT NULL,	[TAS_UID] VARCHAR(32) default '' NOT NULL,	[GAT_NEXT_TASK] VARCHAR(32) default '' NOT NULL,	[GAT_X] INT default 0 NOT NULL,	[GAT_Y] INT default 0 NOT NULL,	[GAT_TYPE] VARCHAR(32) default '' NOT NULL,	CONSTRAINT GATEWAY_PK PRIMARY KEY ([GAT_UID]))
select name from sysobjects where type = 'U' order by name
CREATE TABLE [DYNAFORM](	[DYN_UID] VARCHAR(32) default '' NOT NULL,	[PRO_UID] VARCHAR(32) default '0' NOT NULL,	[DYN_TYPE] VARCHAR(20) default 'xmlform' NOT NULL,	[DYN_FILENAME] VARCHAR(100) default '' NOT NULL,	CONSTRAINT DYNAFORM_PK PRIMARY KEY ([DYN_UID]))
CREATE TABLE `STEP_TRIGGER`(	`STEP_UID` VARCHAR(32) default '' NOT NULL,	`TAS_UID` VARCHAR(32) default '' NOT NULL,	`TRI_UID` VARCHAR(32) default '' NOT NULL,	`ST_TYPE` VARCHAR(20) default '' NOT NULL,	`ST_CONDITION` VARCHAR(255) default '' NOT NULL,	`ST_POSITION` INTEGER default 0 NOT NULL,	PRIMARY KEY (`STEP_UID`,`TAS_UID`,`TRI_UID`,`ST_TYPE`))
CREATE TABLE oauth_access_tokens (access_token TEXT, client_id TEXT, user_id TEXT, expires TIMESTAMP, scope TEXT)
CREATE TABLE `ADDONS_STORE`(	`STORE_ID` VARCHAR(32) NOT NULL,	`STORE_VERSION` INTEGER,	`STORE_LOCATION` VARCHAR(2048) NOT NULL,	`STORE_TYPE` VARCHAR(255) NOT NULL,	`STORE_LAST_UPDATED` DATETIME,	PRIMARY KEY (`STORE_ID`))
INSERT INTO RBAC_ROLES_PERMISSIONS VALUES ('00000000000000000000000000000004', '00000000000000000000000000000016')
INSERT INTO numbers VALUES (?, ?, ?)
CREATE TABLE `OAUTH_ACCESS_TOKENS`(	`ACCESS_TOKEN` VARCHAR(40) NOT NULL,	`CLIENT_ID` VARCHAR(80) NOT NULL,	`USER_ID` VARCHAR(32),	`EXPIRES` DATETIME NOT NULL,	`SCOPE` VARCHAR(2000),	PRIMARY KEY (`ACCESS_TOKEN`))
SELECT UID,CAPTION FROM TERRITORY WHERE TERRITORY="LOCATION" AND RELATION="' . $city . '"' );
CREATE TABLE `HOLIDAY`(	`HLD_UID` INTEGER NOT NULL AUTO_INCREMENT,	`HLD_DATE` VARCHAR(10) default '0000-00-00' NOT NULL,	`HLD_DESCRIPTION` VARCHAR(200) default '' NOT NULL,	PRIMARY KEY (`HLD_UID`))
CREATE TABLE oauth_authorization_codes (authorization_code TEXT, client_id TEXT, user_id TEXT, redirect_uri TEXT, expires DATETIME, scope TEXT)
select TAS_UID from TASK where TAS_ASSIGN_TYPE = 'SELF_SERVICE';
SELECT * from PROCESS_CATEGORY " sqlConnection="" menu="processCategory/processCategoryOptions
INSERT INTO RBAC_PERMISSIONS VALUES ('00000000000000000000000000000009','PM_SUPERVISOR','0000-00-00 00:00:00','0000-00-00 00:00:00',1,'00000000000000000000000000000002')
CREATE TABLE [PROCESS_CATEGORY](	[CATEGORY_UID] VARCHAR(32) default '' NOT NULL,	[CATEGORY_PARENT] VARCHAR(32) default '0' NOT NULL,	[CATEGORY_NAME] VARCHAR(100) default '' NOT NULL,	[CATEGORY_ICON] VARCHAR(100) default '' NULL,	CONSTRAINT PROCESS_CATEGORY_PK PRIMARY KEY ([CATEGORY_UID]))
SELECT * from APPLICATION
SELECT * FROM dynaForm' );
INSERT INTO RBAC_PERMISSIONS VALUES ('00000000000000000000000000000014','PM_EDITPERSONALINFO','2009-10-12 00:00:00','0000-00-00 00:00:00',1,'00000000000000000000000000000002')
CREATE TABLE `APP_HISTORY`(	`APP_UID` VARCHAR(32) default '' NOT NULL,	`DEL_INDEX` INTEGER default 0 NOT NULL,	`PRO_UID` VARCHAR(32) default '' NOT NULL,	`TAS_UID` VARCHAR(32) default '' NOT NULL,	`DYN_UID` VARCHAR(32) default '' NOT NULL,	`OBJ_TYPE` VARCHAR(20) default 'DYNAFORM' NOT NULL,	`USR_UID` VARCHAR(32) default '' NOT NULL,	`APP_STATUS` VARCHAR(100) default '' NOT NULL,	`HISTORY_DATE` DATETIME,	`HISTORY_DATA` MEDIUMTEXT NOT NULL,	KEY `indexAppHistory`(`APP_UID`, `TAS_UID`, `USR_UID`))
CREATE TABLE `NOTIFICATION_DEVICE`(	`DEV_UID` VARCHAR(32) default '' NOT NULL,	`USR_UID` VARCHAR(32) default '' NOT NULL,	`SYS_LANG` VARCHAR(10) default '',	`DEV_REG_ID` VARCHAR(150) default '' NOT NULL,	`DEV_TYPE` VARCHAR(50) default '' NOT NULL,	`DEV_CREATE` DATETIME NOT NULL,	`DEV_UPDATE` DATETIME NOT NULL,	PRIMARY KEY (`DEV_UID`,`USR_UID`),	KEY `indexUserNotification`(`USR_UID`))
UPDATE SEQUENCES SET SEQ_VALUE = $seqValue  WHERE SEQ_NAME = $seqName
INSERT INTO RBAC_PERMISSIONS VALUES ('00000000000000000000000000000017','PM_FOLDERS_ADD_FILE','2009-10-12 00:00:00','0000-00-00 00:00:00',1,'00000000000000000000000000000002')
SELECT name FROM sqlite_master WHERE type='table' 
CREATE TABLE [USERS_PROPERTIES](	[USR_UID] VARCHAR(32) default '' NOT NULL,	[USR_LAST_UPDATE_DATE] CHAR(19) NULL,	[USR_LOGGED_NEXT_TIME] INT default 0 NULL,	[USR_PASSWORD_HISTORY] NVARCHAR(MAX) NULL,	CONSTRAINT USERS_PROPERTIES_PK PRIMARY KEY ([USR_UID]))
None
SELECT * FROM `user` WHERE user='$dbUser' AND password=PASSWORD('{$dbPass}')
INSERT INTO RBAC_ROLES_PERMISSIONS VALUES ('00000000000000000000000000000002','00000000000000000000000000000012')
CREATE TABLE `DASHLET`(	`DAS_UID` VARCHAR(32) default '' NOT NULL,	`DAS_CLASS` VARCHAR(50) default '' NOT NULL,	`DAS_TITLE` VARCHAR(255) default '' NOT NULL,	`DAS_DESCRIPTION` MEDIUMTEXT,	`DAS_VERSION` VARCHAR(10) default '1.0' NOT NULL,	`DAS_CREATE_DATE` DATETIME NOT NULL,	`DAS_UPDATE_DATE` DATETIME,	`DAS_STATUS` TINYINT default 1 NOT NULL,	PRIMARY KEY (`DAS_UID`))
CREATE TABLE `EMAIL_SERVER`(	`MESS_UID` VARCHAR(32) default '' NOT NULL,	`MESS_ENGINE` VARCHAR(256) default '' NOT NULL,	`MESS_SERVER` VARCHAR(256) default '' NOT NULL,	`MESS_PORT` INTEGER default 0 NOT NULL,	`MESS_RAUTH` INTEGER default 0 NOT NULL,	`MESS_ACCOUNT` VARCHAR(256) default '' NOT NULL,	`MESS_PASSWORD` VARCHAR(256) default '' NOT NULL,	`MESS_FROM_MAIL` VARCHAR(256) default '',	`MESS_FROM_NAME` VARCHAR(256) default '',	`SMTPSECURE` VARCHAR(3) default 'No' NOT NULL,	`MESS_TRY_SEND_INMEDIATLY` INTEGER default 0 NOT NULL,	`MAIL_TO` VARCHAR(256) default '',	`MESS_DEFAULT` INTEGER default 0 NOT NULL,	PRIMARY KEY (`MESS_UID`))
SELECT * FROM {$args['table']};
CREATE TABLE `APP_SEQUENCE`(	`ID` INTEGER NOT NULL,	PRIMARY KEY (`ID`))
SELECT * FROM `information_schema`.`USER_PRIVILEGES` where (GRANTEE = \"'%s'@'%s'\" OR GRANTEE = \"'%s'@'%%'\") 
CREATE TABLE `STAGE`(	`STG_UID` VARCHAR(32) default '' NOT NULL,	`PRO_UID` VARCHAR(32) default '' NOT NULL,	`STG_POSX` INTEGER default 0 NOT NULL,	`STG_POSY` INTEGER default 0 NOT NULL,	`STG_INDEX` INTEGER default 0 NOT NULL,	PRIMARY KEY (`STG_UID`))
SELECT APP_UID FROM APPLICATION WHERE APP_STATUS='DRAFT'
CREATE TABLE [RBAC_USERS](	[USR_UID] VARCHAR(32) default '' NOT NULL,	[USR_USERNAME] VARCHAR(100) default '' NOT NULL,	[USR_PASSWORD] VARCHAR(32) default '' NOT NULL,	[USR_FIRSTNAME] VARCHAR(50) default '' NOT NULL,	[USR_LASTNAME] VARCHAR(50) default '' NOT NULL,	[USR_EMAIL] VARCHAR(100) default '' NOT NULL,	[USR_DUE_DATE] CHAR(19) default '0000-00-00' NOT NULL,	[USR_CREATE_DATE] CHAR(19) default '0000-00-00 00:00:00' NOT NULL,	[USR_UPDATE_DATE] CHAR(19) default '0000-00-00 00:00:00' NOT NULL,	[USR_STATUS] INT default 1 NOT NULL,	[USR_AUTH_TYPE] VARCHAR(32) default '' NOT NULL,	[UID_AUTH_SOURCE] VARCHAR(32) default '' NOT NULL,	[USR_AUTH_USER_DN] VARCHAR(MAX) NULL,	[USR_AUTH_SUPERVISOR_DN] VARCHAR(255) default '' NOT NULL,	CONSTRAINT RBAC_USERS_PK PRIMARY KEY ([USR_UID]))
CREATE TABLE [CASE_TRACKER_OBJECT](	[CTO_UID] VARCHAR(32) default '' NOT NULL,	[PRO_UID] VARCHAR(32) default '0' NOT NULL,	[CTO_TYPE_OBJ] VARCHAR(20) default 'DYNAFORM' NOT NULL,	[CTO_UID_OBJ] VARCHAR(32) default '0' NOT NULL,	[CTO_CONDITION] NVARCHAR(MAX) NOT NULL,	[CTO_POSITION] INT default 0 NOT NULL,	CONSTRAINT CASE_TRACKER_OBJECT_PK PRIMARY KEY ([CTO_UID]))
CREATE TABLE [RBAC_USERS_ROLES](	[USR_UID] VARCHAR(32) default '' NOT NULL,	[ROL_UID] VARCHAR(32) default '' NOT NULL,	CONSTRAINT RBAC_USERS_ROLES_PK PRIMARY KEY ([USR_UID],[ROL_UID]))
SELECT ROL_APPLICATION FROM USER_ROLE LEFT JOIN ROLE ON (ROL_UID = UID) WHERE ROL_UID = ' . $_SESSION['CURRENT_ROLE']);
SELECT * FROM {$this->database_table} WHERE id = ?
CREATE TABLE `EVENT`(	`EVN_UID` VARCHAR(32) default '' NOT NULL,	`PRO_UID` VARCHAR(32) default '' NOT NULL,	`EVN_STATUS` VARCHAR(16) default 'OPEN' NOT NULL,	`EVN_WHEN_OCCURS` VARCHAR(32) default 'SINGLE',	`EVN_RELATED_TO` VARCHAR(16) default 'SINGLE',	`TAS_UID` VARCHAR(32) default '' NOT NULL,	`EVN_TAS_UID_FROM` VARCHAR(32) default '',	`EVN_TAS_UID_TO` VARCHAR(32) default '',	`EVN_TAS_ESTIMATED_DURATION` DOUBLE default 0,	`EVN_TIME_UNIT` VARCHAR(10) default 'DAYS' NOT NULL,	`EVN_WHEN` DOUBLE default 0 NOT NULL,	`EVN_MAX_ATTEMPTS` TINYINT default 3 NOT NULL,	`EVN_ACTION` VARCHAR(50) default '' NOT NULL,	`EVN_CONDITIONS` MEDIUMTEXT,	`EVN_ACTION_PARAMETERS` MEDIUMTEXT,	`TRI_UID` VARCHAR(32) default '',	`EVN_POSX` INTEGER default 0 NOT NULL,	`EVN_POSY` INTEGER default 0 NOT NULL,	`EVN_TYPE` VARCHAR(32) default '',	`TAS_EVN_UID` VARCHAR(32) default '',	PRIMARY KEY (`EVN_UID`),	KEY `indexEventTable`(`EVN_UID`))
CREATE TABLE `BPMN_DIAGRAM`(	`DIA_UID` VARCHAR(32) default '' NOT NULL,	`PRJ_UID` VARCHAR(32) NOT NULL,	`DIA_NAME` VARCHAR(255),	`DIA_IS_CLOSABLE` TINYINT default 0,	PRIMARY KEY (`DIA_UID`),	KEY `BPMN_DIAGRAM_I_1`(`DIA_UID`),	KEY `BPMN_DIAGRAM_I_2`(`PRJ_UID`),	CONSTRAINT `fk_bpmn_diagram_project`		FOREIGN KEY (`PRJ_UID`)		REFERENCES `BPMN_PROJECT` (`PRJ_UID`))
select * from ISO_COUNTRY');
CREATE TABLE IF NOT EXISTS `STAGE` ( `STG_UID` VARCHAR( 32 ) NOT NULL , `PRO_UID` VARCHAR( 32 ) NOT NULL , `STG_POSX` INT( 11 ) NOT NULL DEFAULT '0', `STG_POSY` INT( 11 ) NOT NULL DEFAULT '0', `STG_INDEX` INT( 11 ) NOT NULL DEFAULT '0', PRIMARY KEY ( `STG_UID` ) )
INSERT INTO RBAC_ROLES_PERMISSIONS VALUES ('00000000000000000000000000000002','00000000000000000000000000000017')
CREATE TABLE [LANGUAGE](	[LAN_ID] VARCHAR(4) default '' NOT NULL,	[LAN_LOCATION] VARCHAR(4) default '' NOT NULL,	[LAN_NAME] VARCHAR(30) default '' NOT NULL,	[LAN_NATIVE_NAME] VARCHAR(30) default '' NOT NULL,	[LAN_DIRECTION] CHAR(1) default 'L' NOT NULL,	[LAN_WEIGHT] INT default 0 NOT NULL,	[LAN_ENABLED] CHAR(1) default '1' NOT NULL,	[LAN_CALENDAR] VARCHAR(30) default 'GREGORIAN' NOT NULL,	CONSTRAINT LANGUAGE_PK PRIMARY KEY ([LAN_ID]))
CREATE TABLE `LOG_CASES_SCHEDULER`(	`LOG_CASE_UID` VARCHAR(32) default '' NOT NULL,	`PRO_UID` VARCHAR(32) default '' NOT NULL,	`TAS_UID` VARCHAR(32) default '' NOT NULL,	`USR_NAME` VARCHAR(32) default '' NOT NULL,	`EXEC_DATE` DATE NOT NULL,	`EXEC_HOUR` VARCHAR(32) default '12:00' NOT NULL,	`RESULT` VARCHAR(32) default 'SUCCESS' NOT NULL,	`SCH_UID` VARCHAR(32) default 'OPEN' NOT NULL,	`WS_CREATE_CASE_STATUS` MEDIUMTEXT NOT NULL,	`WS_ROUTE_CASE_STATUS` MEDIUMTEXT NOT NULL,	PRIMARY KEY (`LOG_CASE_UID`))
CREATE TABLE `TRANSLATION`(	`TRN_CATEGORY` VARCHAR(100) default '' NOT NULL,	`TRN_ID` VARCHAR(100) default '' NOT NULL,	`TRN_LANG` VARCHAR(10) default 'en' NOT NULL,	`TRN_VALUE` MEDIUMTEXT NOT NULL,	`TRN_UPDATE_DATE` DATE,	PRIMARY KEY (`TRN_CATEGORY`,`TRN_ID`,`TRN_LANG`))
SELECT * FROM LEXICO WHERE LEX_TOPIC = 'LANGUAGE'" afterDeleteField="afterDeleteField();
INSERT INTO RBAC_PERMISSIONS VALUES ('00000000000000000000000000000013','PM_DELETECASE','2009-10-12 00:00:00','0000-00-00 00:00:00',0,'00000000000000000000000000000002')
CREATE TABLE `APP_EVENT`(	`APP_UID` VARCHAR(32) default '' NOT NULL,	`DEL_INDEX` INTEGER default 0 NOT NULL,	`EVN_UID` VARCHAR(32) default '' NOT NULL,	`APP_EVN_ACTION_DATE` DATETIME NOT NULL,	`APP_EVN_ATTEMPTS` TINYINT default 0 NOT NULL,	`APP_EVN_LAST_EXECUTION_DATE` DATETIME,	`APP_EVN_STATUS` VARCHAR(32) default 'OPEN' NOT NULL,	PRIMARY KEY (`APP_UID`,`DEL_INDEX`,`EVN_UID`))
CREATE TABLE [CONFIGURATION](	[CFG_UID] VARCHAR(32) default '' NOT NULL,	[OBJ_UID] VARCHAR(128) default '' NOT NULL,	[CFG_VALUE] NVARCHAR(MAX) NOT NULL,	[PRO_UID] VARCHAR(32) default '' NOT NULL,	[USR_UID] VARCHAR(32) default '' NOT NULL,	[APP_UID] VARCHAR(32) default '' NOT NULL,	CONSTRAINT CONFIGURATION_PK PRIMARY KEY ([CFG_UID],[OBJ_UID],[PRO_UID],[USR_UID],[APP_UID]))
SELECT name FROM sqlite_master WHERE type='table' UNION ALL SELECT name FROM sqlite_temp_master WHERE type='table' ORDER BY name;
CREATE TABLE `PRO_REPORTING`(	`PRO_UID` VARCHAR(32) NOT NULL,	`MONTH` INTEGER default 0 NOT NULL,	`YEAR` INTEGER default 0 NOT NULL,	`AVG_TIME` DECIMAL(7,2) default 0,	`SDV_TIME` DECIMAL(7,2) default 0,	`TOTAL_CASES_IN` DECIMAL(7,2) default 0,	`TOTAL_CASES_OUT` DECIMAL(7,2) default 0,	`CONFIGURED_PROCESS_TIME` DECIMAL(7,2) default 0,	`CONFIGURED_PROCESS_COST` DECIMAL(7,2) default 0,	`TOTAL_CASES_OPEN` DECIMAL(7,2) default 0,	`TOTAL_CASES_OVERDUE` DECIMAL(7,2) default 0,	`TOTAL_CASES_ON_TIME` DECIMAL(7,2) default 0,	`PRO_COST` DECIMAL(7,2) default 0,	`PRO_UNIT_COST` VARCHAR(50) default '',	PRIMARY KEY (`PRO_UID`,`MONTH`,`YEAR`))
select * from $table where (TRN_CATEGORY like '%$text%') or (TRN_ID like '%$text%') or (TRN_LANG like '%$text%') or (TRN_VALUE like '%$text%') ORDER BY TRN_CATEGORY ASC , TRN_ID ASC , TRN_LANG ASC 
CREATE TABLE `APP_THREAD`(	`APP_UID` VARCHAR(32) default '' NOT NULL,	`APP_THREAD_INDEX` INTEGER default 0 NOT NULL,	`APP_THREAD_PARENT` INTEGER default 0 NOT NULL,	`APP_THREAD_STATUS` VARCHAR(32) default 'OPEN' NOT NULL,	`DEL_INDEX` INTEGER default 0 NOT NULL,	PRIMARY KEY (`APP_UID`,`APP_THREAD_INDEX`))
INSERT INTO RBAC_PERMISSIONS VALUES ('00000000000000000000000000000007','PM_REASSIGNCASE','2008-05-02 18:16:29','2008-05-02 18:16:29',1,'00000000000000000000000000000002')
CREATE TABLE [RBAC_AUTHENTICATION_SOURCE](	[AUTH_SOURCE_UID] VARCHAR(32) default '' NOT NULL,	[AUTH_SOURCE_NAME] VARCHAR(50) default '' NOT NULL,	[AUTH_SOURCE_PROVIDER] VARCHAR(20) default '' NOT NULL,	[AUTH_SOURCE_SERVER_NAME] VARCHAR(50) default '' NOT NULL,	[AUTH_SOURCE_PORT] INT default 389 NULL,	[AUTH_SOURCE_ENABLED_TLS] INT default 0 NULL,	[AUTH_SOURCE_VERSION] VARCHAR(16) default '3' NOT NULL,	[AUTH_SOURCE_BASE_DN] VARCHAR(128) default '' NOT NULL,	[AUTH_ANONYMOUS] INT default 0 NULL,	[AUTH_SOURCE_SEARCH_USER] VARCHAR(128) default '' NOT NULL,	[AUTH_SOURCE_PASSWORD] VARCHAR(32) default '' NOT NULL,	[AUTH_SOURCE_ATTRIBUTES] VARCHAR(255) default '' NOT NULL,	[AUTH_SOURCE_OBJECT_CLASSES] VARCHAR(255) default '' NOT NULL,	[AUTH_SOURCE_DATA] TEXT NULL,	CONSTRAINT RBAC_AUTHENTICATION_SOURCE_PK PRIMARY KEY ([AUTH_SOURCE_UID]))
SELECT * from %s WHERE ACCESS_TOKEN = :access_token', $this->config['access_token_table']));
CREATE TABLE `SHADOW_TABLE`(	`SHD_UID` VARCHAR(32) default '' NOT NULL,	`ADD_TAB_UID` VARCHAR(32) default '' NOT NULL,	`SHD_ACTION` VARCHAR(10) default '' NOT NULL,	`SHD_DETAILS` MEDIUMTEXT NOT NULL,	`USR_UID` VARCHAR(32) default '' NOT NULL,	`APP_UID` VARCHAR(32) default '' NOT NULL,	`SHD_DATE` DATETIME,	PRIMARY KEY (`SHD_UID`),	KEY `indexShadowTable`(`SHD_UID`))
CREATE TABLE APP_ASSIGN_SELF_SERVICE_VALUE( APP_UID VARCHAR(32) NOT NULL, DEL_INDEX INT DEFAULT 0 NOT NULL, PRO_UID VARCHAR(32) NOT NULL, TAS_UID VARCHAR(32) NOT NULL, GRP_UID VARCHAR(32) DEFAULT '' NOT NULL)
SELECT USR_UID FROM RBAC_USERS WHERE USR_USERNAME = '" . $usr . "'
select * from DB_CONNECTION WHERE DBC_UID=
SELECT * FROM dynaForm WHERE NOT( XMLNODE_NAME = "" )' );
CREATE TABLE `BPMN_LANE`(	`LAN_UID` VARCHAR(32) default '' NOT NULL,	`PRJ_UID` VARCHAR(32) NOT NULL,	`LNS_UID` VARCHAR(32) NOT NULL,	`LAN_NAME` VARCHAR(255),	`LAN_CHILD_LANESET` VARCHAR(32),	`LAN_IS_HORIZONTAL` TINYINT default 1,	PRIMARY KEY (`LAN_UID`),	KEY `BPMN_LANE_I_1`(`LAN_UID`),	KEY `BPMN_LANE_I_2`(`PRJ_UID`),	KEY `BPMN_LANE_I_3`(`LNS_UID`),	CONSTRAINT `fk_bpmn_lane_project`		FOREIGN KEY (`PRJ_UID`)		REFERENCES `BPMN_PROJECT` (`PRJ_UID`))
INSERT INTO RBAC_PERMISSIONS VALUES ('00000000000000000000000000000004','PM_FACTORY','2007-08-03 12:24:36','2007-08-03 12:24:36',1,'00000000000000000000000000000002')
SELECT * FROM %s WHERE REFRESH_TOKEN = :refresh_token', $this->config['refresh_token_table']));
SELECT * from %s where authorization_code = :code', $this->config['code_table']));
CREATE TABLE `ABE_REQUESTS`(	`ABE_REQ_UID` VARCHAR(32) default '' NOT NULL,	`ABE_UID` VARCHAR(32) default '' NOT NULL,	`APP_UID` VARCHAR(32) default '' NOT NULL,	`DEL_INDEX` INTEGER default 0 NOT NULL,	`ABE_REQ_SENT_TO` VARCHAR(100) default '' NOT NULL,	`ABE_REQ_SUBJECT` VARCHAR(150) default '' NOT NULL,	`ABE_REQ_BODY` MEDIUMTEXT NOT NULL,	`ABE_REQ_DATE` DATETIME NOT NULL,	`ABE_REQ_STATUS` VARCHAR(10) default '',	`ABE_REQ_ANSWERED` TINYINT default 0 NOT NULL,	PRIMARY KEY (`ABE_REQ_UID`))
INSERT INTO user VALUES('$dbHostPerm','$dbUser',PASSWORD('{$dbPass}'),'Y','Y','N','N','N','N','N','N','N','N','N','N','N','N','N','N','N','N','N','N','N','N','N','N','N','N','','','','',0,0,0,0)
CREATE TABLE [CALENDAR_DEFINITION](	[CALENDAR_UID] VARCHAR(32) default '' NOT NULL,	[CALENDAR_NAME] VARCHAR(100) default '' NOT NULL,	[CALENDAR_CREATE_DATE] CHAR(19) NOT NULL,	[CALENDAR_UPDATE_DATE] CHAR(19) NULL,	[CALENDAR_WORK_DAYS] VARCHAR(100) default '' NOT NULL,	[CALENDAR_DESCRIPTION] NVARCHAR(MAX) NOT NULL,	[CALENDAR_STATUS] VARCHAR(8) default 'ACTIVE' NOT NULL,	CONSTRAINT CALENDAR_DEFINITION_PK PRIMARY KEY ([CALENDAR_UID]))
select code from database. {$err[0]}: {$err[1]}", E_USER_WARNING);
SELECT COUNT(*) FROM ('.$this->last_query.')';
CREATE TABLE [RBAC_PERMISSIONS](	[PER_UID] VARCHAR(32) default '' NOT NULL,	[PER_CODE] VARCHAR(64) default '' NOT NULL,	[PER_CREATE_DATE] CHAR(19) default '0000-00-00 00:00:00' NOT NULL,	[PER_UPDATE_DATE] CHAR(19) default '0000-00-00 00:00:00' NOT NULL,	[PER_STATUS] INT default 1 NOT NULL,	[PER_SYSTEM] VARCHAR(32) default '00000000000000000000000000000002' NOT NULL,	CONSTRAINT RBAC_PERMISSIONS_PK PRIMARY KEY ([PER_UID]))
CREATE TABLE `APP_FOLDER`(	`FOLDER_UID` VARCHAR(32) default '' NOT NULL,	`FOLDER_PARENT_UID` VARCHAR(32) default '' NOT NULL,	`FOLDER_NAME` MEDIUMTEXT NOT NULL,	`FOLDER_CREATE_DATE` DATETIME NOT NULL,	`FOLDER_UPDATE_DATE` DATETIME NOT NULL,	PRIMARY KEY (`FOLDER_UID`))
select count(*) from cicero_forum;
select id from sysobjects where xtype = 'U' and name = '%s') " . " and b.name = '%s' ";
SELECT * FROM `" . $aRow['REP_TAB_NAME'] . "` WHERE APP_UID = '" . $sApplicationUid . "'
CREATE TABLE [LOG_CASES_SCHEDULER](	[LOG_CASE_UID] VARCHAR(32) default '' NOT NULL,	[PRO_UID] VARCHAR(32) default '' NOT NULL,	[TAS_UID] VARCHAR(32) default '' NOT NULL,	[USR_NAME] VARCHAR(32) default '' NOT NULL,	[EXEC_DATE] CHAR(19) NOT NULL,	[EXEC_HOUR] VARCHAR(32) default '12:00' NOT NULL,	[RESULT] VARCHAR(32) default 'SUCCESS' NOT NULL,	[SCH_UID] VARCHAR(32) default 'OPEN' NOT NULL,	[WS_CREATE_CASE_STATUS] NVARCHAR(MAX) NOT NULL,	[WS_ROUTE_CASE_STATUS] NVARCHAR(MAX) NOT NULL,	CONSTRAINT LOG_CASES_SCHEDULER_PK PRIMARY KEY ([LOG_CASE_UID]))
CREATE TABLE `MESSAGE_APPLICATION`(	`MSGAPP_UID` VARCHAR(32) NOT NULL,	`APP_UID` VARCHAR(32) NOT NULL,	`PRJ_UID` VARCHAR(32) NOT NULL,	`EVN_UID_THROW` VARCHAR(32) NOT NULL,	`EVN_UID_CATCH` VARCHAR(32) NOT NULL,	`MSGAPP_VARIABLES` MEDIUMTEXT NOT NULL,	`MSGAPP_CORRELATION` VARCHAR(512) default '' NOT NULL,	`MSGAPP_THROW_DATE` DATETIME NOT NULL,	`MSGAPP_CATCH_DATE` DATETIME,	`MSGAPP_STATUS` VARCHAR(25) default 'UNREAD' NOT NULL,	PRIMARY KEY (`MSGAPP_UID`))
CREATE TABLE `OAUTH_REFRESH_TOKENS`(	`REFRESH_TOKEN` VARCHAR(40) NOT NULL,	`CLIENT_ID` VARCHAR(80) NOT NULL,	`USER_ID` VARCHAR(32),	`EXPIRES` DATETIME NOT NULL,	`SCOPE` VARCHAR(2000),	PRIMARY KEY (`REFRESH_TOKEN`))
UPDATE APP_CACHE_VIEW SET DEL_LAST_INDEX = 0  WHERE APP_UID = NEW
SELECT * FROM APP_MESSAGE WHERE APP_MSG_STATUS ='pending'
select * from services',NULL, DB_FETCHMODE_OBJECT );
CREATE TABLE `LIST_CANCELED`(	`APP_UID` VARCHAR(32) default '' NOT NULL,	`USR_UID` VARCHAR(32) default '' NOT NULL,	`TAS_UID` VARCHAR(32) default '' NOT NULL,	`PRO_UID` VARCHAR(32) default '' NOT NULL,	`APP_NUMBER` INTEGER default 0 NOT NULL,	`APP_TITLE` VARCHAR(255) default '',	`APP_PRO_TITLE` VARCHAR(255) default '',	`APP_TAS_TITLE` VARCHAR(255) default '',	`APP_CANCELED_DATE` DATETIME,	`DEL_INDEX` INTEGER default 0 NOT NULL,	`DEL_PREVIOUS_USR_UID` VARCHAR(32) default '',	`DEL_CURRENT_USR_USERNAME` VARCHAR(100) default '',	`DEL_CURRENT_USR_FIRSTNAME` VARCHAR(50) default '',	`DEL_CURRENT_USR_LASTNAME` VARCHAR(50) default '',	`DEL_DELEGATE_DATE` DATETIME NOT NULL,	`DEL_INIT_DATE` DATETIME,	`DEL_DUE_DATE` DATETIME,	`DEL_PRIORITY` VARCHAR(32) default '3' NOT NULL,	PRIMARY KEY (`APP_UID`),	KEY `indexCanceledUser`(`USR_UID`))
SELECT COUNT(id) FROM $table
SELECT CON_VALUE FROM CONTENT WHERE CON_ID = APPDELCR.TAS_UID AND CON_LANG = " . $delimiter . SYS_LANG . $delimiter . " AND CON_CATEGORY = " . $delimiter . "TAS_TITLE" . $delimiter . ")";
CREATE TABLE [APP_EVENT](	[APP_UID] VARCHAR(32) default '' NOT NULL,	[DEL_INDEX] INT default 0 NOT NULL,	[EVN_UID] VARCHAR(32) default '' NOT NULL,	[APP_EVN_ACTION_DATE] CHAR(19) NOT NULL,	[APP_EVN_ATTEMPTS] TINYINT default 0 NOT NULL,	[APP_EVN_LAST_EXECUTION_DATE] CHAR(19) NULL,	[APP_EVN_STATUS] VARCHAR(32) default 'OPEN' NOT NULL,	CONSTRAINT APP_EVENT_PK PRIMARY KEY ([APP_UID],[DEL_INDEX],[EVN_UID]))
SELECT ns, name, value FROM properties WHERE path = '$path'
SELECT * FROM sqlite_master;';
INSERT INTO RBAC_ROLES_PERMISSIONS VALUES ('00000000000000000000000000000002','00000000000000000000000000000010')
CREATE TABLE `DIM_TIME_COMPLETE`(	`TIME_ID` VARCHAR(10) default '' NOT NULL,	`MONTH_ID` INTEGER default 0 NOT NULL,	`QTR_ID` INTEGER default 0 NOT NULL,	`YEAR_ID` INTEGER default 0 NOT NULL,	`MONTH_NAME` VARCHAR(3) default '0' NOT NULL,	`MONTH_DESC` VARCHAR(9) default '' NOT NULL,	`QTR_NAME` VARCHAR(4) default '' NOT NULL,	`QTR_DESC` VARCHAR(9) default '' NOT NULL,	PRIMARY KEY (`TIME_ID`))
CREATE TABLE results ( id int(11) NOT NULL auto_increment, client varchar(100) NOT NULL default '0', endpoint int(11) NOT NULL default '0', stamp int(11) NOT NULL default '0', class varchar(50) NOT NULL default '', type varchar(10) default NULL, wsdl int(11) NOT NULL default '0', function varchar(255) NOT NULL default '', result varchar(25) NOT NULL default '', error text, wire text NOT NULL, PRIMARY KEY (id))
SELECT * FROM information_schema.processlist WHERE user = SUBSTRING_INDEX(USER(),'@',1) and db = DATABASE() and time > 0 ORDER BY id;
CREATE TABLE `CASE_TRACKER`(	`PRO_UID` VARCHAR(32) default '0' NOT NULL,	`CT_MAP_TYPE` VARCHAR(10) default '0' NOT NULL,	`CT_DERIVATION_HISTORY` INTEGER default 0 NOT NULL,	`CT_MESSAGE_HISTORY` INTEGER default 0 NOT NULL,	PRIMARY KEY (`PRO_UID`))
CREATE TABLE `CALENDAR_BUSINESS_HOURS`(	`CALENDAR_UID` VARCHAR(32) default '' NOT NULL,	`CALENDAR_BUSINESS_DAY` VARCHAR(10) default '' NOT NULL,	`CALENDAR_BUSINESS_START` VARCHAR(10) default '' NOT NULL,	`CALENDAR_BUSINESS_END` VARCHAR(10) default '' NOT NULL,	PRIMARY KEY (`CALENDAR_UID`,`CALENDAR_BUSINESS_DAY`,`CALENDAR_BUSINESS_START`,`CALENDAR_BUSINESS_END`))
INSERT INTO RBAC_PERMISSIONS VALUES ('00000000000000000000000000000003','PM_USERS','2007-08-03 12:24:36','2007-08-03 12:24:36',1,'00000000000000000000000000000002')
SELECT * FROM $result LIMIT 0
CREATE TABLE `SEQUENCES`(	`SEQ_NAME` VARCHAR(50) default '' NOT NULL,	`SEQ_VALUE` INTEGER default 0 NOT NULL,	PRIMARY KEY (`SEQ_NAME`))
CREATE TABLE `BPMN_DATA`(	`DAT_UID` VARCHAR(32) default '' NOT NULL,	`PRJ_UID` VARCHAR(32) NOT NULL,	`PRO_UID` VARCHAR(32) default '',	`DAT_NAME` VARCHAR(255),	`DAT_TYPE` VARCHAR(20) NOT NULL,	`DAT_IS_COLLECTION` TINYINT default 0,	`DAT_ITEM_KIND` VARCHAR(20) default 'INFORMATION' NOT NULL,	`DAT_CAPACITY` INTEGER default 0,	`DAT_IS_UNLIMITED` TINYINT default 0,	`DAT_STATE` VARCHAR(255) default '',	`DAT_IS_GLOBAL` TINYINT default 0,	`DAT_OBJECT_REF` VARCHAR(32) default '',	PRIMARY KEY (`DAT_UID`),	KEY `BPMN_DATA_I_1`(`DAT_UID`),	KEY `BPMN_DATA_I_2`(`PRJ_UID`),	KEY `BPMN_DATA_I_3`(`PRO_UID`),	CONSTRAINT `fk_bpmn_data_process`		FOREIGN KEY (`PRO_UID`)		REFERENCES `BPMN_PROCESS` (`PRO_UID`),	CONSTRAINT `fk_bpmn_data_project`		FOREIGN KEY (`PRJ_UID`)		REFERENCES `BPMN_PROJECT` (`PRJ_UID`))
INSERT INTO RBAC_ROLES VALUES ('00000000000000000000000000000001','','00000000000000000000000000000001','RBAC_ADMIN','2007-07-31 19:10:22','2007-08-03 12:24:36',1)
INSERT INTO RBAC_ROLES_PERMISSIONS VALUES ('00000000000000000000000000000004', '00000000000000000000000000000014')
CREATE TABLE [FIELD_CONDITION](	[FCD_UID] VARCHAR(32) default '' NOT NULL,	[FCD_FUNCTION] VARCHAR(50) NOT NULL,	[FCD_FIELDS] NVARCHAR(MAX) NULL,	[FCD_CONDITION] NVARCHAR(MAX) NULL,	[FCD_EVENTS] NVARCHAR(MAX) NULL,	[FCD_EVENT_OWNERS] NVARCHAR(MAX) NULL,	[FCD_STATUS] VARCHAR(10) NULL,	[FCD_DYN_UID] VARCHAR(32) NOT NULL,	CONSTRAINT FIELD_CONDITION_PK PRIMARY KEY ([FCD_UID]))
CREATE TABLE `APP_DELAY`(	`APP_DELAY_UID` VARCHAR(32) default '' NOT NULL,	`PRO_UID` VARCHAR(32) default '0' NOT NULL,	`APP_UID` VARCHAR(32) default '0' NOT NULL,	`APP_THREAD_INDEX` INTEGER default 0 NOT NULL,	`APP_DEL_INDEX` INTEGER default 0 NOT NULL,	`APP_TYPE` VARCHAR(20) default '0' NOT NULL,	`APP_STATUS` VARCHAR(20) default '0' NOT NULL,	`APP_NEXT_TASK` VARCHAR(32) default '0',	`APP_DELEGATION_USER` VARCHAR(32) default '0',	`APP_ENABLE_ACTION_USER` VARCHAR(32) default '0' NOT NULL,	`APP_ENABLE_ACTION_DATE` DATETIME NOT NULL,	`APP_DISABLE_ACTION_USER` VARCHAR(32) default '0',	`APP_DISABLE_ACTION_DATE` DATETIME,	`APP_AUTOMATIC_DISABLED_DATE` DATETIME,	PRIMARY KEY (`APP_DELAY_UID`),	KEY `indexAppDelay`(`PRO_UID`, `APP_UID`, `APP_THREAD_INDEX`, `APP_DEL_INDEX`, `APP_NEXT_TASK`, `APP_DELEGATION_USER`, `APP_DISABLE_ACTION_USER`),	KEY `indexAppUid`(`APP_UID`))
SELECT UID, USR_USE_LDAP FROM USERS where UID = ' . $uid;
CREATE TABLE `PROCESS_VARIABLES`(	`VAR_UID` VARCHAR(32) NOT NULL,	`PRJ_UID` VARCHAR(32) NOT NULL,	`VAR_NAME` VARCHAR(255) default '',	`VAR_FIELD_TYPE` VARCHAR(32) default '',	`VAR_FIELD_SIZE` INTEGER,	`VAR_LABEL` VARCHAR(255) default '',	`VAR_DBCONNECTION` VARCHAR(32),	`VAR_SQL` MEDIUMTEXT,	`VAR_NULL` TINYINT(32) default 0,	`VAR_DEFAULT` VARCHAR(32) default '',	`VAR_ACCEPTED_VALUES` MEDIUMTEXT,	`INP_DOC_UID` VARCHAR(32) default '',	PRIMARY KEY (`VAR_UID`))
CREATE TABLE ' . $seqname . ' (id INTEGER UNSIGNED PRIMARY KEY)
CREATE TABLE [DIM_TIME_COMPLETE](	[TIME_ID] VARCHAR(10) default '' NOT NULL,	[MONTH_ID] INT default 0 NOT NULL,	[QTR_ID] INT default 0 NOT NULL,	[YEAR_ID] INT default 0 NOT NULL,	[MONTH_NAME] VARCHAR(3) default '0' NOT NULL,	[MONTH_DESC] VARCHAR(9) default '' NOT NULL,	[QTR_NAME] VARCHAR(4) default '' NOT NULL,	[QTR_DESC] VARCHAR(9) default '' NOT NULL,	CONSTRAINT DIM_TIME_COMPLETE_PK PRIMARY KEY ([TIME_ID]))
CREATE TABLE `CASE_TRACKER_OBJECT`(	`CTO_UID` VARCHAR(32) default '' NOT NULL,	`PRO_UID` VARCHAR(32) default '0' NOT NULL,	`CTO_TYPE_OBJ` VARCHAR(20) default 'DYNAFORM' NOT NULL,	`CTO_UID_OBJ` VARCHAR(32) default '0' NOT NULL,	`CTO_CONDITION` MEDIUMTEXT NOT NULL,	`CTO_POSITION` INTEGER default 0 NOT NULL,	PRIMARY KEY (`CTO_UID`),	KEY `indexCaseTrackerObject`(`PRO_UID`, `CTO_UID_OBJ`))
CREATE TABLE [APP_NOTES](	[APP_UID] VARCHAR(32) default '' NOT NULL,	[USR_UID] VARCHAR(32) default '' NOT NULL,	[NOTE_DATE] CHAR(19) NOT NULL,	[NOTE_CONTENT] NVARCHAR(MAX) NOT NULL,	[NOTE_TYPE] VARCHAR(32) default 'USER' NOT NULL,	[NOTE_AVAILABILITY] VARCHAR(32) default 'PUBLIC' NOT NULL,	[NOTE_ORIGIN_OBJ] VARCHAR(32) default '' NULL,	[NOTE_AFFECTED_OBJ1] VARCHAR(32) default '' NULL,	[NOTE_AFFECTED_OBJ2] VARCHAR(32) default '' NOT NULL,	[NOTE_RECIPIENTS] NVARCHAR(MAX) NULL)
CREATE TABLE `ADDITIONAL_TABLES`(	`ADD_TAB_UID` VARCHAR(32) default '' NOT NULL,	`ADD_TAB_NAME` VARCHAR(60) default '' NOT NULL,	`ADD_TAB_CLASS_NAME` VARCHAR(100) default '' NOT NULL,	`ADD_TAB_DESCRIPTION` MEDIUMTEXT,	`ADD_TAB_SDW_LOG_INSERT` TINYINT default 0,	`ADD_TAB_SDW_LOG_UPDATE` TINYINT default 0,	`ADD_TAB_SDW_LOG_DELETE` TINYINT default 0,	`ADD_TAB_SDW_LOG_SELECT` TINYINT default 0,	`ADD_TAB_SDW_MAX_LENGTH` INTEGER default 0,	`ADD_TAB_SDW_AUTO_DELETE` TINYINT default 0,	`ADD_TAB_PLG_UID` VARCHAR(32) default '',	`DBS_UID` VARCHAR(32) default '',	`PRO_UID` VARCHAR(32) default '',	`ADD_TAB_TYPE` VARCHAR(32) default '',	`ADD_TAB_GRID` VARCHAR(256) default '',	`ADD_TAB_TAG` VARCHAR(256) default '',	PRIMARY KEY (`ADD_TAB_UID`))
CREATE TABLE `APP_TIMEOUT_ACTION_EXECUTED`(	`APP_UID` VARCHAR(32) default '' NOT NULL,	`DEL_INDEX` INTEGER default 0 NOT NULL,	`EXECUTION_DATE` DATETIME,	PRIMARY KEY (`APP_UID`))
SELECT * FROM $table
CREATE TABLE WEB_ENTRY( WE_UID VARCHAR(32) NOT NULL, PRO_UID VARCHAR(32) NOT NULL, TAS_UID VARCHAR(32) NOT NULL, DYN_UID VARCHAR(32) NOT NULL, USR_UID VARCHAR(32) DEFAULT '', WE_METHOD VARCHAR(4) DEFAULT 'HTML', WE_INPUT_DOCUMENT_ACCESS INT DEFAULT 0, WE_DATA NVARCHAR(MAX), WE_CREATE_USR_UID VARCHAR(32) DEFAULT '' NOT NULL, WE_UPDATE_USR_UID VARCHAR(32) DEFAULT '', WE_CREATE_DATE CHAR(19) NOT NULL, WE_UPDATE_DATE CHAR(19), CONSTRAINT WEB_ENTRY_PK PRIMARY KEY (WE_UID))
SELECT COUNT(*) FROM REPORT_TABLE' ) || ($bExists = false);
CREATE TABLE `APP_ASSIGN_SELF_SERVICE_VALUE`(	`APP_UID` VARCHAR(32) NOT NULL,	`DEL_INDEX` INTEGER default 0 NOT NULL,	`PRO_UID` VARCHAR(32) NOT NULL,	`TAS_UID` VARCHAR(32) NOT NULL,	`GRP_UID` MEDIUMTEXT NOT NULL)
CREATE TABLE `APP_MESSAGE`(	`APP_MSG_UID` VARCHAR(32) NOT NULL,	`MSG_UID` VARCHAR(32),	`APP_UID` VARCHAR(32) default '' NOT NULL,	`DEL_INDEX` INTEGER default 0 NOT NULL,	`APP_MSG_TYPE` VARCHAR(100) default '' NOT NULL,	`APP_MSG_SUBJECT` VARCHAR(150) default '' NOT NULL,	`APP_MSG_FROM` VARCHAR(100) default '' NOT NULL,	`APP_MSG_TO` MEDIUMTEXT NOT NULL,	`APP_MSG_BODY` MEDIUMTEXT NOT NULL,	`APP_MSG_DATE` DATETIME NOT NULL,	`APP_MSG_CC` MEDIUMTEXT,	`APP_MSG_BCC` MEDIUMTEXT,	`APP_MSG_TEMPLATE` MEDIUMTEXT,	`APP_MSG_STATUS` VARCHAR(20),	`APP_MSG_ATTACH` MEDIUMTEXT,	`APP_MSG_SEND_DATE` DATETIME NOT NULL,	`APP_MSG_SHOW_MESSAGE` TINYINT default 1 NOT NULL,	`APP_MSG_ERROR` MEDIUMTEXT,	PRIMARY KEY (`APP_MSG_UID`))
UPDATE APP_CACHE_VIEW SET APP_FINISH_DATE = NEW WHERE APP_UID = NEW
CREATE TABLE oauth_clients (client_id TEXT, client_secret TEXT, redirect_uri TEXT, grant_types TEXT)
SELECT * FROM dynaForm WHERE NOT( XMLNODE_NAME = "" ) AND TYPE <> "pmconnection"');
SELECT UID, PRM_CODE, PRM_DESCRIPTION from PERMISSION WHERE PRM_APPLICATION = $appid AND PRM_PARENT = 
CREATE TABLE [ISO_LOCATION](	[IC_UID] VARCHAR(2) default '' NOT NULL,	[IL_UID] VARCHAR(5) default '' NOT NULL,	[IL_NAME] VARCHAR(255) NULL,	[IL_NORMAL_NAME] VARCHAR(255) NULL,	[IS_UID] VARCHAR(4) NULL,	CONSTRAINT ISO_LOCATION_PK PRIMARY KEY ([IC_UID],[IL_UID]))
CREATE TABLE WEB_ENTRY( WE_UID VARCHAR2(32) NOT NULL, PRO_UID VARCHAR2(32) NOT NULL, TAS_UID VARCHAR2(32) NOT NULL, DYN_UID VARCHAR2(32) NOT NULL, USR_UID VARCHAR2(32) DEFAULT '', WE_METHOD VARCHAR2(4) DEFAULT 'HTML', WE_INPUT_DOCUMENT_ACCESS NUMBER DEFAULT 0, WE_DATA VARCHAR2(2000), WE_CREATE_USR_UID VARCHAR2(32) DEFAULT '' NOT NULL, WE_UPDATE_USR_UID VARCHAR2(32) DEFAULT '', WE_CREATE_DATE DATE NOT NULL, WE_UPDATE_DATE DATE)
CREATE TABLE [RBAC_ROLES](	[ROL_UID] VARCHAR(32) default '' NOT NULL,	[ROL_PARENT] VARCHAR(32) default '' NOT NULL,	[ROL_SYSTEM] VARCHAR(32) default '' NOT NULL,	[ROL_CODE] VARCHAR(32) default '' NOT NULL,	[ROL_CREATE_DATE] CHAR(19) default '0000-00-00 00:00:00' NOT NULL,	[ROL_UPDATE_DATE] CHAR(19) default '0000-00-00 00:00:00' NOT NULL,	[ROL_STATUS] INT default 1 NOT NULL,	CONSTRAINT RBAC_ROLES_PK PRIMARY KEY ([ROL_UID]))
CREATE TABLE [SUB_PROCESS](	[SP_UID] VARCHAR(32) default '' NOT NULL,	[PRO_UID] VARCHAR(32) default '' NOT NULL,	[TAS_UID] VARCHAR(32) default '' NOT NULL,	[PRO_PARENT] VARCHAR(32) default '' NOT NULL,	[TAS_PARENT] VARCHAR(32) default '' NOT NULL,	[SP_TYPE] VARCHAR(20) default '' NOT NULL,	[SP_SYNCHRONOUS] INT default 0 NOT NULL,	[SP_SYNCHRONOUS_TYPE] VARCHAR(20) default '' NOT NULL,	[SP_SYNCHRONOUS_WAIT] INT default 0 NOT NULL,	[SP_VARIABLES_OUT] NVARCHAR(MAX) NOT NULL,	[SP_VARIABLES_IN] NVARCHAR(MAX) NULL,	[SP_GRID_IN] VARCHAR(50) default '' NOT NULL,	CONSTRAINT SUB_PROCESS_PK PRIMARY KEY ([SP_UID]))
CREATE TABLE `RBAC_ROLES_PERMISSIONS`(	`ROL_UID` VARCHAR(32) default '' NOT NULL,	`PER_UID` VARCHAR(32) default '' NOT NULL,	PRIMARY KEY (`ROL_UID`,`PER_UID`))
CREATE TABLE `PROCESS_OWNER`(	`OWN_UID` VARCHAR(32) default '' NOT NULL,	`PRO_UID` VARCHAR(32) default '' NOT NULL,	PRIMARY KEY (`OWN_UID`,`PRO_UID`))
UPDATE APP_THREAD SET APP_THREAD_STATUS = OPEN  WHERE APP_UID = $sApplicationUID
CREATE TABLE [INPUT_DOCUMENT](	[INP_DOC_UID] VARCHAR(32) default '' NOT NULL,	[PRO_UID] VARCHAR(32) default '0' NOT NULL,	[INP_DOC_FORM_NEEDED] VARCHAR(20) default 'REAL' NOT NULL,	[INP_DOC_ORIGINAL] VARCHAR(20) default 'COPY' NOT NULL,	[INP_DOC_PUBLISHED] VARCHAR(20) default 'PRIVATE' NOT NULL,	[INP_DOC_VERSIONING] TINYINT default 0 NOT NULL,	[INP_DOC_DESTINATION_PATH] NVARCHAR(MAX) NULL,	[INP_DOC_TAGS] NVARCHAR(MAX) NULL, [INP_DOC_MAX_FILESIZE] INT default 0 NOT NULL,	[INP_DOC_MAX_FILESIZE_UNIT] VARCHAR(2) default 'KB' NOT NULL,	CONSTRAINT INPUT_DOCUMENT_PK PRIMARY KEY ([INP_DOC_UID]))
SELECT * FROM (
CREATE TABLE [PROCESS_USER](	[PU_UID] VARCHAR(32) default '' NOT NULL,	[PRO_UID] VARCHAR(32) default '' NOT NULL,	[USR_UID] VARCHAR(32) default '' NOT NULL,	[PU_TYPE] VARCHAR(20) default '' NOT NULL,	CONSTRAINT PROCESS_USER_PK PRIMARY KEY ([PU_UID]))
CREATE TABLE [EVENT](	[EVN_UID] VARCHAR(32) default '' NOT NULL,	[PRO_UID] VARCHAR(32) default '' NOT NULL,	[EVN_STATUS] VARCHAR(16) default 'OPEN' NOT NULL,	[EVN_WHEN_OCCURS] VARCHAR(32) default 'SINGLE' NULL,	[EVN_RELATED_TO] VARCHAR(16) default 'SINGLE' NULL,	[TAS_UID] VARCHAR(32) default '' NOT NULL,	[EVN_TAS_UID_FROM] VARCHAR(32) default '' NULL,	[EVN_TAS_UID_TO] VARCHAR(32) default '' NULL,	[EVN_TAS_ESTIMATED_DURATION] FLOAT default 0 NULL,	[EVN_TIME_UNIT] VARCHAR(10) default 'DAYS' NOT NULL,	[EVN_WHEN] FLOAT default 0 NOT NULL,	[EVN_MAX_ATTEMPTS] TINYINT default 3 NOT NULL,	[EVN_ACTION] VARCHAR(50) default '' NOT NULL,	[EVN_CONDITIONS] NVARCHAR(MAX) NULL,	[EVN_ACTION_PARAMETERS] NVARCHAR(MAX) NULL,	[TRI_UID] VARCHAR(32) default '' NULL,	[EVN_POSX] INT default 0 NOT NULL,	[EVN_POSY] INT default 0 NOT NULL,	[EVN_TYPE] VARCHAR(32) default '' NULL,	[TAS_EVN_UID] VARCHAR(32) default '' NULL,	CONSTRAINT EVENT_PK PRIMARY KEY ([EVN_UID]))
CREATE TABLE `LANGUAGE` ( `LAN_ID` varchar(4) NOT NULL default '', `LAN_NAME` varchar(30) NOT NULL default '', `LAN_NATIVE_NAME` varchar(30) NOT NULL default '', `LAN_DIRECTION` char(1) NOT NULL default 'L', `LAN_WEIGHT` int(11) NOT NULL default '0', `LAN_ENABLED` char(1) NOT NULL default '1', `LAN_CALENDAR` varchar(30) NOT NULL default 'GREGORIAN', PRIMARY KEY (`LAN_ID`))
INSERT INTO RBAC_SYSTEMS VALUES ('00000000000000000000000000000001','RBAC','2007-07-31 19:10:22','2007-08-03 12:24:36',1)
select * from sys.databases where name = '%s' 
SELECT * FROM authors WHERE id = :id');
CREATE TABLE `CALENDAR_DEFINITION`(	`CALENDAR_UID` VARCHAR(32) default '' NOT NULL,	`CALENDAR_NAME` VARCHAR(100) default '' NOT NULL,	`CALENDAR_CREATE_DATE` DATETIME NOT NULL,	`CALENDAR_UPDATE_DATE` DATETIME,	`CALENDAR_WORK_DAYS` VARCHAR(100) default '' NOT NULL,	`CALENDAR_DESCRIPTION` MEDIUMTEXT NOT NULL,	`CALENDAR_STATUS` VARCHAR(8) default 'ACTIVE' NOT NULL,	PRIMARY KEY (`CALENDAR_UID`))
CREATE TABLE `OAUTH_CLIENTS`(	`CLIENT_ID` VARCHAR(80) NOT NULL,	`CLIENT_SECRET` VARCHAR(80) NOT NULL,	`CLIENT_NAME` VARCHAR(256) NOT NULL,	`CLIENT_DESCRIPTION` VARCHAR(1024) NOT NULL,	`CLIENT_WEBSITE` VARCHAR(1024) NOT NULL,	`REDIRECT_URI` VARCHAR(2000) NOT NULL,	`USR_UID` VARCHAR(32) NOT NULL,	PRIMARY KEY (`CLIENT_ID`))
CREATE TABLE [STAGE](	[STG_UID] VARCHAR(32) default '' NOT NULL,	[PRO_UID] VARCHAR(32) default '' NOT NULL,	[STG_POSX] INT default 0 NOT NULL,	[STG_POSY] INT default 0 NOT NULL,	[STG_INDEX] INT default 0 NOT NULL,	CONSTRAINT STAGE_PK PRIMARY KEY ([STG_UID]))
CREATE TABLE [STEP](	[STEP_UID] VARCHAR(32) default '' NOT NULL,	[PRO_UID] VARCHAR(32) default '0' NOT NULL,	[TAS_UID] VARCHAR(32) default '0' NOT NULL,	[STEP_TYPE_OBJ] VARCHAR(20) default 'DYNAFORM' NOT NULL,	[STEP_UID_OBJ] VARCHAR(32) default '0' NOT NULL,	[STEP_CONDITION] NVARCHAR(MAX) NOT NULL,	[STEP_POSITION] INT default 0 NOT NULL,	[STEP_MODE] VARCHAR(10) default 'EDIT' NULL,	CONSTRAINT STEP_PK PRIMARY KEY ([STEP_UID]))
CREATE TABLE `DASHLET_INSTANCE`(	`DAS_INS_UID` VARCHAR(32) default '' NOT NULL,	`DAS_UID` VARCHAR(32) default '' NOT NULL,	`DAS_INS_OWNER_TYPE` VARCHAR(20) default '' NOT NULL,	`DAS_INS_OWNER_UID` VARCHAR(32) default '',	`DAS_INS_ADDITIONAL_PROPERTIES` MEDIUMTEXT,	`DAS_INS_CREATE_DATE` DATETIME NOT NULL,	`DAS_INS_UPDATE_DATE` DATETIME,	`DAS_INS_STATUS` TINYINT default 1 NOT NULL,	PRIMARY KEY (`DAS_INS_UID`))
SELECT COUNT(*) FROM ('.$this->last_query.')');
CREATE TABLE `RBAC_USERS`(	`USR_UID` VARCHAR(32) default '' NOT NULL,	`USR_USERNAME` VARCHAR(100) default '' NOT NULL,	`USR_PASSWORD` VARCHAR(128) default '' NOT NULL,	`USR_FIRSTNAME` VARCHAR(50) default '' NOT NULL,	`USR_LASTNAME` VARCHAR(50) default '' NOT NULL,	`USR_EMAIL` VARCHAR(100) default '' NOT NULL,	`USR_DUE_DATE` DATE NOT NULL,	`USR_CREATE_DATE` DATETIME,	`USR_UPDATE_DATE` DATETIME,	`USR_STATUS` INTEGER default 1 NOT NULL,	`USR_AUTH_TYPE` VARCHAR(32) default '' NOT NULL,	`UID_AUTH_SOURCE` VARCHAR(32) default '' NOT NULL,	`USR_AUTH_USER_DN` VARCHAR(255) default '' NOT NULL,	`USR_AUTH_SUPERVISOR_DN` VARCHAR(255) default '' NOT NULL,	PRIMARY KEY (`USR_UID`))
INSERT INTO RBAC_ROLES VALUES ('00000000000000000000000000000004','','00000000000000000000000000000002','PROCESSMAKER_MANAGER', '2010-03-29 09:14:15', '2010-03-29 09:19:53', 1)
CREATE TABLE `BPMN_BOUND`(	`BOU_UID` VARCHAR(32) default '' NOT NULL,	`PRJ_UID` VARCHAR(32) default '' NOT NULL,	`DIA_UID` VARCHAR(32) default '' NOT NULL,	`ELEMENT_UID` VARCHAR(32) default '',	`BOU_ELEMENT` VARCHAR(32) default '' NOT NULL,	`BOU_ELEMENT_TYPE` VARCHAR(32) default '' NOT NULL,	`BOU_X` INTEGER default 0 NOT NULL,	`BOU_Y` INTEGER default 0 NOT NULL,	`BOU_WIDTH` INTEGER default 0 NOT NULL,	`BOU_HEIGHT` INTEGER default 0 NOT NULL,	`BOU_REL_POSITION` INTEGER default 0,	`BOU_SIZE_IDENTICAL` INTEGER default 0,	`BOU_CONTAINER` VARCHAR(30) default '',	PRIMARY KEY (`BOU_UID`),	KEY `BPMN_BOUND_I_1`(`BOU_UID`),	KEY `BPMN_BOUND_I_2`(`PRJ_UID`),	KEY `BPMN_BOUND_I_3`(`DIA_UID`),	CONSTRAINT `fk_bpmn_bound_project`		FOREIGN KEY (`PRJ_UID`)		REFERENCES `BPMN_PROJECT` (`PRJ_UID`),	CONSTRAINT `fk_bpmn_bound_diagram`		FOREIGN KEY (`DIA_UID`)		REFERENCES `BPMN_DIAGRAM` (`DIA_UID`))
CREATE TABLE `CASE_CONSOLIDATED`(	`TAS_UID` VARCHAR(32) default '' NOT NULL,	`DYN_UID` VARCHAR(32) default '' NOT NULL,	`REP_TAB_UID` VARCHAR(32) default '' NOT NULL,	`CON_STATUS` VARCHAR(20) default 'ACTIVE' NOT NULL,	PRIMARY KEY (`TAS_UID`))
SELECT * FROM %s WHERE %s
CREATE TABLE `REPORT_VAR`(	`REP_VAR_UID` VARCHAR(32) default '' NOT NULL,	`PRO_UID` VARCHAR(32) default '' NOT NULL,	`REP_TAB_UID` VARCHAR(32) default '' NOT NULL,	`REP_VAR_NAME` VARCHAR(255) default '' NOT NULL,	`REP_VAR_TYPE` VARCHAR(20) default '' NOT NULL,	PRIMARY KEY (`REP_VAR_UID`))
CREATE TABLE `LANGUAGE`(	`LAN_ID` VARCHAR(4) default '' NOT NULL,	`LAN_LOCATION` VARCHAR(4) default '' NOT NULL,	`LAN_NAME` VARCHAR(30) default '' NOT NULL,	`LAN_NATIVE_NAME` VARCHAR(30) default '' NOT NULL,	`LAN_DIRECTION` CHAR(1) default 'L' NOT NULL,	`LAN_WEIGHT` INTEGER default 0 NOT NULL,	`LAN_ENABLED` CHAR(1) default '1' NOT NULL,	`LAN_CALENDAR` VARCHAR(30) default 'GREGORIAN' NOT NULL,	PRIMARY KEY (`LAN_ID`))
CREATE TABLE `PROCESS_USER`(	`PU_UID` VARCHAR(32) default '' NOT NULL,	`PRO_UID` VARCHAR(32) default '' NOT NULL,	`USR_UID` VARCHAR(32) default '' NOT NULL,	`PU_TYPE` VARCHAR(20) default '' NOT NULL,	PRIMARY KEY (`PU_UID`))
CREATE TABLE [ADDITIONAL_TABLES](	[ADD_TAB_UID] VARCHAR(32) default '' NOT NULL,	[ADD_TAB_NAME] VARCHAR(60) default '' NOT NULL,	[ADD_TAB_CLASS_NAME] VARCHAR(100) default '' NOT NULL,	[ADD_TAB_DESCRIPTION] NVARCHAR(MAX) NULL,	[ADD_TAB_SDW_LOG_INSERT] TINYINT default 0 NULL,	[ADD_TAB_SDW_LOG_UPDATE] TINYINT default 0 NULL,	[ADD_TAB_SDW_LOG_DELETE] TINYINT default 0 NULL,	[ADD_TAB_SDW_LOG_SELECT] TINYINT default 0 NULL,	[ADD_TAB_SDW_MAX_LENGTH] INT default 0 NULL,	[ADD_TAB_SDW_AUTO_DELETE] TINYINT default 0 NULL,	[ADD_TAB_PLG_UID] VARCHAR(32) default '' NULL,	[DBS_UID] VARCHAR(32) default '' NULL,	[PRO_UID] VARCHAR(32) default '' NULL,	[ADD_TAB_TYPE] VARCHAR(32) default '' NULL,	[ADD_TAB_GRID] VARCHAR(256) default '' NULL,	[ADD_TAB_TAG] VARCHAR(256) default '' NULL,	CONSTRAINT ADDITIONAL_TABLES_PK PRIMARY KEY ([ADD_TAB_UID]))
select USR_COUNTRY ,USR_CITY ,USR_LOCATION from USER where UID = "' . $uid . '"' );
CREATE TABLE [APP_DELAY](	[APP_DELAY_UID] VARCHAR(32) default '' NOT NULL,	[PRO_UID] VARCHAR(32) default '0' NOT NULL,	[APP_UID] VARCHAR(32) default '0' NOT NULL,	[APP_THREAD_INDEX] INT default 0 NOT NULL,	[APP_DEL_INDEX] INT default 0 NOT NULL,	[APP_TYPE] VARCHAR(20) default '0' NOT NULL,	[APP_STATUS] VARCHAR(20) default '0' NOT NULL,	[APP_NEXT_TASK] VARCHAR(32) default '0' NULL,	[APP_DELEGATION_USER] VARCHAR(32) default '0' NULL,	[APP_ENABLE_ACTION_USER] VARCHAR(32) default '0' NOT NULL,	[APP_ENABLE_ACTION_DATE] CHAR(19) NOT NULL,	[APP_DISABLE_ACTION_USER] VARCHAR(32) default '0' NULL,	[APP_DISABLE_ACTION_DATE] CHAR(19) NULL,	[APP_AUTOMATIC_DISABLED_DATE] CHAR(19) NULL,	CONSTRAINT APP_DELAY_PK PRIMARY KEY ([APP_DELAY_UID]))
SELECT * FROM $tableBackup
SELECT * FROM APP_DELEGATION WHERE APP_UID="'.$currentDelegation['APP_UID'].'" ');
SELECT UID, DATE, DESCRIPTION FROM HOLIDAY ORDER BY DATE" sqlConnection="" deleteRow="0" insertRow="0" menu="setup/holidayListMenu" filterForm="setup/usersListFilter
CREATE INDEX ndx_created ON {$this->database_table} (created);
SELECT * from %s where access_token = :access_token', $this->config['access_token_table']));
CREATE TABLE `ISO_COUNTRY`(	`IC_UID` VARCHAR(2) default '' NOT NULL,	`IC_NAME` VARCHAR(255),	`IC_SORT_ORDER` VARCHAR(255),	PRIMARY KEY (`IC_UID`))
SELECT * FROM " . $this->getPlatformForTargetDatabase()->quoteIdentifier ( $tableName ) );
SELECT * from TRANSLATION WHERE TRN_LANG = 'en' order by TRN_CATEGORY, TRN_ID " sqlConnection="" searchBy="TRN_CATEGORY | TRN_ID | TRN_VALUE" menu="gulliver/pagedTable_Options" deleteRow="0" width="100%
SELECT * FROM `'.$table.'`' );
CREATE TABLE `FIELD_CONDITION`(	`FCD_UID` VARCHAR(32) default '' NOT NULL,	`FCD_FUNCTION` VARCHAR(50) NOT NULL,	`FCD_FIELDS` MEDIUMTEXT,	`FCD_CONDITION` MEDIUMTEXT,	`FCD_EVENTS` MEDIUMTEXT,	`FCD_EVENT_OWNERS` MEDIUMTEXT,	`FCD_STATUS` VARCHAR(10),	`FCD_DYN_UID` VARCHAR(32) NOT NULL,	PRIMARY KEY (`FCD_UID`))
CREATE TABLE [TRIGGERS](	[TRI_UID] VARCHAR(32) default '' NOT NULL,	[PRO_UID] VARCHAR(32) default '' NOT NULL,	[TRI_TYPE] VARCHAR(20) default 'SCRIPT' NOT NULL,	[TRI_WEBBOT] NVARCHAR(MAX) NOT NULL,	[TRI_PARAM] NVARCHAR(MAX) NULL,	CONSTRAINT TRIGGERS_PK PRIMARY KEY ([TRI_UID]))
SELECT * FROM dynaForm WHERE XMLNODE_NAME="' . $Fields['XMLNODE_NAME_OLD'] . '"');
INSERT INTO RBAC_ROLES_PERMISSIONS VALUES ('00000000000000000000000000000003','00000000000000000000000000000001')
select name from sysobjects where type = 'V'
SELECT * FROM dynaForm WHERE NOT( XMLNODE_NAME = '' OR TYPE = 'javascript' )" sqlConnection="XMLDB" filterForm="dynaforms/dynaform_Fields" width="100%
SELECT DISTINCT(function) FROM results WHERE client='$this->client_type' AND class='$test' ORDER BY function
SELECT PRO_UID FROM TASK WHERE TAS_UID="' . $_REQUEST['task'] . '"';
SELECT * FROM dynaForm WHERE XMLNODE_NAME="' . $this->Fields['XMLNODE_NAME'] . '"');
CREATE TABLE [SWIMLANES_ELEMENTS](	[SWI_UID] VARCHAR(32) default '' NOT NULL,	[PRO_UID] VARCHAR(32) default '' NOT NULL,	[SWI_TYPE] VARCHAR(20) default 'LINE' NOT NULL,	[SWI_X] INT default 0 NOT NULL,	[SWI_Y] INT default 0 NOT NULL,	[SWI_WIDTH] INT default 0 NOT NULL,	[SWI_HEIGHT] INT default 0 NOT NULL,	[SWI_NEXT_UID] VARCHAR(32) default '' NULL,	CONSTRAINT SWIMLANES_ELEMENTS_PK PRIMARY KEY ([SWI_UID]))
INSERT INTO RBAC_PERMISSIONS VALUES ('00000000000000000000000000000001','PM_LOGIN','2007-08-03 12:24:36','2007-08-03 12:24:36',1,'00000000000000000000000000000002')
SELECT * FROM APP_THREAD WHERE APP_UID='".$aData['APP_UID']."' AND DEL_INDEX = '".$aData['DEL_INDEX']."'");
CREATE TABLE [ISO_COUNTRY](	[IC_UID] VARCHAR(2) default '' NOT NULL,	[IC_NAME] VARCHAR(255) NULL,	[IC_SORT_ORDER] VARCHAR(255) NULL,	CONSTRAINT ISO_COUNTRY_PK PRIMARY KEY ([IC_UID]))
SELECT MAX(stamp) FROM event
SELECT LEX_VALUE FROM LEXICO WHERE LEX_TOPIC ='NOWORKINGDAY' 
CREATE TABLE `CALENDAR_ASSIGNMENTS`(	`OBJECT_UID` VARCHAR(32) default '' NOT NULL,	`CALENDAR_UID` VARCHAR(32) default '' NOT NULL,	`OBJECT_TYPE` VARCHAR(100) default '' NOT NULL,	PRIMARY KEY (`OBJECT_UID`))
SELECT * FROM %s WHERE AUTHORIZATION_CODE = :code', $this->config['code_table']));
INSERT INTO RBAC_PERMISSIONS VALUES ('00000000000000000000000000000012','PM_WEBDAV','2009-08-21 00:00:00','2009-08-21 00:00:00',1,'00000000000000000000000000000002')
CREATE TABLE `BPMN_PROJECT`(	`PRJ_UID` VARCHAR(32) default '' NOT NULL,	`PRJ_NAME` VARCHAR(255) default '' NOT NULL,	`PRJ_DESCRIPTION` VARCHAR(512),	`PRJ_TARGET_NAMESPACE` MEDIUMTEXT,	`PRJ_EXPRESION_LANGUAGE` MEDIUMTEXT,	`PRJ_TYPE_LANGUAGE` MEDIUMTEXT,	`PRJ_EXPORTER` MEDIUMTEXT,	`PRJ_EXPORTER_VERSION` MEDIUMTEXT,	`PRJ_CREATE_DATE` DATETIME NOT NULL,	`PRJ_UPDATE_DATE` DATETIME,	`PRJ_AUTHOR` MEDIUMTEXT,	`PRJ_AUTHOR_VERSION` MEDIUMTEXT,	`PRJ_ORIGINAL_SOURCE` MEDIUMTEXT,	PRIMARY KEY (`PRJ_UID`),	KEY `BPMN_PROJECT_I_1`(`PRJ_UID`))
CREATE TABLE `WEB_ENTRY_EVENT`(	`WEE_UID` VARCHAR(32) NOT NULL,	`PRJ_UID` VARCHAR(32) NOT NULL,	`EVN_UID` VARCHAR(32) NOT NULL,	`ACT_UID` VARCHAR(32) NOT NULL,	`DYN_UID` VARCHAR(32) NOT NULL,	`USR_UID` VARCHAR(32) NOT NULL,	`WEE_STATUS` VARCHAR(10) default 'ENABLED' NOT NULL,	`WEE_WE_UID` VARCHAR(32) default '' NOT NULL,	`WEE_WE_TAS_UID` VARCHAR(32) default '' NOT NULL,	PRIMARY KEY (`WEE_UID`))
CREATE TABLE [CALENDAR_HOLIDAYS](	[CALENDAR_UID] VARCHAR(32) default '' NOT NULL,	[CALENDAR_HOLIDAY_NAME] VARCHAR(100) default '' NOT NULL,	[CALENDAR_HOLIDAY_START] CHAR(19) NOT NULL,	[CALENDAR_HOLIDAY_END] CHAR(19) NOT NULL,	CONSTRAINT CALENDAR_HOLIDAYS_PK PRIMARY KEY ([CALENDAR_UID],[CALENDAR_HOLIDAY_NAME]))
SELECT * from {tableName} 
CREATE TABLE `DIM_TIME_DELEGATE`(	`TIME_ID` VARCHAR(10) default '' NOT NULL,	`MONTH_ID` INTEGER default 0 NOT NULL,	`QTR_ID` INTEGER default 0 NOT NULL,	`YEAR_ID` INTEGER default 0 NOT NULL,	`MONTH_NAME` VARCHAR(3) default '0' NOT NULL,	`MONTH_DESC` VARCHAR(9) default '' NOT NULL,	`QTR_NAME` VARCHAR(4) default '' NOT NULL,	`QTR_DESC` VARCHAR(9) default '' NOT NULL,	PRIMARY KEY (`TIME_ID`))
CREATE TABLE `SCRIPT_TASK`(	`SCRTAS_UID` VARCHAR(32) default '' NOT NULL,	`PRJ_UID` VARCHAR(32) default '' NOT NULL,	`ACT_UID` VARCHAR(32) default '' NOT NULL,	`SCRTAS_OBJ_TYPE` VARCHAR(10) default 'TRIGGER' NOT NULL,	`SCRTAS_OBJ_UID` VARCHAR(32) default '' NOT NULL,	PRIMARY KEY (`SCRTAS_UID`))
select * from clientinfo where id = '$serviceID'
CREATE TABLE `SWIMLANES_ELEMENTS`(	`SWI_UID` VARCHAR(32) default '' NOT NULL,	`PRO_UID` VARCHAR(32) default '' NOT NULL,	`SWI_TYPE` VARCHAR(20) default 'LINE' NOT NULL,	`SWI_X` INTEGER default 0 NOT NULL,	`SWI_Y` INTEGER default 0 NOT NULL,	`SWI_WIDTH` INTEGER default 0 NOT NULL,	`SWI_HEIGHT` INTEGER default 0 NOT NULL,	`SWI_NEXT_UID` VARCHAR(32) default '',	PRIMARY KEY (`SWI_UID`))
CREATE TABLE `ADDONS_MANAGER`(	`ADDON_ID` VARCHAR(255) NOT NULL,	`STORE_ID` VARCHAR(32) NOT NULL,	`ADDON_NAME` VARCHAR(255) NOT NULL,	`ADDON_NICK` VARCHAR(255) NOT NULL,	`ADDON_DOWNLOAD_FILENAME` VARCHAR(1024),	`ADDON_DESCRIPTION` VARCHAR(2048),	`ADDON_STATE` VARCHAR(255) NOT NULL,	`ADDON_STATE_CHANGED` DATETIME,	`ADDON_STATUS` VARCHAR(255) NOT NULL,	`ADDON_VERSION` VARCHAR(255) NOT NULL,	`ADDON_TYPE` VARCHAR(255) NOT NULL,	`ADDON_PUBLISHER` VARCHAR(255),	`ADDON_RELEASE_DATE` DATETIME,	`ADDON_RELEASE_TYPE` VARCHAR(255),	`ADDON_RELEASE_NOTES` VARCHAR(255),	`ADDON_DOWNLOAD_URL` VARCHAR(2048),	`ADDON_DOWNLOAD_PROGRESS` FLOAT,	`ADDON_DOWNLOAD_MD5` VARCHAR(32),	PRIMARY KEY (`ADDON_ID`,`STORE_ID`))
SELECT * FROM `" . $this->table_name . "`
CREATE TABLE WEB_ENTRY_EVENT( WEE_UID VARCHAR2(32) NOT NULL, PRJ_UID VARCHAR2(32) NOT NULL, EVN_UID VARCHAR2(32) NOT NULL, ACT_UID VARCHAR2(32) NOT NULL, DYN_UID VARCHAR2(32) NOT NULL, USR_UID VARCHAR2(32) NOT NULL, WEE_STATUS VARCHAR2(10) NOT NULL DEFAULT 'ENABLED', WEE_WE_UID VARCHAR2(32) NOT NULL DEFAULT '', WEE_WE_TAS_UID VARCHAR2(32) NOT NULL DEFAULT '')
SELECT id FROM $seqname
SELECT * FROM results WHERE id=$id
INSERT INTO RBAC_ROLES_PERMISSIONS VALUES ('00000000000000000000000000000002','00000000000000000000000000000008')
CREATE TABLE `BPMN_ARTIFACT`(	`ART_UID` VARCHAR(32) default '' NOT NULL,	`PRJ_UID` VARCHAR(32) NOT NULL,	`PRO_UID` VARCHAR(32) default '',	`ART_TYPE` VARCHAR(15) NOT NULL,	`ART_NAME` MEDIUMTEXT,	`ART_CATEGORY_REF` VARCHAR(32),	PRIMARY KEY (`ART_UID`),	KEY `BPMN_ARTIFACT_I_1`(`ART_UID`),	KEY `BPMN_ARTIFACT_I_2`(`PRJ_UID`),	KEY `BPMN_ARTIFACT_I_3`(`PRO_UID`),	CONSTRAINT `fk_bpmn_artifact_project`		FOREIGN KEY (`PRJ_UID`)		REFERENCES `BPMN_PROJECT` (`PRJ_UID`),	CONSTRAINT `fk_bpmn_artifact_process`		FOREIGN KEY (`PRO_UID`)		REFERENCES `BPMN_PROCESS` (`PRO_UID`))
UPDATE foo SET col=?  WHERE col=over
SELECT UID FROM REQ_DYNAFORM WHERE REQ_FILENAME = '$filename' AND UID_PROCESS = '" . $HTTP_SESSION_VARS['PROCESS_GUID']."'
CREATE TABLE `DYNAFORM`(	`DYN_UID` VARCHAR(32) default '' NOT NULL,	`PRO_UID` VARCHAR(32) default '0' NOT NULL,	`DYN_TYPE` VARCHAR(20) default 'xmlform' NOT NULL,	`DYN_FILENAME` VARCHAR(100) default '' NOT NULL,	`DYN_CONTENT` MEDIUMTEXT,	`DYN_LABEL` MEDIUMTEXT,	`DYN_VERSION` INTEGER NOT NULL,	`DYN_UPDATE_DATE` DATETIME,	PRIMARY KEY (`DYN_UID`))
SELECT * FROM {$this->database_table} WHERE id = ? AND namespace = ?
CREATE TABLE `REPORT_TABLE`(	`REP_TAB_UID` VARCHAR(32) default '' NOT NULL,	`PRO_UID` VARCHAR(32) default '' NOT NULL,	`REP_TAB_NAME` VARCHAR(100) default '' NOT NULL,	`REP_TAB_TYPE` VARCHAR(6) default '' NOT NULL,	`REP_TAB_GRID` VARCHAR(150) default '',	`REP_TAB_CONNECTION` VARCHAR(32) default '' NOT NULL,	`REP_TAB_CREATE_DATE` DATETIME NOT NULL,	`REP_TAB_STATUS` CHAR(8) default 'ACTIVE' NOT NULL,	PRIMARY KEY (`REP_TAB_UID`))
SELECT * FROM sys.databases WHERE name='%s' ) CREATE DATABASE %s", $wf, $wf );
CREATE TABLE [APP_SOLR_QUEUE](	[APP_UID] VARCHAR(32) default '' NOT NULL, [APP_CHANGE_DATE] CHAR(19) NOT NULL, [APP_CHANGE_TRACE] VARCHAR(500) NOT NULL,	[APP_UPDATED] TINYINT default 1 NOT NULL,	CONSTRAINT APP_SOLR_QUEUE_PK PRIMARY KEY ([APP_UID]))
CREATE TABLE `APP_OWNER`(	`APP_UID` VARCHAR(32) default '' NOT NULL,	`OWN_UID` VARCHAR(32) default '' NOT NULL,	`USR_UID` VARCHAR(32) default '' NOT NULL,	PRIMARY KEY (`APP_UID`,`OWN_UID`,`USR_UID`))
CREATE TABLE `ROUTE`(	`ROU_UID` VARCHAR(32) default '' NOT NULL,	`ROU_PARENT` VARCHAR(32) default '0' NOT NULL,	`PRO_UID` VARCHAR(32) default '' NOT NULL,	`TAS_UID` VARCHAR(32) default '' NOT NULL,	`ROU_NEXT_TASK` VARCHAR(32) default '0' NOT NULL,	`ROU_CASE` INTEGER default 0 NOT NULL,	`ROU_TYPE` VARCHAR(25) default 'SEQUENTIAL' NOT NULL,	`ROU_DEFAULT` INTEGER default 0 NOT NULL,	`ROU_CONDITION` VARCHAR(512) default '' NOT NULL,	`ROU_TO_LAST_USER` VARCHAR(20) default 'FALSE' NOT NULL,	`ROU_OPTIONAL` VARCHAR(20) default 'FALSE' NOT NULL,	`ROU_SEND_EMAIL` VARCHAR(20) default 'TRUE' NOT NULL,	`ROU_SOURCEANCHOR` INTEGER default 1,	`ROU_TARGETANCHOR` INTEGER default 0,	`ROU_TO_PORT` INTEGER default 1 NOT NULL,	`ROU_FROM_PORT` INTEGER default 2 NOT NULL,	`ROU_EVN_UID` VARCHAR(32) default '' NOT NULL,	`GAT_UID` VARCHAR(32) default '' NOT NULL,	`ROU_ELEMENT_ORIGIN` VARCHAR(32) default '',	PRIMARY KEY (`ROU_UID`))
CREATE TABLE `DEPARTMENT`(	`DEP_UID` VARCHAR(32) default '' NOT NULL,	`DEP_PARENT` VARCHAR(32) default '' NOT NULL,	`DEP_MANAGER` VARCHAR(32) default '' NOT NULL,	`DEP_LOCATION` INTEGER default 0 NOT NULL,	`DEP_STATUS` VARCHAR(10) default 'ACTIVE' NOT NULL,	`DEP_REF_CODE` VARCHAR(50) default '' NOT NULL,	`DEP_LDAP_DN` VARCHAR(255) default '' NOT NULL,	PRIMARY KEY (`DEP_UID`),	KEY `DEP_BYPARENT`(`DEP_PARENT`),	KEY `BY_DEP_LDAP_DN`(`DEP_LDAP_DN`))
INSERT INTO RBAC_ROLES_PERMISSIONS VALUES ('00000000000000000000000000000002','00000000000000000000000000000005')
INSERT INTO RBAC_ROLES_PERMISSIONS VALUES ('00000000000000000000000000000002','00000000000000000000000000000006')
CREATE TABLE `OAUTH_AUTHORIZATION_CODES`(	`AUTHORIZATION_CODE` VARCHAR(40) NOT NULL,	`CLIENT_ID` VARCHAR(80) NOT NULL,	`USER_ID` VARCHAR(32),	`REDIRECT_URI` VARCHAR(2000),	`EXPIRES` DATETIME NOT NULL,	`SCOPE` VARCHAR(2000),	PRIMARY KEY (`AUTHORIZATION_CODE`))
CREATE TABLE `DASHBOARD`(	`DAS_UID` VARCHAR(32) default '' NOT NULL,	`DAS_TITLE` VARCHAR(255) default '' NOT NULL,	`DAS_DESCRIPTION` MEDIUMTEXT,	`DAS_CREATE_DATE` DATETIME NOT NULL,	`DAS_UPDATE_DATE` DATETIME,	`DAS_STATUS` TINYINT default 1 NOT NULL,	PRIMARY KEY (`DAS_UID`))
SELECT ROL_APPLICATION FROM USER_ROLE LEFT JOIN ROLE AS R ON (ROL_UID = R.UID) WHERE USR_UID = ' . $_SESSION['CURRENT_USER'];
INSERT INTO RBAC_ROLES_PERMISSIONS VALUES ('00000000000000000000000000000002','00000000000000000000000000000014')
SELECT MAX(id) FROM ${seqname}
SELECT * FROM ($query) 
INSERT INTO RBAC_PERMISSIONS VALUES ('00000000000000000000000000000006','PM_ALLCASES','2008-04-30 00:00:00','2008-04-30 00:00:00',1,'00000000000000000000000000000002')
select uid, caption from TERRITORY where TERRITORY = 'COUNTRY' ORDER BY CAPTION
SELECT TAS_TYPE FROM TASK WHERE TAS_UID = NEW.TAS_UID LIMIT 1);
CREATE TABLE `RBAC_AUTHENTICATION_SOURCE`(	`AUTH_SOURCE_UID` VARCHAR(32) default '' NOT NULL,	`AUTH_SOURCE_NAME` VARCHAR(50) default '' NOT NULL,	`AUTH_SOURCE_PROVIDER` VARCHAR(20) default '' NOT NULL,	`AUTH_SOURCE_SERVER_NAME` VARCHAR(50) default '' NOT NULL,	`AUTH_SOURCE_PORT` INTEGER default 389,	`AUTH_SOURCE_ENABLED_TLS` INTEGER default 0,	`AUTH_SOURCE_VERSION` VARCHAR(16) default '3' NOT NULL,	`AUTH_SOURCE_BASE_DN` VARCHAR(128) default '' NOT NULL,	`AUTH_ANONYMOUS` INTEGER default 0,	`AUTH_SOURCE_SEARCH_USER` VARCHAR(128) default '' NOT NULL,	`AUTH_SOURCE_PASSWORD` VARCHAR(150) default '' NOT NULL,	`AUTH_SOURCE_ATTRIBUTES` VARCHAR(255) default '' NOT NULL,	`AUTH_SOURCE_OBJECT_CLASSES` VARCHAR(255) default '' NOT NULL,	`AUTH_SOURCE_DATA` MEDIUMTEXT,	PRIMARY KEY (`AUTH_SOURCE_UID`))
CREATE TABLE `LIST_COMPLETED`(	`APP_UID` VARCHAR(32) default '' NOT NULL,	`USR_UID` VARCHAR(32) default '' NOT NULL,	`TAS_UID` VARCHAR(32) default '' NOT NULL,	`PRO_UID` VARCHAR(32) default '' NOT NULL,	`APP_NUMBER` INTEGER default 0 NOT NULL,	`APP_TITLE` VARCHAR(255) default '',	`APP_PRO_TITLE` VARCHAR(255) default '',	`APP_TAS_TITLE` VARCHAR(255) default '',	`APP_CREATE_DATE` DATETIME,	`APP_FINISH_DATE` DATETIME NOT NULL,	`DEL_INDEX` INTEGER default 0 NOT NULL,	`DEL_PREVIOUS_USR_UID` VARCHAR(32) default '',	`DEL_CURRENT_USR_USERNAME` VARCHAR(100) default '',	`DEL_CURRENT_USR_FIRSTNAME` VARCHAR(50) default '',	`DEL_CURRENT_USR_LASTNAME` VARCHAR(50) default '',	PRIMARY KEY (`APP_UID`))
CREATE TABLE {$this->database_table} ( id character varying(40) NOT NULL, namespace character varying(32) NOT NULL, code character varying(32) NOT NULL, code_display character varying(32) NOT NULL, created integer NOT NULL, audio_data bytea NULL, CONSTRAINT pkey_id_namespace PRIMARY KEY (id, namespace) )
INSERT INTO RBAC_ROLES_PERMISSIONS VALUES ('00000000000000000000000000000004', '00000000000000000000000000000017')
CREATE TABLE `PROCESS_CATEGORY`(	`CATEGORY_UID` VARCHAR(32) default '' NOT NULL,	`CATEGORY_PARENT` VARCHAR(32) default '0' NOT NULL,	`CATEGORY_NAME` VARCHAR(100) default '' NOT NULL,	`CATEGORY_ICON` VARCHAR(100) default '',	PRIMARY KEY (`CATEGORY_UID`))
SELECT * FROM dynaForm WHERE NOT( XMLNODE_NAME = "" )');
CREATE INDEX ndx_created ON captcha_codes (created)~'';
INSERT INTO numbers VALUES(?,?,?)
select * from $table where TRN_CATEGORY='$cat' and TRN_ID='$node' and TRN_LANG='$lang'
CREATE TABLE [CALENDAR_ASSIGNMENTS](	[OBJECT_UID] VARCHAR(32) default '' NOT NULL,	[CALENDAR_UID] VARCHAR(32) default '' NOT NULL,	[OBJECT_TYPE] VARCHAR(100) default '' NOT NULL,	CONSTRAINT CALENDAR_ASSIGNMENTS_PK PRIMARY KEY ([OBJECT_UID]))
CREATE TABLE `BPMN_LANESET`(	`LNS_UID` VARCHAR(32) default '' NOT NULL,	`PRJ_UID` VARCHAR(32) NOT NULL,	`PRO_UID` VARCHAR(32),	`LNS_NAME` VARCHAR(255),	`LNS_PARENT_LANE` VARCHAR(32),	`LNS_IS_HORIZONTAL` TINYINT default 1,	`LNS_STATE` MEDIUMTEXT,	PRIMARY KEY (`LNS_UID`),	KEY `BPMN_LANESET_I_1`(`LNS_UID`),	KEY `BPMN_LANESET_I_2`(`PRJ_UID`),	KEY `BPMN_LANESET_I_3`(`PRO_UID`),	CONSTRAINT `fk_bpmn_laneset_project`		FOREIGN KEY (`PRJ_UID`)		REFERENCES `BPMN_PROJECT` (`PRJ_UID`),	CONSTRAINT `fk_bpmn_laneset_process`		FOREIGN KEY (`PRO_UID`)		REFERENCES `BPMN_PROCESS` (`PRO_UID`))
INSERT INTO RBAC_ROLES_PERMISSIONS VALUES ('00000000000000000000000000000002','00000000000000000000000000000015')
CREATE TABLE `ISO_SUBDIVISION`(	`IC_UID` VARCHAR(2) default '' NOT NULL,	`IS_UID` VARCHAR(4) default '' NOT NULL,	`IS_NAME` VARCHAR(255) default '' NOT NULL,	PRIMARY KEY (`IC_UID`,`IS_UID`))
INSERT INTO RBAC_ROLES_PERMISSIONS VALUES ('00000000000000000000000000000002','00000000000000000000000000000003')
CREATE TABLE [' . $this->_table . '] (' . 'id INTEGER PRIMARY KEY NOT NULL, ' . 'logtime NOT NULL, ' . 'ident CHAR(16) NOT NULL, ' . 'priority INT NOT NULL, ' . 'message)
CREATE TABLE log_table ( * id INTEGER PRIMARY KEY NOT NULL, * logtime NOT NULL, * ident CHAR(16) NOT NULL, * priority INT NOT NULL, * message * )
SELECT DATA FROM {$this->dbtable} WHERE ID = ? LIMIT 1
CREATE TABLE [APP_THREAD](	[APP_UID] VARCHAR(32) default '' NOT NULL,	[APP_THREAD_INDEX] INT default 0 NOT NULL,	[APP_THREAD_PARENT] INT default 0 NOT NULL,	[APP_THREAD_STATUS] VARCHAR(32) default 'OPEN' NOT NULL,	[DEL_INDEX] INT default 0 NOT NULL,	CONSTRAINT APP_THREAD_PK PRIMARY KEY ([APP_UID],[APP_THREAD_INDEX]))
CREATE TABLE `APP_NOTES`(	`APP_UID` VARCHAR(32) default '' NOT NULL,	`USR_UID` VARCHAR(32) default '' NOT NULL,	`NOTE_DATE` DATETIME NOT NULL,	`NOTE_CONTENT` MEDIUMTEXT NOT NULL,	`NOTE_TYPE` VARCHAR(32) default 'USER' NOT NULL,	`NOTE_AVAILABILITY` VARCHAR(32) default 'PUBLIC' NOT NULL,	`NOTE_ORIGIN_OBJ` VARCHAR(32) default '',	`NOTE_AFFECTED_OBJ1` VARCHAR(32) default '',	`NOTE_AFFECTED_OBJ2` VARCHAR(32) default '' NOT NULL,	`NOTE_RECIPIENTS` MEDIUMTEXT,	KEY `indexAppNotesDate`(`APP_UID`, `NOTE_DATE`),	KEY `indexAppNotesUser`(`APP_UID`, `USR_UID`))
CREATE TABLE `BPMN_PARTICIPANT`(	`PAR_UID` VARCHAR(32) default '' NOT NULL,	`PRJ_UID` VARCHAR(32) default '' NOT NULL,	`PRO_UID` VARCHAR(32) default '',	`LNS_UID` VARCHAR(32) default '',	`PAR_NAME` VARCHAR(255) default '' NOT NULL,	`PAR_MINIMUM` INTEGER default 0,	`PAR_MAXIMUM` INTEGER default 1,	`PAR_NUM_PARTICIPANTS` INTEGER default 1,	`PAR_IS_HORIZONTAL` TINYINT default 1 NOT NULL,	PRIMARY KEY (`PAR_UID`),	KEY `BPMN_PARTICIPANT_I_1`(`PAR_UID`),	KEY `BPMN_PARTICIPANT_I_2`(`PRJ_UID`),	CONSTRAINT `fk_bpmn_participant_project`		FOREIGN KEY (`PRJ_UID`)		REFERENCES `BPMN_PROJECT` (`PRJ_UID`))
select ROL_APPLICATION FROM USER_ROLE LEFT JOIN ROLE ON (ROL_UID = UID) WHERE ROL_UID = $rolid 
CREATE TABLE [CONTENT](	[CON_CATEGORY] VARCHAR(30) default '' NOT NULL,	[CON_PARENT] VARCHAR(32) default '' NOT NULL,	[CON_ID] VARCHAR(100) default '' NOT NULL,	[CON_LANG] VARCHAR(10) default '' NOT NULL,	[CON_VALUE] NVARCHAR(MAX) NOT NULL,	CONSTRAINT CONTENT_PK PRIMARY KEY ([CON_CATEGORY],[CON_PARENT],[CON_ID],[CON_LANG]))
INSERT INTO RBAC_ROLES_PERMISSIONS VALUES ('00000000000000000000000000000002','00000000000000000000000000000009')
select * from serverinfo where service_id = '$serviceID'
SELECT * FROM [" . $aRow['REP_TAB_NAME'] . "] WHERE APP_UID = '" . $sApplicationUid . "'
CREATE TABLE `MESSAGE_TYPE_VARIABLE`(	`MSGTV_UID` VARCHAR(32) NOT NULL,	`MSGT_UID` VARCHAR(32) NOT NULL,	`MSGTV_NAME` VARCHAR(512) default '',	`MSGTV_DEFAULT_VALUE` VARCHAR(512) default '',	PRIMARY KEY (`MSGTV_UID`))
CREATE TABLE [LOGIN_LOG](	[LOG_UID] VARCHAR(32) default '' NOT NULL,	[LOG_STATUS] VARCHAR(100) default '' NOT NULL,	[LOG_IP] VARCHAR(15) default '' NOT NULL,	[LOG_SID] VARCHAR(100) default '' NOT NULL,	[LOG_INIT_DATE] CHAR(19) NULL,	[LOG_END_DATE] CHAR(19) NULL,	[LOG_CLIENT_HOSTNAME] VARCHAR(100) default '' NOT NULL,	[USR_UID] VARCHAR(32) default '' NOT NULL,	CONSTRAINT LOGIN_LOG_PK PRIMARY KEY ([LOG_UID]))
CREATE TABLE `RBAC_PERMISSIONS`(	`PER_UID` VARCHAR(32) default '' NOT NULL,	`PER_CODE` VARCHAR(64) default '' NOT NULL,	`PER_CREATE_DATE` DATETIME,	`PER_UPDATE_DATE` DATETIME,	`PER_STATUS` INTEGER default 1 NOT NULL,	`PER_SYSTEM` VARCHAR(32) default '00000000000000000000000000000002' NOT NULL,	PRIMARY KEY (`PER_UID`))
CREATE TABLE IF NOT EXISTS `CONTENT_BACKUP` ( `CON_CATEGORY` VARCHAR(30) default '' NOT NULL, `CON_PARENT` VARCHAR(32) default '' NOT NULL, `CON_ID` VARCHAR(100) default '' NOT NULL, `CON_LANG` VARCHAR(10) default '' NOT NULL, `CON_VALUE` MEDIUMTEXT NOT NULL, CONSTRAINT CONTENT_BACKUP_PK PRIMARY KEY (CON_CATEGORY,CON_PARENT,CON_ID,CON_LANG) )
SELECT USR_UID,USR_USERNAME,USR_FIRSTNAME,USR_LASTNAME,USR_EMAIL,USR_ROLE FROM USERS';
SELECT REQ_FILENAME FROM REQ_DYNAFORM WHERE UID = "' . $HTTP_GET_VARS['__dynaform__'].'"');
CREATE TABLE [GROUPWF](	[GRP_UID] VARCHAR(32) default '' NOT NULL,	[GRP_STATUS] CHAR(8) default 'ACTIVE' NOT NULL,	[GRP_LDAP_DN] VARCHAR(255) default '' NOT NULL,	[GRP_UX] VARCHAR(128) default 'NORMAL' NULL,	CONSTRAINT GROUPWF_PK PRIMARY KEY ([GRP_UID]))
select * from TASK_USER where TAS_UID = '".$tasUid."';
SELECT * from %s WHERE CLIENT_ID = :client_id', $this->config['client_table']));
SELECT UID, USR_USE_LDAP FROM USERS where UID = $uid 
CREATE TABLE \"{$this->database_table}\" ( id VARCHAR(40), namespace VARCHAR(32) NOT NULL, code VARCHAR(32) NOT NULL, code_display VARCHAR(32) NOT NULL, created INTEGER NOT NULL, audio_data BLOB NULL, PRIMARY KEY(id, namespace) )
CREATE TABLE `USR_REPORTING`(	`USR_UID` VARCHAR(32) NOT NULL,	`TAS_UID` VARCHAR(32) NOT NULL,	`PRO_UID` VARCHAR(32) NOT NULL,	`MONTH` INTEGER default 0 NOT NULL,	`YEAR` INTEGER default 0 NOT NULL,	`TOTAL_QUEUE_TIME_BY_TASK` DECIMAL(7,2) default 0,	`TOTAL_TIME_BY_TASK` DECIMAL(7,2) default 0,	`TOTAL_CASES_IN` DECIMAL(7,2) default 0,	`TOTAL_CASES_OUT` DECIMAL(7,2) default 0,	`USER_HOUR_COST` DECIMAL(7,2) default 0,	`AVG_TIME` DECIMAL(7,2) default 0,	`SDV_TIME` DECIMAL(7,2) default 0,	`CONFIGURED_TASK_TIME` DECIMAL(7,2) default 0,	`TOTAL_CASES_OVERDUE` DECIMAL(7,2) default 0,	`TOTAL_CASES_ON_TIME` DECIMAL(7,2) default 0,	`PRO_COST` DECIMAL(7,2) default 0,	`PRO_UNIT_COST` VARCHAR(50) default '',	PRIMARY KEY (`USR_UID`,`TAS_UID`,`MONTH`,`YEAR`),	KEY `indexReporting`(`USR_UID`, `TAS_UID`, `PRO_UID`))
SELECT * FROM sys.database_principals WHERE name = N'%s') DROP USER [%s]", $psUser, $psUser );
UPDATE RBAC_USERS SET USR_USERNAME = %s, USR_PASSWORD = %s  WHERE USR_UID = 00000000000000000000000000000001
CREATE TABLE $seqname ( id numeric(19,0) NOT NULL )
CREATE TABLE `DASHBOARD_INDICATOR`(	`DAS_IND_UID` VARCHAR(32) default '' NOT NULL,	`DAS_UID` VARCHAR(32) default '' NOT NULL,	`DAS_IND_TYPE` VARCHAR(32) default '' NOT NULL,	`DAS_IND_TITLE` VARCHAR(255) default '' NOT NULL,	`DAS_IND_GOAL` DECIMAL(7,2) default 0,	`DAS_IND_DIRECTION` TINYINT default 2 NOT NULL,	`DAS_UID_PROCESS` VARCHAR(32) default '' NOT NULL,	`DAS_IND_FIRST_FIGURE` VARCHAR(32) default '',	`DAS_IND_FIRST_FREQUENCY` VARCHAR(32) default '',	`DAS_IND_SECOND_FIGURE` VARCHAR(32) default '',	`DAS_IND_SECOND_FREQUENCY` VARCHAR(32) default '',	`DAS_IND_CREATE_DATE` DATETIME NOT NULL,	`DAS_IND_UPDATE_DATE` DATETIME,	`DAS_IND_STATUS` TINYINT default 1 NOT NULL,	PRIMARY KEY (`DAS_IND_UID`),	KEY `indexDashboard`(`DAS_UID`, `DAS_IND_TYPE`),	CONSTRAINT `fk_dashboard_indicator_dashboard`		FOREIGN KEY (`DAS_UID`)		REFERENCES `DASHBOARD` (`DAS_UID`))
CREATE TABLE [DB_SOURCE](	[DBS_UID] VARCHAR(32) default '' NOT NULL,	[PRO_UID] VARCHAR(32) default '0' NOT NULL,	[DBS_TYPE] VARCHAR(8) default '0' NOT NULL,	[DBS_SERVER] VARCHAR(100) default '0' NOT NULL,	[DBS_DATABASE_NAME] VARCHAR(100) default '0' NOT NULL,	[DBS_USERNAME] VARCHAR(32) default '0' NOT NULL,	[DBS_PASSWORD] VARCHAR(32) default '' NULL,	[DBS_PORT] INT default 0 NULL,	[DBS_ENCODE] VARCHAR(32) default '' NULL, [DBS_CONNECTION_TYPE] VARCHAR(32) default 'NORMAL' NULL, [DBS_TNS] VARCHAR(256) default '' NULL,	CONSTRAINT DB_SOURCE_PK PRIMARY KEY ([DBS_UID],[PRO_UID]))
SELECT * FROM results WHERE class='$test' AND type='$type' AND wsdl=$wsdl
select AUTHENTICATION_TYPE from v$session_connect_info');
CREATE TABLE authors( 'id' INTEGER PRIMARY KEY AUTOINCREMENT, 'name' TEXT, 'email' TEXT )
UPDATE LEXICO SET LEX_VALUE = $dayValue  WHERE LEX_KEY = $day
SELECT * FROM $result WHERE 1=0
CREATE TABLE `ABE_RESPONSES`(	`ABE_RES_UID` VARCHAR(32) default '' NOT NULL,	`ABE_REQ_UID` VARCHAR(32) default '' NOT NULL,	`ABE_RES_CLIENT_IP` VARCHAR(20) default '' NOT NULL,	`ABE_RES_DATA` MEDIUMTEXT NOT NULL,	`ABE_RES_DATE` DATETIME NOT NULL,	`ABE_RES_STATUS` VARCHAR(10) default '' NOT NULL,	`ABE_RES_MESSAGE` VARCHAR(255) default '',	PRIMARY KEY (`ABE_RES_UID`))
SELECT TABLE_NAME FROM USER_TABLES WHERE TABLE_NAME = '" . $this->tableName . "'
INSERT INTO RBAC_ROLES_PERMISSIONS VALUES ('00000000000000000000000000000004', '00000000000000000000000000000011')
CREATE TABLE oauth_refresh_tokens (refresh_token TEXT, client_id TEXT, user_id TEXT, expires DATETIME, scope TEXT)
INSERT INTO RBAC_ROLES_PERMISSIONS VALUES ('00000000000000000000000000000004', '00000000000000000000000000000015')
SELECT * from ROLE where ROL_APPLICATION = ' . $appid );
CREATE TABLE oauth_users (username TEXT, password TEXT, first_name TEXT, last_name TEXT)
SELECT * FROM dynaForm WHERE NOT( XMLNODE_NAME = "" ) AND TYPE <> "pmconnection"' );
CREATE TABLE [DEPARTMENT](	[DEP_UID] VARCHAR(32) default '' NOT NULL,	[DEP_PARENT] VARCHAR(32) default '' NOT NULL,	[DEP_MANAGER] VARCHAR(32) default '' NOT NULL,	[DEP_LOCATION] INT default 0 NOT NULL,	[DEP_STATUS] VARCHAR(10) default 'ACTIVE' NOT NULL,	[DEP_REF_CODE] VARCHAR(50) default '' NOT NULL,	[DEP_LDAP_DN] VARCHAR(255) default '' NOT NULL,	CONSTRAINT DEPARTMENT_PK PRIMARY KEY ([DEP_UID]))
CREATE TABLE [STEP_TRIGGER](	[STEP_UID] VARCHAR(32) default '' NOT NULL,	[TAS_UID] VARCHAR(32) default '' NOT NULL,	[TRI_UID] VARCHAR(32) default '' NOT NULL,	[ST_TYPE] VARCHAR(20) default '' NOT NULL,	[ST_CONDITION] VARCHAR(255) default '' NOT NULL,	[ST_POSITION] INT default 0 NOT NULL,	CONSTRAINT STEP_TRIGGER_PK PRIMARY KEY ([STEP_UID],[TAS_UID],[TRI_UID],[ST_TYPE]))
select * from $table where TRN_LANG='$lang'
SELECT * FROM authors');
CREATE TABLE [ISO_SUBDIVISION](	[IC_UID] VARCHAR(2) default '' NOT NULL,	[IS_UID] VARCHAR(4) default '' NOT NULL,	[IS_NAME] VARCHAR(255) default '' NOT NULL,	CONSTRAINT ISO_SUBDIVISION_PK PRIMARY KEY ([IC_UID],[IS_UID]))
CREATE TABLE [REPORT_TABLE](	[REP_TAB_UID] VARCHAR(32) default '' NOT NULL,	[PRO_UID] VARCHAR(32) default '' NOT NULL,	[REP_TAB_NAME] VARCHAR(100) default '' NOT NULL,	[REP_TAB_TYPE] VARCHAR(6) default '' NOT NULL,	[REP_TAB_GRID] VARCHAR(150) default '' NULL,	[REP_TAB_CONNECTION] VARCHAR(32) default '' NOT NULL,	[REP_TAB_CREATE_DATE] CHAR(19) NOT NULL,	[REP_TAB_STATUS] CHAR(8) default 'ACTIVE' NOT NULL,	CONSTRAINT REPORT_TABLE_PK PRIMARY KEY ([REP_TAB_UID]))
UPDATE authors SET name = :name, email = :email  WHERE id = :id
INSERT INTO RBAC_ROLES_PERMISSIONS VALUES ('00000000000000000000000000000004', '00000000000000000000000000000007')
CREATE TABLE [LEXICO](	[LEX_TOPIC] VARCHAR(64) default '' NOT NULL,	[LEX_KEY] VARCHAR(128) default '' NOT NULL,	[LEX_VALUE] VARCHAR(128) default '' NOT NULL,	[LEX_CAPTION] VARCHAR(128) default '' NOT NULL,	CONSTRAINT LEXICO_PK PRIMARY KEY ([LEX_TOPIC],[LEX_KEY]))
CREATE TABLE `CATALOG`(	`CAT_UID` VARCHAR(32) default '' NOT NULL,	`CAT_LABEL_ID` VARCHAR(100) default '' NOT NULL,	`CAT_TYPE` VARCHAR(100) default '' NOT NULL,	`CAT_FLAG` VARCHAR(50) default '',	`CAT_OBSERVATION` MEDIUMTEXT,	`CAT_CREATE_DATE` DATETIME NOT NULL,	`CAT_UPDATE_DATE` DATETIME,	PRIMARY KEY (`CAT_UID`,`CAT_TYPE`),	KEY `indexType`(`CAT_TYPE`))
INSERT INTO RBAC_ROLES_PERMISSIONS VALUES ('00000000000000000000000000000004', '00000000000000000000000000000013')
CREATE TABLE [PROCESS_OWNER](	[OWN_UID] VARCHAR(32) default '' NOT NULL,	[PRO_UID] VARCHAR(32) default '' NOT NULL,	CONSTRAINT PROCESS_OWNER_PK PRIMARY KEY ([OWN_UID],[PRO_UID]))
CREATE TABLE [APP_FOLDER](	[FOLDER_UID] VARCHAR(32) default '' NOT NULL,	[FOLDER_PARENT_UID] VARCHAR(32) default '' NOT NULL,	[FOLDER_NAME] NVARCHAR(MAX) NOT NULL,	[FOLDER_CREATE_DATE] CHAR(19) NOT NULL,	[FOLDER_UPDATE_DATE] CHAR(19) NOT NULL,	CONSTRAINT APP_FOLDER_PK PRIMARY KEY ([FOLDER_UID]))
INSERT INTO RBAC_PERMISSIONS VALUES ('00000000000000000000000000000005','PM_CASES','2007-08-03 12:24:36','2007-08-03 12:24:36',1,'00000000000000000000000000000002')
INSERT INTO RBAC_ROLES_PERMISSIONS VALUES ('00000000000000000000000000000004', '00000000000000000000000000000009')
INSERT INTO RBAC_USERS_ROLES VALUES ('00000000000000000000000000000001','00000000000000000000000000000002')
INSERT INTO RBAC_ROLES VALUES ('00000000000000000000000000000003','','00000000000000000000000000000002','PROCESSMAKER_OPERATOR','2007-07-31 19:10:22','2007-08-03 12:24:36',1)
CREATE TABLE [ROUTE](	[ROU_UID] VARCHAR(32) default '' NOT NULL,	[ROU_PARENT] VARCHAR(32) default '0' NOT NULL,	[PRO_UID] VARCHAR(32) default '' NOT NULL,	[TAS_UID] VARCHAR(32) default '' NOT NULL,	[ROU_NEXT_TASK] VARCHAR(32) default '0' NOT NULL,	[ROU_CASE] INT default 0 NOT NULL,	[ROU_TYPE] VARCHAR(25) default 'SEQUENTIAL' NOT NULL, [ROU_DEFAULT] INT default 0 NOT NULL,	[ROU_CONDITION] VARCHAR(512) default '' NOT NULL,	[ROU_TO_LAST_USER] VARCHAR(20) default 'FALSE' NOT NULL,	[ROU_OPTIONAL] VARCHAR(20) default 'FALSE' NOT NULL,	[ROU_SEND_EMAIL] VARCHAR(20) default 'TRUE' NOT NULL,	[ROU_SOURCEANCHOR] INT default 1 NULL,	[ROU_TARGETANCHOR] INT default 0 NULL,	[ROU_TO_PORT] INT default 1 NOT NULL,	[ROU_FROM_PORT] INT default 2 NOT NULL,	[ROU_EVN_UID] VARCHAR(32) default '' NOT NULL,	[GAT_UID] VARCHAR(32) default '' NOT NULL,	CONSTRAINT ROUTE_PK PRIMARY KEY ([ROU_UID]))
CREATE TABLE [RBAC_SYSTEMS](	[SYS_UID] VARCHAR(32) default '' NOT NULL,	[SYS_CODE] VARCHAR(32) default '' NOT NULL,	[SYS_CREATE_DATE] CHAR(19) default '0000-00-00 00:00:00' NOT NULL,	[SYS_UPDATE_DATE] CHAR(19) default '0000-00-00 00:00:00' NOT NULL,	[SYS_STATUS] INT default 0 NOT NULL,	CONSTRAINT RBAC_SYSTEMS_PK PRIMARY KEY ([SYS_UID]))
CREATE TABLE `OBJECT_PERMISSION`(	`OP_UID` VARCHAR(32) default '0' NOT NULL,	`PRO_UID` VARCHAR(32) default '0' NOT NULL,	`TAS_UID` VARCHAR(32) default '0' NOT NULL,	`USR_UID` VARCHAR(32) default '0' NOT NULL,	`OP_USER_RELATION` INTEGER default 0 NOT NULL,	`OP_TASK_SOURCE` VARCHAR(32) default '0',	`OP_PARTICIPATE` INTEGER default 0 NOT NULL,	`OP_OBJ_TYPE` VARCHAR(15) default '0' NOT NULL,	`OP_OBJ_UID` VARCHAR(32) default '0' NOT NULL,	`OP_ACTION` VARCHAR(10) default '0' NOT NULL,	`OP_CASE_STATUS` VARCHAR(10) default '0',	PRIMARY KEY (`OP_UID`),	KEY `indexObjctPermission`(`PRO_UID`, `TAS_UID`, `USR_UID`, `OP_TASK_SOURCE`, `OP_OBJ_UID`))
SELECT * FROM %s WHERE refresh_token = :refresh_token', $this->config['refresh_token_table']));
INSERT INTO RBAC_ROLES_PERMISSIONS VALUES ('00000000000000000000000000000004', '00000000000000000000000000000003')
CREATE TABLE `APP_SOLR_QUEUE`(	`APP_UID` VARCHAR(32) default '' NOT NULL,	`APP_CHANGE_DATE` DATETIME NOT NULL,	`APP_CHANGE_TRACE` VARCHAR(500) NOT NULL,	`APP_UPDATED` TINYINT default 1 NOT NULL,	PRIMARY KEY (`APP_UID`))
CREATE TABLE [DASHLET_INSTANCE](	[DAS_INS_UID] VARCHAR(32) default '' NOT NULL,	[DAS_UID] VARCHAR(32) default '' NOT NULL,	[DAS_INS_OWNER_TYPE] VARCHAR(20) default '' NOT NULL,	[DAS_INS_OWNER_UID] VARCHAR(32) default '' NULL,	[DAS_INS_ADDITIONAL_PROPERTIES] NVARCHAR(MAX) NULL,	[DAS_INS_CREATE_DATE] CHAR(19) NOT NULL,	[DAS_INS_UPDATE_DATE] CHAR(19) NULL,	[DAS_INS_STATUS] TINYINT default 1 NOT NULL,	CONSTRAINT DASHLET_INSTANCE_PK PRIMARY KEY ([DAS_INS_UID]))
SELECT * from APPLICATION where APP_CODE != 'RBAC' 
SELECT * from %s where client_id = :client_id', $this->config['client_table']));
CREATE TABLE `LIST_UNASSIGNED`(	`APP_UID` VARCHAR(32) default '' NOT NULL,	`UNA_UID` VARCHAR(32) default '' NOT NULL,	`TAS_UID` VARCHAR(32) default '' NOT NULL,	`PRO_UID` VARCHAR(32) default '' NOT NULL,	`APP_NUMBER` INTEGER default 0 NOT NULL,	`APP_TITLE` VARCHAR(255) default '' NOT NULL,	`APP_PRO_TITLE` VARCHAR(255) default '' NOT NULL,	`APP_TAS_TITLE` VARCHAR(255) default '' NOT NULL,	`APP_PREVIOUS_USR_USERNAME` VARCHAR(100) default '',	`APP_PREVIOUS_USR_FIRSTNAME` VARCHAR(50) default '',	`APP_PREVIOUS_USR_LASTNAME` VARCHAR(50) default '',	`DEL_INDEX` INTEGER default 0 NOT NULL,	`DEL_PREVIOUS_USR_UID` VARCHAR(32) default '',	`DEL_DELEGATE_DATE` DATETIME NOT NULL,	`DEL_DUE_DATE` DATETIME,	`DEL_PRIORITY` VARCHAR(32) default '3' NOT NULL,	PRIMARY KEY (`APP_UID`,`UNA_UID`))
CREATE TABLE `GROUP_USER`(	`GRP_UID` VARCHAR(32) default '0' NOT NULL,	`USR_UID` VARCHAR(32) default '0' NOT NULL,	PRIMARY KEY (`GRP_UID`,`USR_UID`))
CREATE TABLE log_table ( * id INT NOT NULL, * logtime TIMESTAMP NOT NULL, * ident CHAR(16) NOT NULL, * priority INT NOT NULL, * message VARCHAR(200), * PRIMARY KEY (id) * )
CREATE TABLE `GROUPWF`(	`GRP_UID` VARCHAR(32) NOT NULL,	`GRP_STATUS` CHAR(8) default 'ACTIVE' NOT NULL,	`GRP_LDAP_DN` VARCHAR(255) default '' NOT NULL,	`GRP_UX` VARCHAR(128) default 'NORMAL',	PRIMARY KEY (`GRP_UID`))
CREATE TABLE `USERS_PROPERTIES`(	`USR_UID` VARCHAR(32) default '' NOT NULL,	`USR_LAST_UPDATE_DATE` DATETIME,	`USR_LOGGED_NEXT_TIME` INTEGER default 0,	`USR_PASSWORD_HISTORY` MEDIUMTEXT,	PRIMARY KEY (`USR_UID`))
CREATE TABLE oauth_access_tokens (access_token TEXT, client_id TEXT, user_id TEXT, expires DATETIME, scope TEXT)
INSERT INTO RBAC_PERMISSIONS VALUES ('00000000000000000000000000000008','PM_REPORTS','2008-05-12 00:00:00','2008-05-12 00:00:00',0,'00000000000000000000000000000002')
SELECT table_name FROM user_tables';
INSERT INTO RBAC_ROLES_PERMISSIONS VALUES ('00000000000000000000000000000002','00000000000000000000000000000002')
CREATE TABLE `LOGIN_LOG`(	`LOG_UID` VARCHAR(32) default '' NOT NULL,	`LOG_STATUS` VARCHAR(100) default '' NOT NULL,	`LOG_IP` VARCHAR(15) default '' NOT NULL,	`LOG_SID` VARCHAR(100) default '' NOT NULL,	`LOG_INIT_DATE` DATETIME,	`LOG_END_DATE` DATETIME,	`LOG_CLIENT_HOSTNAME` VARCHAR(100) default '' NOT NULL,	`USR_UID` VARCHAR(32) default '' NOT NULL,	PRIMARY KEY (`LOG_UID`),	KEY `indexLoginLog`(`USR_UID`, `LOG_INIT_DATE`))
CREATE TABLE [FIELDS](	[FLD_UID] VARCHAR(32) default '' NOT NULL,	[ADD_TAB_UID] VARCHAR(32) default '' NOT NULL,	[FLD_INDEX] INT default 1 NOT NULL,	[FLD_NAME] VARCHAR(60) default '' NOT NULL,	[FLD_DESCRIPTION] NVARCHAR(MAX) NOT NULL,	[FLD_TYPE] VARCHAR(20) default '' NOT NULL,	[FLD_SIZE] INT default 0 NULL,	[FLD_NULL] TINYINT default 1 NOT NULL,	[FLD_AUTO_INCREMENT] TINYINT default 0 NOT NULL,	[FLD_KEY] TINYINT default 0 NOT NULL,	[FLD_FOREIGN_KEY] TINYINT default 0 NOT NULL,	[FLD_FOREIGN_KEY_TABLE] VARCHAR(32) default '' NOT NULL,	[FLD_DYN_NAME] VARCHAR(128) default '' NULL,	[FLD_DYN_UID] VARCHAR(128) default '' NULL,	[FLD_FILTER] TINYINT default 0 NULL,	CONSTRAINT FIELDS_PK PRIMARY KEY ([FLD_UID]))
CREATE TABLE [GROUP_USER](	[GRP_UID] VARCHAR(32) default '0' NOT NULL,	[USR_UID] VARCHAR(32) default '0' NOT NULL,	CONSTRAINT GROUP_USER_PK PRIMARY KEY ([GRP_UID],[USR_UID]))
SELECT * FROM sysobjects WHERE name='" . $sTableName . "' AND xtype='U') " . "DROP TABLE ['" . $sTableName . "']";
CREATE TABLE `BPMN_PROCESS`(	`PRO_UID` VARCHAR(32) default '' NOT NULL,	`PRJ_UID` VARCHAR(32) NOT NULL,	`DIA_UID` VARCHAR(32),	`PRO_NAME` VARCHAR(255) NOT NULL,	`PRO_TYPE` VARCHAR(10) default 'NONE' NOT NULL,	`PRO_IS_EXECUTABLE` TINYINT default 0 NOT NULL,	`PRO_IS_CLOSED` TINYINT default 0 NOT NULL,	`PRO_IS_SUBPROCESS` TINYINT default 0 NOT NULL,	PRIMARY KEY (`PRO_UID`),	KEY `BPMN_PROCESS_I_1`(`PRO_UID`),	KEY `BPMN_PROCESS_I_2`(`PRJ_UID`),	CONSTRAINT `fk_bpmn_process_project`		FOREIGN KEY (`PRJ_UID`)		REFERENCES `BPMN_PROJECT` (`PRJ_UID`))
select id from ${seqname}
CREATE TABLE [HOLIDAY](	[HLD_UID] INT NOT NULL IDENTITY,	[HLD_DATE] VARCHAR(10) default '0000-00-00' NOT NULL,	[HLD_DESCRIPTION] VARCHAR(200) default '' NOT NULL,	CONSTRAINT HOLIDAY_PK PRIMARY KEY ([HLD_UID]))
SELECT * FROM GROUPWF" type="filterform" sqlConnection="" deleteRow="0" menu="groups/groups_Options" filterForm="groups/groups_Search" width="100%
CREATE TABLE IF NOT EXISTS `OBJECT_PERMISSION` ( `OP_UID` varchar(32) NOT NULL, `PRO_UID` varchar(32) NOT NULL, `TAS_UID` varchar(32) NOT NULL, `USR_UID` varchar(32) NOT NULL, `OP_USER_RELATION` int(1) NOT NULL default '1', `OP_TASK_SOURCE` varchar(32) NOT NULL, `OP_PARTICIPATE` int(1) NOT NULL default '1', `OP_OBJ_TYPE` varchar(15) NOT NULL default 'ANY', `OP_OBJ_UID` varchar(32) NOT NULL, `OP_ACTION` varchar(10) NOT NULL default 'VIEW', KEY `PRO_UID` (`PRO_UID`,`TAS_UID`,`USR_UID`,`OP_TASK_SOURCE`,`OP_OBJ_UID`) )
SELECT * FROM sysobjects WHERE name='" . $table . "' AND type='u'
CREATE TABLE `PMOAUTH_USER_ACCESS_TOKENS`(	`ACCESS_TOKEN` VARCHAR(40) NOT NULL,	`REFRESH_TOKEN` VARCHAR(40) NOT NULL,	`USER_ID` VARCHAR(32),	`SESSION_ID` VARCHAR(64) NOT NULL,	`SESSION_NAME` VARCHAR(64) NOT NULL,	PRIMARY KEY (`ACCESS_TOKEN`))
CREATE TABLE WEB_ENTRY_EVENT( WEE_UID VARCHAR(32) NOT NULL, PRJ_UID VARCHAR(32) NOT NULL, EVN_UID VARCHAR(32) NOT NULL, ACT_UID VARCHAR(32) NOT NULL, DYN_UID VARCHAR(32) NOT NULL, USR_UID VARCHAR(32) NOT NULL, WEE_STATUS VARCHAR(10) NOT NULL DEFAULT 'ENABLED', WEE_WE_UID VARCHAR(32) NOT NULL DEFAULT '', WEE_WE_TAS_UID VARCHAR(32) NOT NULL DEFAULT '', CONSTRAINT WEB_ENTRY_EVENT_PK PRIMARY KEY (WEE_UID))
select * from LANGUAGE');
INSERT INTO RBAC_ROLES_PERMISSIONS VALUES ('00000000000000000000000000000004', '00000000000000000000000000000019')
CREATE TABLE `APP_DOCUMENT`(	`APP_DOC_UID` VARCHAR(32) default '' NOT NULL,	`DOC_VERSION` INTEGER default 1 NOT NULL,	`APP_UID` VARCHAR(32) default '' NOT NULL,	`DEL_INDEX` INTEGER default 0 NOT NULL,	`DOC_UID` VARCHAR(32) default '' NOT NULL,	`USR_UID` VARCHAR(32) default '' NOT NULL,	`APP_DOC_TYPE` VARCHAR(32) default '' NOT NULL,	`APP_DOC_CREATE_DATE` DATETIME NOT NULL,	`APP_DOC_INDEX` INTEGER NOT NULL,	`FOLDER_UID` VARCHAR(32) default '',	`APP_DOC_PLUGIN` VARCHAR(150) default '',	`APP_DOC_TAGS` MEDIUMTEXT,	`APP_DOC_STATUS` VARCHAR(32) default 'ACTIVE' NOT NULL,	`APP_DOC_STATUS_DATE` DATETIME,	`APP_DOC_FIELDNAME` VARCHAR(150), `APP_DOC_DRIVE_DOWNLOAD` MEDIUMTEXT, `SYNC_WITH_DRIVE` VARCHAR(32) default 'UNSYNCHRONIZED' NOT NULL, `SYNC_PERMISSIONS` MEDIUMTEXT,	PRIMARY KEY (`APP_DOC_UID`,`DOC_VERSION`),	KEY `indexAppDocument`(`FOLDER_UID`, `APP_DOC_UID`))
UPDATE USERS SET USR_USERNAME = %s, USR_PASSWORD = %s  WHERE USR_UID = 00000000000000000000000000000001
CREATE TABLE `TASK_USER`(	`TAS_UID` VARCHAR(32) default '' NOT NULL,	`USR_UID` VARCHAR(32) default '' NOT NULL,	`TU_TYPE` INTEGER default 1 NOT NULL,	`TU_RELATION` INTEGER default 0 NOT NULL,	PRIMARY KEY (`TAS_UID`,`USR_UID`,`TU_TYPE`,`TU_RELATION`))
CREATE TABLE `BPMN_GATEWAY`(	`GAT_UID` VARCHAR(32) default '' NOT NULL,	`PRJ_UID` VARCHAR(32) default '' NOT NULL,	`PRO_UID` VARCHAR(32) default '',	`GAT_NAME` VARCHAR(255),	`GAT_TYPE` VARCHAR(30) default '' NOT NULL,	`GAT_DIRECTION` VARCHAR(30) default 'UNSPECIFIED',	`GAT_INSTANTIATE` TINYINT default 0,	`GAT_EVENT_GATEWAY_TYPE` VARCHAR(20) default 'NONE',	`GAT_ACTIVATION_COUNT` INTEGER default 0,	`GAT_WAITING_FOR_START` TINYINT default 1,	`GAT_DEFAULT_FLOW` VARCHAR(32) default '',	PRIMARY KEY (`GAT_UID`),	KEY `BPMN_GATEWAY_I_1`(`GAT_UID`),	KEY `BPMN_GATEWAY_I_2`(`PRJ_UID`),	KEY `BPMN_GATEWAY_I_3`(`PRO_UID`),	CONSTRAINT `fk_bpmn_gateway_project`		FOREIGN KEY (`PRJ_UID`)		REFERENCES `BPMN_PROJECT` (`PRJ_UID`),	CONSTRAINT `fk_bpmn_gateway_process`		FOREIGN KEY (`PRO_UID`)		REFERENCES `BPMN_PROCESS` (`PRO_UID`))
Select IC_UID, IC_NAME from ISO_COUNTRY
SELECT STORE_ID FROM ADDONS_MANAGER WHERE ADDON_NAME = '" . $namePlugin . "'
INSERT INTO RBAC_ROLES_PERMISSIONS VALUES ('00000000000000000000000000000003','00000000000000000000000000000005')
CREATE TABLE `SESSION`(	`SES_UID` VARCHAR(32) default '' NOT NULL,	`SES_STATUS` VARCHAR(16) default 'ACTIVE' NOT NULL,	`USR_UID` VARCHAR(32) default 'ACTIVE' NOT NULL,	`SES_REMOTE_IP` VARCHAR(32) default '0.0.0.0' NOT NULL,	`SES_INIT_DATE` VARCHAR(19) default '' NOT NULL,	`SES_DUE_DATE` VARCHAR(19) default '' NOT NULL,	`SES_END_DATE` VARCHAR(19) default '' NOT NULL,	PRIMARY KEY (`SES_UID`),	KEY `indexSession`(`SES_UID`))
INSERT INTO RBAC_ROLES_PERMISSIONS VALUES ('00000000000000000000000000000002','00000000000000000000000000000016')
CREATE TABLE [OBJECT_PERMISSION](	[OP_UID] VARCHAR(32) default '0' NOT NULL,	[PRO_UID] VARCHAR(32) default '0' NOT NULL,	[TAS_UID] VARCHAR(32) default '0' NOT NULL,	[USR_UID] VARCHAR(32) default '0' NOT NULL,	[OP_USER_RELATION] INT default 0 NOT NULL,	[OP_TASK_SOURCE] VARCHAR(32) default '0' NULL,	[OP_PARTICIPATE] INT default 0 NOT NULL,	[OP_OBJ_TYPE] VARCHAR(15) default '0' NOT NULL,	[OP_OBJ_UID] VARCHAR(32) default '0' NOT NULL,	[OP_ACTION] VARCHAR(10) default '0' NOT NULL,	[OP_CASE_STATUS] VARCHAR(10) default '0' NULL,	CONSTRAINT OBJECT_PERMISSION_PK PRIMARY KEY ([OP_UID]))
SELECT * FROM LEXICO WHERE LEX_KEY = '" . $ARR_WEEKDAYS[0][$id] . "' AND LEX_TOPIC ='HOLIDAY' " );
SELECT public_key from %s where client_id=:client_id AND subject=:subject', $this->config['jwt_table']));
SELECT proname FROM pg_proc';
CREATE TABLE clientinfo ( id char(40) NOT NULL default '', name char(100) NOT NULL default '', version char(20) NOT NULL default '', resultsURL char(255) NOT NULL default '')
CREATE TABLE [CALENDAR_BUSINESS_HOURS](	[CALENDAR_UID] VARCHAR(32) default '' NOT NULL,	[CALENDAR_BUSINESS_DAY] VARCHAR(10) default '' NOT NULL,	[CALENDAR_BUSINESS_START] VARCHAR(10) default '' NOT NULL,	[CALENDAR_BUSINESS_END] VARCHAR(10) default '' NOT NULL,	CONSTRAINT CALENDAR_BUSINESS_HOURS_PK PRIMARY KEY ([CALENDAR_UID],[CALENDAR_BUSINESS_DAY],[CALENDAR_BUSINESS_START],[CALENDAR_BUSINESS_END]))
SELECT USR_USERNAME, APP_CODE, ROL_UID, USR_UID, ROL_CODE, ROL_DESCRIPTION, ROL_APPLICATION FROM USER_ROLE AS A LEFT JOIN USERS AS U ON (USR_UID = U.UID) LEFT JOIN ROLE AS R ON (ROL_UID = R.UID) LEFT JOIN APPLICATION AS P ON (ROL_APPLICATION = P.UID) WHERE USR_UID = @#CURRENT_USER
CREATE TABLE `CALENDAR_HOLIDAYS`(	`CALENDAR_UID` VARCHAR(32) default '' NOT NULL,	`CALENDAR_HOLIDAY_NAME` VARCHAR(100) default '' NOT NULL,	`CALENDAR_HOLIDAY_START` DATETIME NOT NULL,	`CALENDAR_HOLIDAY_END` DATETIME NOT NULL,	PRIMARY KEY (`CALENDAR_UID`,`CALENDAR_HOLIDAY_NAME`))
CREATE TABLE OBJECT_PERMISSION ( OP_UID varchar(32) NOT NULL, PRO_UID varchar(32) NOT NULL, TAS_UID varchar(32) NOT NULL, USR_UID varchar(32) NOT NULL, OP_USER_RELATION int NOT NULL default '1', OP_TASK_SOURCE varchar(32) NOT NULL, OP_PARTICIPATE int NOT NULL default '1', OP_OBJ_TYPE varchar(15) NOT NULL default 'ANY', OP_OBJ_UID varchar(32) NOT NULL, OP_ACTION varchar(10) NOT NULL default 'VIEW', CONSTRAINT PK_PRO_UID PRIMARY KEY CLUSTERED (PRO_UID, TAS_UID,USR_UID, OP_TASK_SOURCE, OP_OBJ_UID) )
SELECT * FROM LEXICO WHERE LEX_KEY = '$day' AND LEX_TOPIC ='HOLIDAY' " );
SELECT * FROM dynaForm WHERE XMLNODE_NAME="' . $Fields['XMLNODE_NAME'] . '"');
CREATE TABLE `OAUTH_SCOPES`(	`TYPE` VARCHAR(40) NOT NULL,	`SCOPE` VARCHAR(2000),	`CLIENT_ID` VARCHAR(80))
SELECT LOG_STATUS FROM LOGIN WHERE LOG_SID = '" . session_id() . "'
SELECT datname FROM pg_database';
CREATE TABLE [REPORT_VAR](	[REP_VAR_UID] VARCHAR(32) default '' NOT NULL,	[PRO_UID] VARCHAR(32) default '' NOT NULL,	[REP_TAB_UID] VARCHAR(32) default '' NOT NULL,	[REP_VAR_NAME] VARCHAR(255) default '' NOT NULL,	[REP_VAR_TYPE] VARCHAR(20) default '' NOT NULL,	CONSTRAINT REPORT_VAR_PK PRIMARY KEY ([REP_VAR_UID]))
SELECT * FROM APP_DELEGATION WHERE APP_PROC_CODE="'.$sCaseNumber.'" ');
CREATE TABLE `LIST_UNASSIGNED_GROUP`(	`UNA_UID` VARCHAR(32) default '' NOT NULL,	`USR_UID` VARCHAR(32) default '' NOT NULL,	`TYPE` VARCHAR(255) default '' NOT NULL,	`TYP_UID` VARCHAR(32) default '' NOT NULL,	PRIMARY KEY (`UNA_UID`,`USR_UID`,`TYPE`))
create table if not exists table1( a bigint(13) not null primary key, b char(4) not null, c char(50) not null, d int(9) not null,)
CREATE TABLE [SESSION](	[SES_UID] VARCHAR(32) default '' NOT NULL,	[SES_STATUS] VARCHAR(16) default 'ACTIVE' NOT NULL,	[USR_UID] VARCHAR(32) default 'ACTIVE' NOT NULL,	[SES_REMOTE_IP] VARCHAR(32) default '0.0.0.0' NOT NULL,	[SES_INIT_DATE] VARCHAR(19) default '' NOT NULL,	[SES_DUE_DATE] VARCHAR(19) default '' NOT NULL,	[SES_END_DATE] VARCHAR(19) default '' NOT NULL,	CONSTRAINT SESSION_PK PRIMARY KEY ([SES_UID]))
CREATE TABLE `RBAC_USERS_ROLES`(	`USR_UID` VARCHAR(32) default '' NOT NULL,	`ROL_UID` VARCHAR(32) default '' NOT NULL,	PRIMARY KEY (`USR_UID`,`ROL_UID`))
CREATE TABLE `EMAIL_EVENT`(	`EMAIL_EVENT_UID` VARCHAR(32) NOT NULL,	`PRJ_UID` VARCHAR(32) default '' NOT NULL,	`EVN_UID` VARCHAR(32) NOT NULL,	`EMAIL_EVENT_FROM` VARCHAR(100) default '' NOT NULL,	`EMAIL_EVENT_TO` MEDIUMTEXT NOT NULL,	`EMAIL_EVENT_SUBJECT` VARCHAR(150) default '',	`PRF_UID` VARCHAR(32) default '',	PRIMARY KEY (`EMAIL_EVENT_UID`))
SELECT * from %s where username=:username', $this->config['user_table']));
SELECT name FROM sqlite_master WHERE name='
SELECT * FROM GROUPWF" type="xmlform" sqlConnection="" deleteRow="0" menu="groups/groups_Options" filterForm="groups/groups_Search" width="95%" enableTemplate="1
CREATE TABLE [APP_OWNER](	[APP_UID] VARCHAR(32) default '' NOT NULL,	[OWN_UID] VARCHAR(32) default '' NOT NULL,	[USR_UID] VARCHAR(32) default '' NOT NULL,	CONSTRAINT APP_OWNER_PK PRIMARY KEY ([APP_UID],[OWN_UID],[USR_UID]))
SELECT * FROM %s WHERE USR_USERNAME=:username', $this->config['user_table']));
select tabname from systables where tabid >= 100';
SELECT USR_UID, USR_USERNAME, USR_FIRSTNAME, USR_LASTNAME, USR_EMAIL, USR_STATUS FROM RBAC_USERS
CREATE TABLE [CASE_TRACKER](	[PRO_UID] VARCHAR(32) default '0' NOT NULL,	[CT_MAP_TYPE] VARCHAR(10) default '0' NOT NULL,	[CT_DERIVATION_HISTORY] INT default 0 NOT NULL,	[CT_MESSAGE_HISTORY] INT default 0 NOT NULL,	CONSTRAINT CASE_TRACKER_PK PRIMARY KEY ([PRO_UID]))
CREATE TABLE [APP_DOCUMENT](	[APP_DOC_UID] VARCHAR(32) default '' NOT NULL,	[DOC_VERSION] INT default 1 NOT NULL,	[APP_UID] VARCHAR(32) default '' NOT NULL,	[DEL_INDEX] INT default 0 NOT NULL,	[DOC_UID] VARCHAR(32) default '' NOT NULL,	[USR_UID] VARCHAR(32) default '' NOT NULL,	[APP_DOC_TYPE] VARCHAR(32) default '' NOT NULL,	[APP_DOC_CREATE_DATE] CHAR(19) NOT NULL,	[APP_DOC_INDEX] INT NOT NULL,	[FOLDER_UID] VARCHAR(32) default '' NULL,	[APP_DOC_PLUGIN] VARCHAR(150) default '' NULL,	[APP_DOC_TAGS] NVARCHAR(MAX) NULL,	[APP_DOC_STATUS] VARCHAR(32) default 'ACTIVE' NOT NULL,	[APP_DOC_STATUS_DATE] CHAR(19) NULL,	[APP_DOC_FIELDNAME] VARCHAR(150) NULL,	CONSTRAINT APP_DOCUMENT_PK PRIMARY KEY ([APP_DOC_UID],[DOC_VERSION]))
SELECT UID, DATE, DESCRIPTION FROM HOLIDAY" sqlconnection="" xmlPopup="setup/Holiday" onUpdateField="onUpdate(this.form);
CREATE INDEX ndx_created ON {$this->database_table} (created)
CREATE TABLE `RBAC_ROLES`(	`ROL_UID` VARCHAR(32) default '' NOT NULL,	`ROL_PARENT` VARCHAR(32) default '' NOT NULL,	`ROL_SYSTEM` VARCHAR(32) default '' NOT NULL,	`ROL_CODE` VARCHAR(32) default '' NOT NULL,	`ROL_CREATE_DATE` DATETIME,	`ROL_UPDATE_DATE` DATETIME,	`ROL_STATUS` INTEGER default 1 NOT NULL,	PRIMARY KEY (`ROL_UID`))
select * from serverinfo where service_id='$id' and name='{$server->name}'
CREATE TABLE APP_ASSIGN_SELF_SERVICE_VALUE( APP_UID VARCHAR2(32) NOT NULL, DEL_INDEX NUMBER DEFAULT 0 NOT NULL, PRO_UID VARCHAR2(32) NOT NULL, TAS_UID VARCHAR2(32) NOT NULL, GRP_UID VARCHAR2(32) DEFAULT '' NOT NULL)
INSERT INTO RBAC_ROLES_PERMISSIONS VALUES ('00000000000000000000000000000002','00000000000000000000000000000007')
INSERT INTO RBAC_ROLES_PERMISSIONS VALUES ('00000000000000000000000000000002','00000000000000000000000000000011')
SELECT * FROM user WHERE user = '$username' AND host = '$hostname'
CREATE TABLE `PROCESS_FILES`(	`PRF_UID` VARCHAR(32) NOT NULL,	`PRO_UID` VARCHAR(32) NOT NULL,	`USR_UID` VARCHAR(32) NOT NULL,	`PRF_UPDATE_USR_UID` VARCHAR(32) NOT NULL,	`PRF_PATH` VARCHAR(256) default '' NOT NULL,	`PRF_TYPE` VARCHAR(32) default '',	`PRF_EDITABLE` TINYINT default 1,	`PRF_CREATE_DATE` DATETIME NOT NULL,	`PRF_UPDATE_DATE` DATETIME,	PRIMARY KEY (`PRF_UID`))
INSERT INTO RBAC_ROLES_PERMISSIONS VALUES ('00000000000000000000000000000004', '00000000000000000000000000000008')
INSERT INTO RBAC_PERMISSIONS VALUES ('00000000000000000000000000000002','PM_SETUP','2007-08-03 12:24:36','2007-08-03 12:24:36',1,'00000000000000000000000000000002')
INSERT INTO RBAC_PERMISSIONS VALUES ('00000000000000000000000000000011','PM_DASHBOARD','2009-02-18 00:00:00','2009-02-18 00:00:00',1,'00000000000000000000000000000002')
CREATE TABLE `ABE_CONFIGURATION`(	`ABE_UID` VARCHAR(32) default '' NOT NULL,	`PRO_UID` VARCHAR(32) default '' NOT NULL,	`TAS_UID` VARCHAR(32) default '' NOT NULL,	`ABE_TYPE` VARCHAR(10) default '' NOT NULL,	`ABE_TEMPLATE` VARCHAR(100) default '' NOT NULL,	`ABE_DYN_TYPE` VARCHAR(10) default 'NORMAL' NOT NULL,	`DYN_UID` VARCHAR(32) default '' NOT NULL,	`ABE_EMAIL_FIELD` VARCHAR(255) default '' NOT NULL,	`ABE_ACTION_FIELD` VARCHAR(255) default '',	`ABE_CASE_NOTE_IN_RESPONSE` INTEGER default 0,	`ABE_CREATE_DATE` DATETIME NOT NULL,	`ABE_UPDATE_DATE` DATETIME,	`ABE_SUBJECT_FIELD` VARCHAR(100) default '',	`ABE_MAILSERVER_OR_MAILCURRENT` INTEGER default 0,	`ABE_CUSTOM_GRID` MEDIUMTEXT,	PRIMARY KEY (`ABE_UID`))
INSERT INTO RBAC_ROLES_PERMISSIONS VALUES ('00000000000000000000000000000004', '00000000000000000000000000000001')
SELECT COUNT(*) FROM REPORT_TABLE') || ($bExists = false);
SELECT CON_CATEGORY, CON_PARENT, CON_ID , CON_LANG, CON_VALUE FROM CONTENT_BACKUP" );
CREATE TABLE `CONFIGURATION`(	`CFG_UID` VARCHAR(32) default '' NOT NULL,	`OBJ_UID` VARCHAR(128) default '' NOT NULL,	`CFG_VALUE` MEDIUMTEXT NOT NULL,	`PRO_UID` VARCHAR(32) default '' NOT NULL,	`USR_UID` VARCHAR(32) default '' NOT NULL,	`APP_UID` VARCHAR(32) default '' NOT NULL,	PRIMARY KEY (`CFG_UID`,`OBJ_UID`,`PRO_UID`,`USR_UID`,`APP_UID`))
CREATE TABLE `MESSAGE_TYPE`(	`MSGT_UID` VARCHAR(32) NOT NULL,	`PRJ_UID` VARCHAR(32) NOT NULL,	`MSGT_NAME` VARCHAR(512) default '',	PRIMARY KEY (`MSGT_UID`))
INSERT INTO RBAC_PERMISSIONS VALUES ('00000000000000000000000000000016','PM_FOLDERS_ADD_FOLDER','2009-10-12 00:00:00','0000-00-00 00:00:00',1,'00000000000000000000000000000002')
CREATE TABLE `MESSAGE_EVENT_DEFINITION`(	`MSGED_UID` VARCHAR(32) NOT NULL,	`PRJ_UID` VARCHAR(32) NOT NULL,	`EVN_UID` VARCHAR(32) NOT NULL,	`MSGT_UID` VARCHAR(32) default '' NOT NULL,	`MSGED_USR_UID` VARCHAR(32) default '' NOT NULL,	`MSGED_VARIABLES` MEDIUMTEXT NOT NULL,	`MSGED_CORRELATION` VARCHAR(512) default '' NOT NULL,	PRIMARY KEY (`MSGED_UID`))
SELECT * FROM information_schema.processlist WHERE command = 'Sleep' and user = SUBSTRING_INDEX(USER(),'@',1) and db = DATABASE() ORDER BY id;
CREATE TABLE [MESSAGE](	[MES_UID] VARCHAR(32) NOT NULL,	[PRJ_UID] VARCHAR(32) NOT NULL,	[MES_NAME] VARCHAR(255) default '' NULL,	[MES_CONDITION] VARCHAR(255) default '' NULL,	CONSTRAINT MESSAGE_PK PRIMARY KEY ([MES_UID]))
CREATE TABLE `LEXICO`(	`LEX_TOPIC` VARCHAR(64) default '' NOT NULL,	`LEX_KEY` VARCHAR(128) default '' NOT NULL,	`LEX_VALUE` VARCHAR(128) default '' NOT NULL,	`LEX_CAPTION` VARCHAR(128) default '' NOT NULL,	PRIMARY KEY (`LEX_TOPIC`,`LEX_KEY`))
select * from $table ORDER BY TRN_CATEGORY ASC , TRN_ID ASC , TRN_LANG ASC 
CREATE TABLE `FIELDS`(	`FLD_UID` VARCHAR(32) default '' NOT NULL,	`ADD_TAB_UID` VARCHAR(32) default '' NOT NULL,	`FLD_INDEX` INTEGER default 1 NOT NULL,	`FLD_NAME` VARCHAR(60) default '' NOT NULL,	`FLD_DESCRIPTION` MEDIUMTEXT NOT NULL,	`FLD_TYPE` VARCHAR(20) default '' NOT NULL,	`FLD_SIZE` INTEGER default 0,	`FLD_NULL` TINYINT default 1 NOT NULL,	`FLD_AUTO_INCREMENT` TINYINT default 0 NOT NULL,	`FLD_KEY` TINYINT default 0 NOT NULL,	`FLD_TABLE_INDEX` TINYINT default 0 NOT NULL,	`FLD_FOREIGN_KEY` TINYINT default 0,	`FLD_FOREIGN_KEY_TABLE` VARCHAR(32) default '' NOT NULL,	`FLD_DYN_NAME` VARCHAR(128) default '',	`FLD_DYN_UID` VARCHAR(128) default '',	`FLD_FILTER` TINYINT default 0,	PRIMARY KEY (`FLD_UID`))
CREATE TABLE [APP_HISTORY](	[APP_UID] VARCHAR(32) default '' NOT NULL,	[DEL_INDEX] INT default 0 NOT NULL,	[PRO_UID] VARCHAR(32) default '' NOT NULL,	[TAS_UID] VARCHAR(32) default '' NOT NULL,	[DYN_UID] VARCHAR(32) default '' NOT NULL, [OBJ_TYPE] VARCHAR(20) default 'DYNAFORM' NOT NULL,	[USR_UID] VARCHAR(32) default '' NOT NULL,	[APP_STATUS] VARCHAR(100) default '' NOT NULL,	[HISTORY_DATE] CHAR(19) NULL,	[HISTORY_DATA] NVARCHAR(MAX) NOT NULL)
CREATE TABLE serverinfo ( id int(11) NOT NULL auto_increment, service_id char(40) NOT NULL default '', name char(100) NOT NULL default '', version char(20) NOT NULL default '', endpointURL char(255) NOT NULL default '', wsdlURL char(255) NOT NULL default '', PRIMARY KEY (id))
SELECT next_id FROM " . $table ." FOR UPDATE
SELECT * FROM ' . $this->_table . ' WHERE ' . $whereclause;
UPDATE USERS SET USR_USERNAME = %s, USR_LASTNAME = %s, USR_PASSWORD = %s  WHERE USR_UID = 00000000000000000000000000000001
CREATE TABLE [APP_MESSAGE](	[APP_MSG_UID] VARCHAR(32) NOT NULL,	[MSG_UID] VARCHAR(32) NULL,	[APP_UID] VARCHAR(32) default '' NOT NULL,	[DEL_INDEX] INT default 0 NOT NULL,	[APP_MSG_TYPE] VARCHAR(100) default '' NOT NULL,	[APP_MSG_SUBJECT] VARCHAR(150) default '' NOT NULL,	[APP_MSG_FROM] VARCHAR(100) default '' NOT NULL,	[APP_MSG_TO] NVARCHAR(MAX) NOT NULL,	[APP_MSG_BODY] NVARCHAR(MAX) NOT NULL,	[APP_MSG_DATE] CHAR(19) NOT NULL,	[APP_MSG_CC] NVARCHAR(MAX) NULL,	[APP_MSG_BCC] NVARCHAR(MAX) NULL,	[APP_MSG_TEMPLATE] NVARCHAR(MAX) NULL,	[APP_MSG_STATUS] VARCHAR(20) NULL,	[APP_MSG_ATTACH] NVARCHAR(MAX) NULL,	[APP_MSG_SEND_DATE] CHAR(19) NOT NULL,	[APP_MSG_SHOW_MESSAGE] TINYINT default 1 NOT NULL,	CONSTRAINT APP_MESSAGE_PK PRIMARY KEY ([APP_MSG_UID]))
CREATE TABLE `INPUT_DOCUMENT`(	`INP_DOC_UID` VARCHAR(32) default '' NOT NULL,	`PRO_UID` VARCHAR(32) default '0' NOT NULL,	`INP_DOC_FORM_NEEDED` VARCHAR(20) default 'REAL' NOT NULL,	`INP_DOC_ORIGINAL` VARCHAR(20) default 'COPY' NOT NULL,	`INP_DOC_PUBLISHED` VARCHAR(20) default 'PRIVATE' NOT NULL,	`INP_DOC_VERSIONING` TINYINT default 0 NOT NULL,	`INP_DOC_DESTINATION_PATH` MEDIUMTEXT,	`INP_DOC_TAGS` MEDIUMTEXT,	`INP_DOC_TYPE_FILE` VARCHAR(200) default '*.*',	`INP_DOC_MAX_FILESIZE` INTEGER default 0 NOT NULL,	`INP_DOC_MAX_FILESIZE_UNIT` VARCHAR(2) default 'KB' NOT NULL,	PRIMARY KEY (`INP_DOC_UID`))
CREATE TABLE [TASK_USER](	[TAS_UID] VARCHAR(32) default '' NOT NULL,	[USR_UID] VARCHAR(32) default '' NOT NULL,	[TU_TYPE] INT default 1 NOT NULL,	[TU_RELATION] INT default 0 NOT NULL,	CONSTRAINT TASK_USER_PK PRIMARY KEY ([TAS_UID],[USR_UID],[TU_TYPE],[TU_RELATION]))
CREATE TABLE `ELEMENT_TASK_RELATION`(	`ETR_UID` VARCHAR(32) NOT NULL,	`PRJ_UID` VARCHAR(32) NOT NULL,	`ELEMENT_UID` VARCHAR(32) NOT NULL,	`ELEMENT_TYPE` VARCHAR(50) default '' NOT NULL,	`TAS_UID` VARCHAR(32) NOT NULL,	`ELEMENT_UID_DEST` VARCHAR(32) default '',	PRIMARY KEY (`ETR_UID`))
SELECT * FROM $tablebak
CREATE TABLE [MESSAGE_DETAIL](	[MD_UID] VARCHAR(32) NOT NULL,	[MES_UID] VARCHAR(32) NOT NULL,	[MD_TYPE] VARCHAR(32) default '' NULL,	[MD_NAME] VARCHAR(255) default '' NULL,	CONSTRAINT MESSAGE_DETAIL_PK PRIMARY KEY ([MD_UID]))
CREATE TABLE [APPLICATION](	[APP_UID] VARCHAR(32) default '' NOT NULL,	[APP_NUMBER] INT default 0 NOT NULL,	[APP_PARENT] VARCHAR(32) default '0' NOT NULL,	[APP_STATUS] VARCHAR(100) default '' NOT NULL,	[PRO_UID] VARCHAR(32) default '' NOT NULL,	[APP_PROC_STATUS] VARCHAR(100) default '' NOT NULL,	[APP_PROC_CODE] VARCHAR(100) default '' NOT NULL,	[APP_PARALLEL] VARCHAR(32) default 'NO' NOT NULL,	[APP_INIT_USER] VARCHAR(32) default '' NOT NULL,	[APP_CUR_USER] VARCHAR(32) default '' NOT NULL,	[APP_CREATE_DATE] CHAR(19) NOT NULL,	[APP_INIT_DATE] CHAR(19) NOT NULL,	[APP_FINISH_DATE] CHAR(19) NULL,	[APP_UPDATE_DATE] CHAR(19) NOT NULL,	[APP_DATA] NVARCHAR(MAX) NOT NULL,	[APP_PIN] VARCHAR(32) default '' NOT NULL,	CONSTRAINT APPLICATION_PK PRIMARY KEY ([APP_UID]))
SELECT * from ' . $tableName;
CREATE TABLE `RBAC_SYSTEMS`(	`SYS_UID` VARCHAR(32) default '' NOT NULL,	`SYS_CODE` VARCHAR(32) default '' NOT NULL,	`SYS_CREATE_DATE` DATETIME,	`SYS_UPDATE_DATE` DATETIME,	`SYS_STATUS` INTEGER default 0 NOT NULL,	PRIMARY KEY (`SYS_UID`))
INSERT INTO RBAC_ROLES_PERMISSIONS VALUES ('00000000000000000000000000000002','00000000000000000000000000000001')
CREATE TABLE ".$this->quoteIdentifier($table->getName())
CREATE TABLE [DIM_TIME_DELEGATE](	[TIME_ID] VARCHAR(10) default '' NOT NULL,	[MONTH_ID] INT default 0 NOT NULL,	[QTR_ID] INT default 0 NOT NULL,	[YEAR_ID] INT default 0 NOT NULL,	[MONTH_NAME] VARCHAR(3) default '0' NOT NULL,	[MONTH_DESC] VARCHAR(9) default '' NOT NULL,	[QTR_NAME] VARCHAR(4) default '' NOT NULL,	[QTR_DESC] VARCHAR(9) default '' NOT NULL,	CONSTRAINT DIM_TIME_DELEGATE_PK PRIMARY KEY ([TIME_ID]))
SELECT COUNT(*) FROM " . $tableName . " WHERE 
CREATE TABLE `SUB_PROCESS`(	`SP_UID` VARCHAR(32) default '' NOT NULL,	`PRO_UID` VARCHAR(32) default '' NOT NULL,	`TAS_UID` VARCHAR(32) default '' NOT NULL,	`PRO_PARENT` VARCHAR(32) default '' NOT NULL,	`TAS_PARENT` VARCHAR(32) default '' NOT NULL,	`SP_TYPE` VARCHAR(20) default '' NOT NULL,	`SP_SYNCHRONOUS` INTEGER default 0 NOT NULL,	`SP_SYNCHRONOUS_TYPE` VARCHAR(20) default '' NOT NULL,	`SP_SYNCHRONOUS_WAIT` INTEGER default 0 NOT NULL,	`SP_VARIABLES_OUT` MEDIUMTEXT NOT NULL,	`SP_VARIABLES_IN` MEDIUMTEXT,	`SP_GRID_IN` VARCHAR(50) default '' NOT NULL,	PRIMARY KEY (`SP_UID`),	KEY `indexSubProcess`(`PRO_UID`, `PRO_PARENT`))
CREATE TABLE services ( id char(40) NOT NULL default '', name char(50) NOT NULL default '', description char(255) NOT NULL default '', wsdlURL char(255) NOT NULL default '', websiteURL char(255) NOT NULL default '', PRIMARY KEY (id))
CREATE TABLE `MESSAGE_EVENT_RELATION`(	`MSGER_UID` VARCHAR(32) NOT NULL,	`PRJ_UID` VARCHAR(32) NOT NULL,	`EVN_UID_THROW` VARCHAR(32) NOT NULL,	`EVN_UID_CATCH` VARCHAR(32) NOT NULL,	PRIMARY KEY (`MSGER_UID`))
select id from services where id='{$service->id}'
INSERT INTO RBAC_ROLES_PERMISSIONS VALUES ('00000000000000000000000000000004', '00000000000000000000000000000005')
