INSERT INTO Shirts VALUES(NULL, 61,'LXK72CHG5PJ','S')
INSERT INTO Shirts VALUES(NULL, 66,'NII10MKY9NP','S')
INSERT INTO Shirts VALUES(NULL, 67,'EVN79RLB6CH','L')
INSERT INTO Shirts VALUES(NULL, 41,'AEH89LBZ9OD','S')
select val from Test
INSERT INTO Shirts VALUES(NULL, 89,'WNV38CDS9FZ','M')
INSERT INTO People VALUES(null,'Mendez',-4,'HVH36KGX4OU','fcdb78c2-239f-446e-bf37-53f164eda6b0')
INSERT INTO Shirts VALUES(NULL, 60,'RWZ67SQB7YY','L')
insert into a values ('row 1')
INSERT INTO Shirts VALUES(NULL, 85,'BUX20UIV7SY','M')
INSERT INTO People VALUES(null,'Kaufman',-24.5,'ZEX20GFD7JI','4b0c0871-9ba4-447c-b802-7f266b73b2f0')
INSERT INTO People VALUES(null,'Britt',6,'DGR12ITG4QV','3f538ea3-f694-4546-b63a-932d5ef5ccad')
Insert Into EmployeeTerritories Values (6,'85014')
INSERT INTO Shirts VALUES(NULL, 91,'VPL30HJV1RK','L')
INSERT INTO Shirts VALUES(NULL, 35,'RPC76FGG2FS','M')
SELECT zColumn FROM zDb.zTable WHERE [rowid] = iRow;
Insert Into Territories Values ('98052','Redmond',2)
INSERT INTO Shirts VALUES(NULL, 6,'IWT22DLV0VF','S')
INSERT INTO Shirts VALUES(NULL, 52,'SCQ36IXP9FG','S')
insert into tbl1 values(533312314200 ,310)
INSERT INTO Shirts VALUES(NULL, 12,'CCS00GEV9TK','S')
INSERT INTO Shirts VALUES(NULL, 89,'SRM21SBD4CT','M')
INSERT INTO Shirts VALUES(NULL, 42,'WQT96GHP6EA','M')
UPDATE People SET name = different  WHERE id = 1
INSERT INTO Shirts VALUES(NULL, 43,'VVO22DVB0JP','L')
INSERT INTO Shirts VALUES(NULL, 70,'ZFK75WWN9IT','L')
SELECT COUNT(*) FROM People WHERE name = 'different';
INSERT INTO Shirts VALUES(NULL, 18,'SZA12HOI8KY','M')
Insert Into Territories Values ('90405','Santa Monica',2)
INSERT INTO Shirts VALUES(NULL, 39,'BGA39QPS2TH','L')
insert into tbl1 values(1,10)
INSERT INTO Shirts VALUES(NULL, 40,'YYS02AHX3OP','L')
INSERT INTO Shirts VALUES(NULL, 89,'VTD20NND4GS','M')
INSERT INTO Shirts VALUES(NULL, 57,'KLQ15WCT1QZ','M')
INSERT INTO Shirts VALUES(NULL, 44,'WBE35HQJ2ZR','L')
Insert Into Territories Values ('10019','New York',1)
create table [t{0}] (id, name, amount)
INSERT INTO Shirts VALUES(NULL, 6,'BOO98IKI6IZ','L')
INSERT INTO People VALUES(null,'Pickett',20.5,'AQS90EGK7GT','c7181b8e-91ac-47e9-b162-1e1ec6d7f866')
INSERT INTO Shirts VALUES(NULL, 44,'ICZ43TEQ7VW','M')
INSERT INTO Shirts VALUES(NULL, 75,'EMN75UKN2LN','L')
INSERT INTO People VALUES(null,'Bonner',-6,'ZXA50KXM6JL','37c4c82b-2e9c-4d29-8136-949c8e677c33')
INSERT INTO Shirts VALUES(NULL, 94,'MHH79VCH2WJ','M')
INSERT INTO Shirts VALUES(NULL, 35,'FTH69AMJ8JD','M')
INSERT INTO Shirts VALUES(NULL, 100,'RUJ33LBB6IH','S')
SELECT COLA, COLB, COLC FROM TEST_TABLE
SELECT COUNT(*) FROM Shirts WHERE personid <> null;
Insert Into Territories Values ('75234','Dallas',4)
INSERT INTO Shirts VALUES(NULL, 66,'DXG87JJG6NM','L')
INSERT INTO People VALUES(null,'Gomez',-1.5,'MTL79XRN5NN','f31a0b0f-d83e-4276-a916-1d77c7371f79')
INSERT INTO Shirts VALUES(NULL, 94,'MBI61QLG1TL','L')
Insert Into Territories Values ('27511','Cary',1)
SELECT * FROM Root WHERE intIndex = ?
INSERT INTO People VALUES(null,'May',9,'YHK22UKD8KF','1512b356-aa0d-44c5-a1be-24a0c31880b8')
INSERT INTO Shirts VALUES(NULL, 81,'NQV18VAJ5DF','M')
Insert Into Territories Values ('07960','Morristown',1)
insert into tbl1 values('hello!',200)
SELECT * FROM tabA, (SELECT * FROM sub1, sub2), tabB;
SELECT col FROM tbl;
INSERT INTO Shirts VALUES(NULL, 100,'AKV61VCW5WK','L')
INSERT INTO Shirts VALUES(NULL, 93,'VPN91ICK9JD','L')
INSERT INTO Shirts VALUES(NULL, 92,'KNC26JOJ7QL','L')
INSERT INTO Shirts VALUES(NULL, 83,'LES93GYN8XH','L')
INSERT INTO Shirts VALUES(NULL, 30,'KSZ81CKR6YL','M')
Insert Into EmployeeTerritories Values (5,'10019')
INSERT INTO Shirts VALUES(NULL, 66,'UWL84GLF4HH','M')
Insert Into EmployeeTerritories Values (3,'32859')
insert into tbl1 values('2013-01-04 14:02:33.34 -0600',310)
INSERT INTO People VALUES(null,'Tillman',-13.5,'UTR07OVW5EO','3c85b675-c77a-480e-a148-a8270053eda9')
INSERT INTO People VALUES(null,'Frye',19.5,'JPZ38EVB7IX','27aade0e-220e-4ae2-a82e-7bba8f61032b')
INSERT INTO N_1 VALUES(4, 'txt_4_4_4_4_')
SELECT * FROM main.xxx;
INSERT INTO Shirts VALUES(NULL, 63,'SDD02ZCT4FR','L')
INSERT INTO Shirts VALUES(NULL, 20,'SIQ62WKY3CL','L')
INSERT INTO People VALUES(2, 'test')
INSERT INTO Shirts VALUES(NULL, 36,'YDG75MQX0XF','S')
Insert Into EmployeeTerritories Values (3,'33607')
SELECT * FROM <table2>
INSERT INTO Shirts VALUES(NULL, 85,'NHG30PVQ9WY','M')
insert into tbl1 values(-1.0,20)
INSERT INTO People VALUES(null,'Tran',17.5,'DYL60NBA9UB','660e0b3e-58b0-4dcf-9995-5b2f8a9485af')
INSERT INTO People VALUES(null,'Woodward',-0.5,'KAP90LHO2TI','21752826-0ede-4d65-aed2-6917faaba337')
INSERT INTO Shirts VALUES(NULL, 60,'PSZ63KDE5LF','M')
Insert Into Territories Values ('60601','Chicago',2)
INSERT INTO Shirts VALUES(NULL, 82,'HKF75SYK5DY','M')
insert into test values(null)
INSERT INTO Shirts VALUES(NULL, 63,'NYZ78RUF2RV','L')
create table tbl1(one text, two smallint)
INSERT INTO People VALUES(null,'Poole',18,'MNZ43ZCR9GF','0bbb1a8d-e0c9-4009-9092-ee54e8fc7c7d')
select * from a;";
INSERT INTO Shirts VALUES(NULL, 73,'TUR28JYJ6KL','L')
INSERT INTO Shirts VALUES(NULL, 12,'RFA99ORT0FI','L')
INSERT INTO Shirts VALUES(NULL, 91,'VZL26PUK9OR','M')
INSERT INTO Shirts VALUES(NULL, 56,'XFD50DEX8VY','S')
INSERT INTO Shirts VALUES(NULL, 30,'TLZ82MPH1BJ','M')
INSERT INTO Shirts VALUES(NULL, 45,'AZG49GNJ9GA','L')
INSERT INTO Shirts VALUES(NULL, 72,'NII10HTK6WP','M')
CREATE TABLE ex1(		/// a INTEGER PRIMARY KEY,		/// b INTEGER CONSTRAINT fk1 REFERENCES ex2(x)		/// )
INSERT INTO Shirts VALUES(NULL, 30,'XSB17DFP9HM','S')
INSERT INTO Shirts VALUES(NULL, 33,'YHS74SKW9ST','S')
INSERT INTO Shirts VALUES(NULL, 2,'DFM33MGI7WQ','L')
INSERT INTO People VALUES(null,'Malone',-24,'ENY71OOU8JO','c5793673-770b-49a7-bc55-c6e76f3b1d52')
SELECT name, rootpage, sql FROM '%q'.%s WHERE %s ORDER BY rowid
INSERT INTO People VALUES(null,'Hutchinson',15.5,'LHJ76LZM2NW','2f7dfe12-c0bd-455b-a5be-b81d6ec32f27')
INSERT INTO Shirts VALUES(NULL, 21,'UXQ38LTC9YT','L')
INSERT INTO Shirts VALUES(NULL, 70,'GSF71CYE1KP','M')
CREATE TABLE t2(c, d)
INSERT INTO Shirts VALUES(NULL, 64,'JCH78KDI8HD','S')
Insert Into Territories Values ('44122','Beachwood',3)
Insert Into Territories Values ('85014','Phoenix',2)
INSERT INTO Shirts VALUES(NULL, 11,'FUH55EMP4NT','M')
Insert Into EmployeeTerritories Values (2,'02139')
INSERT INTO Shirts VALUES(NULL, 2,'ZJI01DXL2WM','L')
Insert Into Territories Values ('01581','Westboro',1)
create table tbl1(one double, two smallint)
create table tbl1(one varchar(10), two integer)
INSERT INTO Shirts VALUES(NULL, 42,'KMU19EZT3FR','M')
Insert Into EmployeeTerritories Values (2,'01833')
INSERT INTO Shirts VALUES(NULL, 79,'IKS59LHC9EC','L')
INSERT INTO Shirts VALUES(NULL, 94,'ROF52GSA4XP','M')
INSERT INTO Shirts VALUES(NULL, 94,'VSC57DSA3HI','L')
Insert Into Territories Values ('03049','Hollis',3)
INSERT INTO Shirts VALUES(NULL, 75,'ABD55ZYM7EQ','M')
INSERT INTO Shirts VALUES(NULL, 15,'MLO58XON2EZ','L')
CREATE TABLE N_1(i INTEGER, t TEXT)
INSERT INTO Shirts VALUES(NULL, 49,'BBN79DYZ9BM','S')
Insert Into EmployeeTerritories Values (2,'40222')
Insert Into Territories Values ('31406','Savannah',4)
INSERT INTO People VALUES(null,'Cox',0.5,'EOO79YSJ9HH','74072a23-c0e2-4476-95c8-694f5f6cf7d5')
INSERT INTO Shirts VALUES(NULL, 27,'BPT99IVS0UG','S')
INSERT INTO Shirts VALUES(NULL, 90,'NDN91OZU4ZD','M')
INSERT INTO Shirts VALUES(NULL, 70,'LLC55OOU5CK','L')
INSERT INTO Shirts VALUES(NULL, 51,'IDV04LDX6HD','S')
INSERT INTO Shirts VALUES(NULL, 93,'DSL16UOW3WC','M')
INSERT INTO Shirts VALUES(NULL, 53,'SSF66DHR8SJ','L')
Insert Into EmployeeTerritories Values (7,'94105')
Insert Into EmployeeTerritories Values (5,'08837')
Insert Into EmployeeTerritories Values (7,'80909')
INSERT INTO Shirts VALUES(NULL, 37,'GXR93QWQ1MX','L')
INSERT INTO Shirts VALUES(NULL, 87,'JHY07QQK6TV','M')
INSERT INTO Shirts VALUES(NULL, 80,'PBG60MAA7OJ','S')
INSERT INTO People VALUES(null,'Mckee',12,'LBZ08VXO0QR','f24ee6be-b413-409c-a6cb-76c5eeb5de55')
select * from tbl1 order by one
INSERT INTO People VALUES(null,'Fulton',-9,'VCG70UYG2FW','79714a0c-5145-4e46-ac55-a9b651ba9220')
INSERT INTO Shirts VALUES(NULL, 42,'KDR35ZGH2CI','L')
INSERT INTO Shirts VALUES(NULL, 92,'FNS71OXZ3XI','M')
INSERT INTO Shirts VALUES(NULL, 80,'CNU57FWC3BZ','M')
insert into tbl1 values('helleo!',1)
INSERT INTO Shirts VALUES(NULL, 1,'DHA00VRZ2KP','S')
INSERT INTO Shirts VALUES(NULL, 62,'HYP44GQK9PM','S')
INSERT INTO Shirts VALUES(NULL, 19,'JTX90FBE4UO','L')
Insert Into Territories Values ('02139','Cambridge',1)
INSERT INTO People VALUES(null,'Berger',-15,'ZUL76XQU2YW','b76fd4eb-dc62-4d31-89f2-1fea91779120')
SELECT tbl, idx, stat FROM %Q.sqlite_stat1
insert into tbl1 values('test',10)
INSERT INTO Shirts VALUES(NULL, 53,'CCA11NXD6VC','S')
INSERT INTO Shirts VALUES(NULL, 38,'OVG69ZYH5SA','S')
Insert Into EmployeeTerritories Values (1,'06897')
Insert Into EmployeeTerritories Values (6,'98104')
insert into tbl1 values('helleo!',100)
Insert Into Territories Values ('55439','Minneapolis',3)
INSERT INTO People VALUES(null,'Strickland',-5,'GZI84RYM5YA','227b8545-c5d1-40e7-a72f-d7b81bb73eb7')
INSERT INTO Shirts VALUES(NULL, 81,'XOC33CDL1OD','S')
INSERT INTO Shirts VALUES(NULL, 41,'DCL92YOP0GA','L')
INSERT INTO Shirts VALUES(NULL, 100,'FMQ19RYC6JL','L')
Insert Into Territories Values ('60179','Hoffman Estates',2)
INSERT INTO Shirts VALUES(NULL, 57,'DFT73BRF3FT','L')
INSERT INTO Shirts VALUES(NULL, 46,'XPZ22QRY9FS','S')
Insert Into EmployeeTerritories Values (2,'02116')
insert into tbl1 values('cfc6e3d2-d3e9-4e0b-8098-2861220abcaa',310)
INSERT INTO Shirts VALUES(NULL, 13,'HUZ66RBO0ZW','L')
INSERT INTO Shirts VALUES(NULL, 9,'HWQ77IVJ0HP','S')
CREATE TABLE Shirts (id INTEGER PRIMARY KEY AUTOINCREMENT, personid INTEGER NOT NULL, color VARCHAR(8000) NOT NULL, size CHAR(1) NOT NULL, FOREIGN KEY (personid) REFERENCES People(id) ON DELETE CASCADE)
INSERT INTO Shirts VALUES(NULL, 34,'TJP04GEF0LY','M')
INSERT INTO Shirts VALUES(NULL, 18,'SIA71YBD7KZ','L')
CREATE TABLE %Q.%s(%s)
SELECT abc FROM (SELECT col AS abc FROM tbl);
CREATE TABLE oldupdated (id INTEGER NOT NULL, name VARCHAR(255) NULL)
INSERT INTO Shirts VALUES(NULL, 75,'FBR93JVC7DN','S')
select one, two from tbl1 group by one;
insert into tbl1 values('hello!',310)
Insert Into EmployeeTerritories Values (7,'80202')
Insert Into EmployeeTerritories Values (7,'95008')
INSERT INTO Shirts VALUES(NULL, 88,'QHK22EUB5IN','L')
INSERT INTO Shirts VALUES(NULL, 10,'KYC07LLD8ME','S')
select * from tbl1
CREATE TABLE Deleted (id INTEGER NOT NULL, name VARCHAR(255) NULL)
INSERT INTO Shirts VALUES(NULL, 17,'YZN87OZK8YV','L')
SELECT COUNT(*) FROM Deleted;
INSERT INTO People VALUES(null,'Serrano',16,'NQZ82TCN5CB','883bec43-ee66-4491-a073-6d4268d0eff8')
INSERT INTO Shirts VALUES(NULL, 13,'TIB50ECT2VU','M')
Insert Into EmployeeTerritories Values (1,'19713')
INSERT INTO People VALUES(null,'Moran',-17.5,'JQX11IWK9EX','127ae0f4-5eaa-42ca-999a-28e2ffcc3db2')
INSERT INTO Shirts VALUES(NULL, 33,'CXI02REK8CW','L')
CREATE TABLE %Q.sqlite_sequence(name,seq)
INSERT INTO Shirts VALUES(NULL, 31,'LTV27GOT0OY','L')
Insert Into Territories Values ('03801','Portsmouth',3)
INSERT INTO People VALUES(null,'Jackson',-23,'SHP56YBV4AO','00e7daa6-969e-41ed-8956-094dd4484f5f')
INSERT INTO People VALUES(null,'Harrell',-7.5,'QGQ94MNX5FK','7cfc4a54-88f3-446b-ab7c-156a5e9ae471')
INSERT INTO People VALUES(null,'Silva',4,'ISA17STZ0HZ','aae445c1-9b4e-47cb-8465-6db0f223e101')
INSERT INTO People VALUES(null,'Hendrix',12.5,'VRD05GHF2HB','7cba0c60-d3d1-4fae-9f69-d365ff3a42b7')
Insert Into Territories Values ('94105','San Francisco',2)
INSERT INTO Shirts VALUES(NULL, 4,'IVK86RMP6LW','M')
INSERT INTO Shirts VALUES(NULL, 26,'IBR17UGT7TX','M')
INSERT INTO People VALUES(null,'Nelson',-22.5,'PCM44ATE3HH','6545b46a-66af-4b6b-918e-8b3ee12d287b')
INSERT INTO People VALUES(null,'Price',-18.5,'GPI40XLD7SO','7764ab1a-481d-46fb-8423-87b3f4828457')
None
INSERT INTO Shirts VALUES(NULL, 14,'BZH83IBK2IZ','M')
INSERT INTO Shirts VALUES(NULL, 84,'IVS49JYI1ZY','L')
INSERT INTO Shirts VALUES(NULL, 82,'IXF88DOU5KG','S')
INSERT INTO Shirts VALUES(NULL, 88,'IDU34KHK5CG','S')
INSERT INTO Shirts VALUES(NULL, 75,'FCC07UCX4QD','M')
INSERT INTO Shirts VALUES(NULL, 57,'ZQE72VAR9RJ','S')
INSERT INTO Shirts VALUES(NULL, 78,'WSH98HBZ8ZC','S')
insert into test values(2)
Insert Into EmployeeTerritories Values (7,'95054')
INSERT INTO Shirts VALUES(NULL, 33,'IOQ24FYY8EI','L')
INSERT INTO Shirts VALUES(NULL, 81,'YIE42AMW8AR','S')
Insert Into EmployeeTerritories Values (2,'01581')
INSERT INTO People VALUES(null,'Hobbs',-12,'BUH59WHW7DN','ece8debf-2467-45d4-899b-626c335c4934')
INSERT INTO Shirts VALUES(NULL, 16,'XUO44PNA8BX','S')
INSERT INTO Shirts VALUES(NULL, 15,'HCC50TGD0QG','L')
CREATE TABLE People (id INTEGER PRIMARY KEY AUTOINCREMENT, name VARCHAR(255) NOT NULL, double DECIMAL NOT NULL, testtext VARCHAR(8000) NOT NULL, testguid GUID NOT NULL)
CREATE TABLE tDB.TEST1 (I INTEGER, T TEXT)
INSERT INTO Shirts VALUES(NULL, 42,'GDH70NHE0VV','L')
INSERT INTO Shirts VALUES(NULL, 58,'ASA95XWM9BY','L')
INSERT INTO People VALUES(null,'Phelps',20,'RRU98MGP2PG','4c8931d9-d18b-427c-9100-9a80151ba971')
INSERT INTO Shirts VALUES(NULL, 9,'ZPM08UIS5RG','L')
INSERT INTO Shirts VALUES(NULL, 64,'HZS58IIP6DZ','M')
SELECT idx,sampleno,sample FROM %Q.sqlite_stat2
insert into tbl1 values('HELLO!',100)
INSERT INTO People VALUES(null,'Dickson',3.5,'DXR16BLG5UT','42361bb7-0a91-4022-a354-bb2e60d924c8')
Insert Into Region Values (4,'Southern')
INSERT INTO Deleted VALUES (OLD.id, OLD.name)
INSERT INTO Shirts VALUES(NULL, 96,'AXX57LKP2SZ','M')
INSERT INTO Shirts VALUES(NULL, 78,'LHC52LQM1VX','S')
INSERT INTO Shirts VALUES(NULL, 27,'CRY22GGS0CO','M')
Insert Into Territories Values ('30346','Atlanta',4)
INSERT INTO Shirts VALUES(NULL, 12,'OMN62DTB9FK','M')
INSERT INTO Shirts VALUES(NULL, 80,'GMT81SNK4FP','S')
INSERT INTO Shirts VALUES(NULL, 99,'CVC47ZNA6VE','L')
INSERT INTO Shirts VALUES(NULL, 3,'QEA85TDV5AZ','S')
SELECT id,NAME FROM tbl WHERE name = ''
INSERT INTO Shirts VALUES(NULL, 61,'WDJ58JIE3KU','S')
INSERT INTO Shirts VALUES(NULL, 87,'OEE70YQF7JJ','L')
SELECT RowID, COLA, COLB, COLC FROM TEST_TABLE
SELECT TheField FROM TestZeroArrayTable
INSERT INTO Shirts VALUES(NULL, 24,'YAD35PPJ6RB','S')
insert into tbl1 values('hello!',100)
INSERT INTO People VALUES(null,'Graham',-9.5,'HKT65SYQ9DK','bf17e30f-3cb2-4b4b-8449-45c6ee68ec65')
SELECT employeeid FROM employees
Insert Into Territories Values ('19713','Neward',1)
INSERT INTO Shirts VALUES(NULL, 60,'FEH14JZL2SZ','L')
Insert Into Territories Values ('78759','Austin',4)
INSERT INTO N_1 VALUES(1, 't1_')
INSERT INTO People VALUES(null,'Mcintosh',3,'GIN95ESS5TU','e85c1a2a-c2f3-4d5c-9ecf-d1fe74369a8a')
INSERT INTO Shirts VALUES(NULL, 85,'SKG56BLK2MA','M')
INSERT INTO Shirts VALUES(NULL, 82,'QTA46RTN1NQ','M')
INSERT INTO Shirts VALUES(NULL, 26,'INY07GXG7EF','L')
INSERT INTO People VALUES(null,'Guerrero',6.5,'GGP57ZRX1SC','a0ed40d0-99f5-4914-b31a-11b7bfb3ab2d')
insert into tbl1 values('phello!',1)
INSERT INTO People VALUES(null,'Hernandez',-12.5,'RHV91YVY7NZ','787cac74-6fb4-40d5-9dd4-31eae542d0cf')
INSERT INTO Shirts VALUES(NULL, 24,'RGO41BND8RG','S')
INSERT INTO Shirts VALUES(NULL, 51,'JSQ15PWB2JM','L')
None
INSERT INTO Shirts VALUES(NULL, 1,'VXI06QSP6EZ','S')
INSERT INTO Shirts VALUES(NULL, 92,'BAU43TMC3DM','L')
INSERT INTO Shirts VALUES(NULL, 32,'CYK39FJF1NF','L')
INSERT INTO Shirts VALUES(NULL, 41,'NRA05GOX5PA','M')
SELECT * FROM t1, t2, t3 WHERE ...;
create table tbl1(one bigint, two smallint)
INSERT INTO Shirts VALUES(NULL, 51,'VYL30UAF4LL','L')
Insert Into Territories Values ('45839','Findlay',3)
INSERT INTO Shirts VALUES(NULL, 33,'DTV83DZA1DB','L')
INSERT INTO Shirts VALUES(NULL, 38,'UKL12EJN3VI','S')
Insert Into Territories Values ('48304','Bloomfield Hills',3)
Insert Into Territories Values ('80202','Denver',2)
CREATE TABLE main.ex1(a)
CREATE TABLE t1(c1 VARIANT)
Insert Into EmployeeTerritories Values (2,'02184')
INSERT INTO Shirts VALUES(NULL, 25,'KHK20YSP5GP','L')
INSERT INTO Shirts VALUES(NULL, 44,'WVW19WQG6VX','S')
CREATE TABLE [Territories] 	([TerritoryID] [nvarchar] (20) NOT NULL ,	[TerritoryDescription] [nchar] (50) NOT NULL , [RegionID] INTEGER NOT NULL,	CONSTRAINT [PK_Territories] PRIMARY KEY	(		[TerritoryID]	),	CONSTRAINT [FK_Territories_Region] FOREIGN KEY 	(		[RegionID]	) REFERENCES [Region] (		[RegionID]	))
CREATE TABLE t1(a, b)
create table tbl1(one uniqueidentifier, two smallint)
INSERT INTO Shirts VALUES(NULL, 51,'YIO88SZN9DH','L')
Insert Into EmployeeTerritories Values (7,'60179')
INSERT INTO Shirts VALUES(NULL, 44,'VBV07IYN8UJ','M')
create table tbl1(one float, two smallint)
INSERT INTO Shirts VALUES(NULL, 88,'AET33NTT9AD','L')
INSERT INTO People VALUES(null,'Patton',2,'DJB06JDL9SK','1e58a484-07c1-44cd-97f9-8076cee5b4cd')
INSERT INTO Shirts VALUES(NULL, 62,'OVG43IBC4UK','L')
INSERT INTO Shirts VALUES(NULL, 9,'GAV02YDZ8KS','L')
Insert Into Territories Values ('06897','Wilton',1)
CREATE TABLE test (id INTEGER NOT NULL)
Insert Into Territories Values ('95008','Campbell',2)
Insert Into Territories Values ('98004','Bellevue',2)
INSERT INTO Shirts VALUES(NULL, 28,'ZUO96GWE9AX','L')
INSERT INTO Shirts VALUES(NULL, 5,'OCK42QFU1VS','L')
INSERT INTO Shirts VALUES(NULL, 29,'YGU29LMO0IP','L')
INSERT INTO Shirts VALUES(NULL, 34,'HPN23LUB5DL','L')
CREATE TABLE IF NOT EXISTS ATABLE(A integer primary key , B varchar (50), C integer)
INSERT INTO Shirts VALUES(NULL, 38,'CZR27HMV9TD','M')
Insert Into Territories Values ('48075','Southfield',3)
insert into tbl1 values('ec334526-8aa9-4441-abf5-e584de00f089',20)
INSERT INTO People VALUES(null,'Huffman',-16.5,'JAY20CXJ7VM','28e0f74f-5b0d-4450-90aa-48b1d8a78c89')
INSERT INTO Shirts VALUES(NULL, 3,'XSV21BZS7XC','M')
SELECT COUNT(*) FROM oldupdated;
INSERT INTO People VALUES(null,'Green',-7,'JGL98DDD7YK','0de25bb4-2fb9-42b9-9744-776c770de268')
INSERT INTO Shirts VALUES(NULL, 75,'RBR71LDK1QN','S')
INSERT INTO Shirts VALUES(NULL, 43,'WSI46JBI9PX','S')
INSERT INTO People VALUES(null,'Salas',11,'TES14FZT2WC','fc5dec77-4227-41e4-b8d2-b7a6369d9fd4')
insert into tbl1 values(-1.1,20)
CREATE TABLE test (id INTEGER DEFAULT -1, other INTEGER)
SELECT a, b FROM tbl WHERE a = 1;
insert into tbl1 values(-1,20)
INSERT INTO People VALUES(null,'Armstrong',-17,'BID70SQJ5FB','aae888a3-dddb-4393-8834-eb0e3bc6b90e')
Insert Into Territories Values ('02116','Boston',1)
INSERT INTO People VALUES(null,'Gray',10.5,'CNN99TQK6TV','0eb8113a-ce70-4f3b-b217-c93c998b67a0')
Insert Into EmployeeTerritories Values (9,'03049')
INSERT INTO Shirts VALUES(NULL, 78,'HSF15UKU9FW','S')
SELECT * FROM t2, t1 WHERE t2.rowid = t1.a;
INSERT INTO People VALUES(null,'Dickerson',-10,'ENH63GFB0TN','84362c52-0770-44d1-913e-64bb31b55e69')
INSERT INTO Shirts VALUES(NULL, 65,'AFV33AWS6SK','S')
INSERT INTO Shirts VALUES(NULL, 89,'QWB57POO0BO','S')
INSERT INTO Shirts VALUES(NULL, 54,'XFC44MHO1ZO','M')
INSERT INTO People VALUES(null,'Nolan',22,'BOB88UKG3BL','19c8f252-9b5a-48c8-bd6e-ffaa3c38833a')
INSERT INTO Shirts VALUES(NULL, 76,'UEN02EYO5UR','L')
CREATE TABLE Shirts (id INTEGER PRIMARY KEY AUTOINCREMENT, personid INTEGER NULL, color VARCHAR(8000) NOT NULL, size CHAR(1) NOT NULL, FOREIGN KEY (personid) REFERENCES People(id) ON DELETE SET NULL)
INSERT INTO Shirts VALUES(NULL, 45,'RGI76JLC6KT','S')
INSERT INTO Shirts VALUES(NULL, 100,'PTC75KIA5VQ','M')
INSERT INTO Shirts VALUES(NULL, 1,'DHU31POU2YN','M')
Insert Into Territories Values ('02903','Providence',1)
SELECT * FROM two;
INSERT INTO Shirts VALUES(NULL, 39,'BZX41JGJ8ZR','M')
INSERT INTO Shirts VALUES(NULL, 35,'ADD26XBS5OD','L')
INSERT INTO People VALUES(null,'Goff',13.5,'PIX59PAT2DW','f30f1d12-ce81-40d3-b56d-dfcf42f6eddc')
CREATE TABLE [CustomerDemographics] 	([CustomerTypeID] [nchar] (10) NOT NULL ,	[CustomerDesc] [ntext] NULL ,	CONSTRAINT [PK_CustomerDemographics] PRIMARY KEY 	(		[CustomerTypeID]	))
Insert Into Territories Values ('48084','Troy',3)
create table a (b)
INSERT INTO People VALUES(null,'Atkinson',1,'TPP93XCZ9TF','f482baea-995a-47ba-9bdf-2e895d7c8465')
INSERT INTO Shirts VALUES(NULL, 15,'QQB46SYN0SF','M')
INSERT INTO Shirts VALUES(NULL, 75,'FLR36RLT7HH','S')
INSERT INTO Shirts VALUES(NULL, 54,'LYR05TMG4LU','L')
INSERT INTO Shirts VALUES(NULL, 86,'ZYC07NUY9JE','S')
Insert Into Territories Values ('20852','Rockville',1)
INSERT INTO Shirts VALUES(NULL, 91,'OAZ56MPK2XD','S')
INSERT INTO Shirts VALUES(NULL, 48,'NTX52ZGV1ZR','S')
INSERT INTO People VALUES(null,'Dawson',22.5,'PKT81FYJ9RU','3fbfc79c-e310-44e4-a15c-d077c93a9bc7')
Insert Into Territories Values ('08837','Edison',1)
CREATE TABLE test (id INTEGER CHECK (id <> 2))
INSERT INTO Shirts VALUES(NULL, 30,'EUP20QHI9QW','M')
insert into tbl1 values(53331231.0 ,310)
INSERT INTO Shirts VALUES(NULL, 54,'MLW08WHO0AM','L')
INSERT INTO People VALUES(0, 'test')
INSERT INTO People VALUES(null,'Molina',17,'HZD55AJA6JW','5f504ba0-7b8e-4b34-9650-e9e3b28aae73')
INSERT INTO Shirts VALUES(NULL, 66,'FPI94UVW0HB','S')
INSERT INTO Shirts VALUES(NULL, 58,'LDH94NPL2JM','L')
Insert Into Territories Values ('01730','Bedford',1)
INSERT INTO Shirts VALUES(NULL, 9,'SDF92IOF0UJ','M')
SELECT COUNT(*) FROM Shirts;
insert into tbl1 values('hello!',300)
INSERT INTO Shirts VALUES(NULL, 25,'BVL71LOG3QK','M')
INSERT INTO Shirts VALUES(NULL, 32,'OJA27DSX3LD','L')
INSERT INTO Shirts VALUES(NULL, 98,'GKT22WXD8YE','S')
create table tbl1(one char, two smallint)
CREATE TABLE N_2(i INTEGER, t TEXT)
insert into tbl1 values(53331231.1 ,310)
INSERT INTO Shirts VALUES(NULL, 45,'PNV97XBB2VN','S')
INSERT INTO People VALUES(null,'Mcpherson',7,'SWO39NMB7DE','0293fb02-1095-4778-8665-fface4ed39e6')
SELECT col FROM tbl;
INSERT INTO Shirts VALUES(NULL, 34,'ZRW08QJM1HE','S')
INSERT INTO Shirts VALUES(NULL, 1,'MLO58XON2EZ','L')
Insert Into EmployeeTerritories Values (6,'85251')
INSERT INTO Shirts VALUES(NULL, 13,'VRY69EZV0VN','L')
INSERT INTO People VALUES(null,'Jimenez',18.5,'GPM89IUB2FS','27241683-8700-455a-aa4b-337f893a6293')
CREATE TABLE [EmployeeTerritories] 	([EmployeeID] INTEGER NOT NULL,	[TerritoryID] [nvarchar] (20) NOT NULL ,	CONSTRAINT [PK_EmployeeTerritories] PRIMARY KEY	(		[EmployeeID],		[TerritoryID]	),	CONSTRAINT [FK_EmployeeTerritories_Employees] FOREIGN KEY 	(		[EmployeeID]	) REFERENCES [Employees] (		[EmployeeID]	),	CONSTRAINT [FK_EmployeeTerritories_Territories] FOREIGN KEY 	(		[TerritoryID]	) REFERENCES [Territories] (		[TerritoryID]	))
INSERT INTO Shirts VALUES(NULL, 58,'NFK81PRZ7GT','L')
INSERT INTO Shirts VALUES(NULL, 8,'OVL32XMN0VA','S')
INSERT INTO Deleted VALUES (NEW.id, NEW.name)
INSERT INTO People VALUES(null,'Sanchez',14,'KDA64BHX2JB','bd060e27-e4fc-43d8-a20a-8c5aff6ceb67')
INSERT INTO People VALUES(null,'Mcintyre',-15.5,'YAZ42BYP0WW','5fe77bbd-bf01-4f44-8f88-a7aa84939b35')
CREATE TABLE IF NOT EXISTS BTABLE(A integer primary key , B varchar (50), C integer)
INSERT INTO Shirts VALUES(NULL, 7,'EGW08ZKC0OO','M')
insert into tbl1 values('2013-01-04 14:02:33.34',20)
insert into test values(1)
INSERT INTO People VALUES(null,'Stewart',8.5,'TJX55CPA0VZ','8f6aabad-b7e8-41e8-8485-b641207fc8a8')
INSERT INTO Shirts VALUES(NULL, 69,'YHC89WTO0AD','M')
insert into tbl1 values('hello! ',20)
Insert Into EmployeeTerritories Values (5,'14450')
SELECT col FROM tbl);
INSERT INTO Shirts VALUES(NULL, 30,'ZXP64RFJ6FM','S')
INSERT INTO Shirts VALUES(NULL, 46,'SGW74EOK5PJ','L')
INSERT INTO Shirts VALUES(NULL, 91,'QTT48CZM8TB','M')
INSERT INTO Shirts VALUES(NULL, 99,'REU31EME4OH','M')
INSERT INTO People VALUES(null,'Stafford',10,'IBW39VYV1ID','3179672a-a614-4985-8ef8-69a8fa85f2ce')
INSERT INTO Shirts VALUES(NULL, 16,'YWN98LMA7TJ','S')
INSERT INTO Shirts VALUES(NULL, 5,'WEN53CRK2PK','S')
INSERT INTO People VALUES(null,'William',-14,'IOP34MLK2WD','1d415649-0e4a-4a66-9751-fe05ac252059')
INSERT INTO Shirts VALUES(NULL, 47,'SEP10DYA3CO','S')
CREATE TABLE t1(a PRIMARY KEY)
INSERT INTO Shirts VALUES(NULL, 53,'GZL05WLP1UK','M')
INSERT INTO Shirts VALUES(NULL, 48,'TGB89UII0BO','M')
INSERT INTO Shirts VALUES(NULL, 59,'LZY91FTQ9VX','M')
INSERT INTO Shirts VALUES(NULL, 69,'FNA70ROC9QQ','S')
INSERT INTO Shirts VALUES(NULL, 90,'UKF83PHI8RN','M')
INSERT INTO Shirts VALUES(NULL, 37,'WRX62NTN3ZW','S')
INSERT INTO Shirts VALUES(NULL, 78,'KGD03FFC6IM','M')
select count(*) from people;
CREATE TABLE People (id INTEGER NOT NULL, name VARCHAR(255) NULL, PRIMARY KEY (ID))
INSERT INTO Shirts VALUES(NULL, 60,'DSH19SWK5SY','L')
INSERT INTO People VALUES(NULL, 'MLO58XON2EZ', 0.0, 'L', '32e525f4-eead-4340-8aee-1175614bbc76')
INSERT INTO Shirts VALUES(NULL, 3,'OXU20XWG1TD','L')
INSERT INTO Shirts VALUES(NULL, 77,'NSJ95TSX8AD','S')
SELECT * FROM one;
INSERT INTO Shirts VALUES(NULL, 28,'ZWS94SDT3VR','L')
Select * FROM ATABLE
INSERT INTO Shirts VALUES(NULL, 52,'KEM71MSI8CS','S')
INSERT INTO Shirts VALUES(NULL, 98,'GPG31AIC3DV','S')
INSERT INTO Shirts VALUES(NULL, 17,'UIA20XGO8BO','M')
INSERT INTO Shirts VALUES(NULL, 73,'TGD17YGS1FL','L')
CREATE INDEX i ON abc(a)', 'def')		/// . '
INSERT INTO Shirts VALUES(NULL, 40,'WFV87FBQ9PU','S')
INSERT INTO People VALUES(null,'Morrow',9.5,'MXD41AIX3GM','73d22926-d406-4859-8ffa-05933538c945')
INSERT INTO People VALUES(null,'Arnold',7.5,'MYG95CIV3YK','dcd72c72-bff4-4027-a4c8-1279919f4e44')
INSERT INTO Shirts VALUES(NULL, 49,'GEN89XOT9OI','M')
CREATE TABLE t1(col INTEGER)
Insert Into EmployeeTerritories Values (3,'31406')
INSERT INTO Shirts VALUES(NULL, 36,'OZX41ZWQ4DF','L')
INSERT INTO Shirts VALUES(NULL, 62,'IPN15YKE5FO','S')
INSERT INTO People VALUES(null,'Mcmillan',-8.5,'LBR48EWC5PS','c6d2a267-889b-4c26-b955-af73d434409d')
Insert Into Territories Values ('55113','Roseville',3)
SELECT * FROM Root ORDER BY strIndex
INSERT INTO People VALUES(null,'David',23.5,'WEM22YLU3FP','a5855bbf-acb1-4c17-a111-fea25a75c927')
INSERT INTO Shirts VALUES(NULL, 38,'NXW06UNV7TQ','S')
create table tbl1(one nchar(255), two smallint)
select * from tbl1 order by two
CREATE TABLE TestZeroArrayTable (TheField BLOB)
INSERT INTO Shirts VALUES(NULL, 61,'DHE44ESN4HC','L')
INSERT INTO Shirts VALUES(NULL, 17,'ICH01ASL8YV','M')
CREATE INDEX RootStrIndex ON Root (strIndex)
INSERT INTO Shirts VALUES(NULL, 100,'LGK33CEX6BR','L')
INSERT INTO People VALUES(null,'Knowles',-6.5,'EZC48JWL6MJ','29b83f99-ad08-4cba-9bd0-eae1e513afe2')
INSERT INTO Shirts VALUES(NULL, 11,'RQI06KDB8KR','L')
INSERT INTO N_1 VALUES(2, 't_22_')
CREATE TABLE c(ck REFERENCES p ON DELETE CASCADE)
Insert Into Territories Values ('19428','Philadelphia',3)
INSERT INTO N_1 VALUES(3, 'tx_3_3_3_')
Insert Into EmployeeTerritories Values (8,'44122')
Insert Into EmployeeTerritories Values (3,'30346')
INSERT INTO Shirts VALUES(NULL, 82,'KAA13QTQ4DP','M')
INSERT INTO Shirts VALUES(NULL, 9,'SCS00INN5EX','S')
INSERT INTO Shirts VALUES(NULL, 45,'TTC20KKD9UB','M')
INSERT INTO Shirts VALUES(NULL, 21,'CSU04UCA6YM','L')
INSERT INTO Shirts VALUES(NULL, 83,'UHF38XVR3QL','L')
INSERT INTO Shirts VALUES(NULL, 52,'WGT55IXR3LU','M')
INSERT INTO Shirts VALUES(NULL, 17,'OCG31YIG2VT','S')
CREATE TABLE [Region] 	( [RegionID] INTEGER NOT NULL ,	[RegionDescription] [nchar] (50) NOT NULL,	CONSTRAINT [PK_Region] PRIMARY KEY	(		[RegionID]	))
INSERT INTO Shirts VALUES(NULL, 77,'TDR16UJH1YR','S')
SELECT * FROM main.' || quote(name) || ';
INSERT INTO People VALUES(null,'Dotson',23,'RYP38WZX4BT','1d8f14ee-fcab-43f3-934c-d44d2ce4deae')
INSERT INTO Shirts VALUES(NULL, 28,'AYE66YDP0DC','S')
INSERT INTO Shirts VALUES(NULL, 53,'UHO88DTR4EA','M')
INSERT INTO Shirts VALUES(NULL, 51,'ZYJ42NIG5MA','M')
INSERT INTO Shirts VALUES(NULL, 14,'VWZ64PNK4UO','L')
CREATE INDEX i3 ON t1(c);
INSERT INTO Shirts VALUES(NULL, 2,'PVK77BAO3MJ','M')
INSERT INTO People VALUES(null,'Larson',-5.5,'MOR25CUR0WD','da49d4b5-3388-45fd-bffb-ea9f817b636f')
select COUNT(*) from tbl1
INSERT INTO Shirts VALUES(NULL, 34,'BZM39LXL4YW','S')
insert into tbl1 values('hella!',310)
INSERT INTO People VALUES(null,'Hester',16.5,'ZKS08SMG9WA','20e98bc6-4410-4053-a704-31115a748dbc')
SELECT name, rootpage, sql FROM '%q'.%s ORDER BY rowid
create table tbl1(one int, two smallint)
INSERT INTO Shirts VALUES(NULL, 40,'CUQ07ULI3BR','S')
SELECT * FROM tab2;
INSERT INTO Shirts VALUES(NULL, 15,'SBS62VGK9LH','M')
CREATE INDEX i1 ON t1(a);
INSERT INTO People VALUES(null,'Snow',-1,'DKJ46SLJ5KJ','2855db17-8710-46e7-9206-a6b96b950283')
Insert Into Territories Values ('11747','Mellvile',1)
INSERT INTO People VALUES(null,'Bradshaw',8,'XBA07CRM9GW','b6133673-a55b-4236-bf2c-f40658507a8f')
INSERT INTO People VALUES(null,'Stephens',-18,'IVO79EYM8AE','e8b2abe4-d70d-403e-8ab5-987d38bf30f1')
CREATE TABLE People (id INTEGER NOT NULL, name VARCHAR(255) NULL)
INSERT INTO Shirts VALUES(NULL, 60,'TPR24DQR0CE','L')
INSERT INTO Shirts VALUES(NULL, 18,'WCH37LCC3XD','M')
INSERT INTO Shirts VALUES(NULL, 58,'ZYO07RPP6CP','L')
INSERT INTO People VALUES(NULL, 'TEST', 15,'MLO58XON2EZ','e768fea7-1947-4e32-8f36-e8839b8ac9f9')
INSERT INTO Shirts VALUES(NULL, 42,'BTJ72OIN8AO','L')
CREATE TABLE t1(a)
INSERT INTO People VALUES(null,'Cline',11.5,'RAA83EEL6RL','38dc69b4-88fb-436b-a5fa-38080177f2bc')
INSERT INTO Shirts VALUES(NULL, 48,'TLK19JYI7PH','S')
INSERT INTO Shirts VALUES(NULL, 14,'PNR69QHR4SV','S')
INSERT INTO Shirts VALUES(NULL, 40,'CBO00CYU6XF','S')
INSERT INTO Shirts VALUES(NULL, 80,'RAJ19ICD5WT','S')
INSERT INTO Shirts VALUES(NULL, 39,'NNW48TFD5FI','L')
INSERT INTO Shirts VALUES(NULL, 36,'ODH75SBG3JZ','S')
INSERT INTO Shirts VALUES(NULL, 4,'WME17FDT5WW','L')
INSERT INTO Shirts VALUES(NULL, 42,'VBS85OXU5QF','L')
INSERT INTO Shirts VALUES(NULL, 53,'ALZ77WKE0YO','S')
INSERT INTO Shirts VALUES(NULL, 14,'HGB90ISC6TB','L')
SELECT data from TEST_TABLE...
CREATE TABLE t1(a,b,c,d)
Insert Into EmployeeTerritories Values (7,'90405')
insert into tbl1 values('hella!', 1)
SELECT * FROM Root WHERE strIndex = ?
insert into tbl1 values('hello!',10)
insert into tbl1 values('phello!',20)
insert into test values(100)
INSERT INTO Shirts VALUES(NULL, 7,'NFS71KJA7SQ','S')
insert into tbl1 values('hello!',20)
INSERT INTO Shirts VALUES(NULL, 95,'OPY73SSE9RH','S')
Insert Into Territories Values ('14450','Fairport',1)
Insert Into Territories Values ('95054','Santa Clara',2)
INSERT INTO oldupdated VALUES (OLD.id, OLD.name)
INSERT INTO Shirts VALUES(NULL, 54,'IQQ47JNT6SP','L')
INSERT INTO Shirts VALUES(NULL, 3,'XQO88UYQ0VK','M')
CREATE TABLE xxx.yyy (...)
INSERT INTO Shirts VALUES(NULL, 72,'SIM10CLG5CG','L')
SELECT COUNT(*) FROM People;
INSERT INTO Shirts VALUES(NULL, 46,'GDA80GQH8MA','M')
INSERT INTO People VALUES(null,'Fulton',19,'STJ65KJZ9JM','87fd2bc2-98d6-4af8-9c4c-232eeff926df')
INSERT INTO Shirts VALUES(NULL, 67,'NVC91OFK3MI','M')
INSERT INTO Shirts VALUES(NULL, 59,'ZPL69RGQ7RA','M')
Insert Into Territories Values ('40222','Louisville',1)
INSERT INTO Shirts VALUES(NULL, 92,'TBQ58IUR7TB','M')
INSERT INTO People VALUES(null,'Delacruz',-19,'OSB67JMH7NK','6491cb75-bde2-4c07-a0e5-3dfcf16578a8')
INSERT INTO People VALUES(null,'Singleton',-25,'PHU74JVF3MT','ccb52c4a-c96a-4b44-9c40-6faff8f2a04b')
INSERT INTO Shirts VALUES(NULL, 40,'AXJ25PQR6YU','M')
Insert Into EmployeeTerritories Values (9,'48075')
INSERT INTO Shirts VALUES(NULL, 92,'LNL28ABR1VJ','S')
Insert Into Territories Values ('27403','Greensboro',1)
INSERT INTO Shirts VALUES(NULL, 96,'JAZ91KKJ0PE','M')
CREATE TABLE Shirts (id INTEGER PRIMARY KEY AUTOINCREMENT, personid INTEGER NOT NULL, color VARCHAR(8000) NOT NULL, size CHAR(1) NOT NULL, FOREIGN KEY (personid) REFERENCES People(id))
INSERT INTO People VALUES(null,'Singleton',-25.5,'PHU74JVF3MT','ccb52c4a-c96a-4b44-9c40-6faff8f2a04b')
INSERT INTO Shirts VALUES(NULL, 9,'SNS56BCL4LP','S')
INSERT INTO Shirts VALUES(NULL, 62,'KBB05WAJ7BK','L')
INSERT INTO Shirts VALUES(NULL, 21,'ZUX46CIJ8IM','M')
INSERT INTO Shirts VALUES(NULL, 86,'MHE80ZDT2SN','M')
INSERT INTO Shirts VALUES(NULL, 42,'YPK28TOD7XN','M')
INSERT INTO People VALUES(null,'Burnett',21.5,'FST43AEI6WH','dbc09f9c-a2ec-4122-b3a9-46f0b7613ec0')
Insert Into EmployeeTerritories Values (6,'98004')
INSERT INTO People VALUES(null,'Mcguire',-11,'TUO43NWK3EZ','20b2e792-26d1-4223-b3b2-3d7414e84ccf')
INSERT INTO Shirts VALUES(NULL, 77,'QHU29CCP2XL','S')
INSERT INTO Shirts VALUES(NULL, 57,'BST53HTG6BW','L')
INSERT INTO Shirts VALUES(NULL, 61,'JBH44AEF7CD','L')
SELECT * FROM t1 WHERE (select a from t1);
INSERT INTO TIMER VALUES(0, 'performance.txt,v 1.3', 0, 1, 0)
Insert Into EmployeeTerritories Values (7,'60601')
select * from tbl1 order by one collate NOCASE
INSERT INTO People VALUES(null,'Wade',-2.5,'PSV92PXN3HI','dc038c13-4528-477b-bb89-75e8dc1a4186')
INSERT INTO Shirts VALUES(NULL, 53,'GKF41LGI5FM','S')
INSERT INTO Shirts VALUES(NULL, 37,'AQL58DIA5RB','M')
Insert Into Territories Values ('72716','Bentonville',4)
INSERT INTO Shirts VALUES(NULL, 39,'AEH05NIS6EB','S')
CREATE TABLE People (id INTEGER NOT NULL, name VARCHAR(255) NULL, CHECK (ID <> 0))
INSERT INTO Shirts VALUES(NULL, 46,'SEA15RFE5HY','S')
INSERT INTO People VALUES(null,'Gilbert',2.5,'PNI52OYF8AR','986d5253-2712-4ddf-91e3-de10fb708f56')
INSERT INTO Shirts VALUES(NULL, 88,'LTW04ZUZ3DA','S')
Insert Into Territories Values ('98104','Seattle',2)
Insert Into EmployeeTerritories Values (5,'07960')
SELECT * FROM t1 WHERE a;
INSERT INTO Shirts VALUES(NULL, 68,'RZI72DBO1XH','S')
INSERT INTO Shirts VALUES(NULL, 71,'NIF69SUA0PG','L')
INSERT INTO Shirts VALUES(NULL, 91,'BGQ99CUV1TH','M')
INSERT INTO Shirts VALUES(NULL, 94,'SIR97IHL0TE','M')
INSERT INTO Shirts VALUES(NULL, 35,'NNR80HCN4AM','L')
INSERT INTO Shirts VALUES(NULL, 24,'RAV86ADA5OH','S')
INSERT INTO People VALUES(null,'Chavez',-8,'HQU27FOP3VH','e320ec8b-cd1d-43c2-a194-b8f433235ce6')
INSERT INTO Shirts VALUES(NULL, 89,'BNA55HOD0GZ','S')
CREATE TABLE t(x, y, UNIQUE(x, y))
INSERT INTO People VALUES(null,'Duncan',15,'GTA59WJI0JZ','0d9ce7c5-ac75-4efc-be07-9e20e40ac366')
INSERT INTO Shirts VALUES(NULL, 3,'XUU69MTP2DW','L')
SELECT * FROM temp.ex1;
CREATE TABLE Root (intIndex INTEGER PRIMARY KEY, strIndex TEXT)
INSERT INTO Shirts VALUES(NULL, 78,'GXV16QJS7IK','L')
INSERT INTO Shirts VALUES(NULL, 36,'WSR01ROG4JW','M')
INSERT INTO Shirts VALUES(NULL, 61,'NLF80SAP6KT','L')
INSERT INTO People VALUES(null,'Romero',-20,'NKB19TFP2MO','9be2de77-7a34-4532-a4ce-6123ac3a5210')
INSERT INTO Shirts VALUES(NULL, 10,'LRE73YUB4NW','M')
INSERT INTO Shirts VALUES(NULL, 66,'DKL04MBS5UH','L')
INSERT INTO Shirts VALUES(NULL, 69,'CLS77TXX5ID','L')
Insert Into Region Values (1,'Eastern')
INSERT INTO Shirts VALUES(NULL, 70,'SKD41GSF6DI','S')
SELECT name FROM sqlite_master 
INSERT INTO Shirts VALUES(NULL, 72,'ACP06QPF9DJ','M')
INSERT INTO Shirts VALUES(NULL, 91,'RVH70HBY9QR','M')
Insert Into EmployeeTerritories Values (9,'55113')
SELECT MAX(TESTNUMBER) FROM TIMER);
INSERT INTO Shirts VALUES(NULL, 59,'TVD45IEG4LX','M')
INSERT INTO Shirts VALUES(NULL, 84,'WPQ89VHD8TZ','S')
CREATE TABLE Ex1(c1 int, c2 int, c3 text)
Insert Into Territories Values ('53404','Racine',3)
INSERT INTO People VALUES(null,'Carey',0,'QZR25ECR5LD','128180c0-e473-4758-9513-6ff831662bce')
CREATE TABLE [CustomerCustomerDemo] 	([CustomerID] nchar (5) NOT NULL,	[CustomerTypeID] [nchar] (10) NOT NULL,	CONSTRAINT [PK_CustomerCustomerDemo] PRIMARY KEY 	(		[CustomerID],		[CustomerTypeID]	),	CONSTRAINT [FK_CustomerCustomerDemo] FOREIGN KEY	(		[CustomerTypeID]	) REFERENCES [CustomerDemographics] (		[CustomerTypeID]	),	CONSTRAINT [FK_CustomerCustomerDemo_Customers] FOREIGN KEY	(		[CustomerID]	) REFERENCES [Customers] (		[CustomerID]	))
INSERT INTO Shirts VALUES(NULL, 6,'IQU07LTV9XG','L')
INSERT INTO Shirts VALUES(NULL, 15,'MBG05USV9MX','S')
CREATE TABLE test (id INTEGER PRIMARY KEY ON CONFLICT FAIL)
INSERT INTO Shirts VALUES(NULL, 45,'LJL22UHX4ZM','M')
insert into tbl1 values('-1.0',20)
Insert Into Region Values (3,'Northern')
INSERT INTO Shirts VALUES(NULL, 52,'DQN10IVG1YC','S')
INSERT INTO Shirts VALUES(NULL, 4,'BDY87MUX7WI','M')
SELECT personid FROM People LEFT OUTER JOIN Shirts ON Shirts.personid = People.id;
INSERT INTO Shirts VALUES(NULL, 53,'AJF09NBE2TJ','S')
INSERT INTO table1 VALUES('It''s a happy day!')
INSERT INTO Shirts VALUES(NULL, 21,'KBC03MHQ6CR','M')
INSERT INTO Root VALUES (?,?)
INSERT INTO Shirts VALUES(NULL, 36,'VIV04JYM2NG','M')
INSERT INTO Shirts VALUES(NULL, 60,'COV12PHS3JS','M')
INSERT INTO Shirts VALUES(NULL, 87,'NYG51OOQ0XI','M')
CREATE TABLE [Employees] ([EmployeeID] INTEGER NOT NULL,[LastName] nvarchar (20) NOT NULL,[FirstName] nvarchar (10) NOT NULL,[Title] nvarchar (30) NULL,[TitleOfCourtesy] nvarchar(25) NULL,[BirthDate] datetime NULL,[HireDate] datetime NULL ,[Address] nvarchar (60) NULL, [City] nvarchar (15) NULL, [Region] nvarchar (15) NULL, [PostalCode] nvarchar (10) NULL, [Country] nvarchar (15) NULL, [HomePhone] nvarchar (24) NULL, [Extension] nvarchar (4) NULL, [Notes] [ntext] NULL, [ReportsTo] INTEGER NULL, CONSTRAINT [PK_Employees] PRIMARY KEY ([EmployeeID]), CONSTRAINT [FK_Employees_Employees] FOREIGN KEY ([ReportsTo]) REFERENCES [Employees] ([EmployeeID]))
SELECT * FROM <table2>;
INSERT INTO Shirts VALUES(NULL, 72,'IFW31DFN4HY','S')
INSERT INTO Shirts VALUES(NULL, 31,'DII26IGS1XR','L')
UPDATE People SET name = different WHERE name = different
INSERT INTO Shirts VALUES(NULL, 19,'QDI99HON9PB','L')
INSERT INTO People VALUES(null,'Mccall',21,'LOQ28OYN2TL','d94bec02-7352-425c-91e1-9e5dcad19027')
INSERT INTO Shirts VALUES(NULL, 12,'YTK96OQK5TZ','S')
Insert Into EmployeeTerritories Values (4,'20852')
INSERT INTO t1 VALUES(1, 2, 3.1)
INSERT INTO Shirts VALUES(NULL, 71,'BPH01SRF3YV','L')
INSERT INTO People VALUES(null,'Gallagher',-23.5,'SJN18HPW4MB','014e8c91-196a-43d4-a265-46f41d160807')
INSERT INTO Shirts VALUES(NULL, 41,'MEN18VFN2JO','L')
INSERT INTO Shirts VALUES(NULL, 75,'LMC28YJI2HU','S')
CREATE INDEX i2 ON t1(b);
Insert Into EmployeeTerritories Values (8,'53404')
INSERT INTO Shirts VALUES(NULL, 34,'EKZ51TVQ8CU','S')
INSERT INTO People VALUES(null,'Humphrey',24,'KOU32PPW5EF','98e390fc-10ab-4511-8cdc-68cf09a121eb')
INSERT INTO Shirts VALUES(NULL, 60,'EQF23MLG2HR','M')
INSERT INTO Shirts VALUES(NULL, 96,'MBS65GLB0VP','M')
INSERT INTO Shirts VALUES(NULL, 92,'GJL27RIS1KX','L')
Insert Into Territories Values ('95060','Santa Cruz',2)
INSERT INTO Shirts VALUES(NULL, 44,'ZWW89BFL3VV','S')
INSERT INTO Shirts VALUES(NULL, 67,'QTE28LDR9DA','L')
INSERT INTO Shirts VALUES(NULL, 33,'TXM19UED7WO','S')
Insert Into EmployeeTerritories Values (6,'98052')
INSERT INTO Shirts VALUES(NULL, 39,'KGB02JUM5VA','S')
CREATE TABLE People (id INTEGER NOT NULL, name VARCHAR(255) NULL, UNIQUE (ID))
INSERT INTO Shirts VALUES(NULL, 2,'QQI86CVV6WR','S')
CREATE TABLE yyy(...)
select * from a;
SELECT * FROM employees
insert into tbl1 values('hello! ',100)
Insert Into Territories Values ('32859','Orlando',4)
INSERT INTO Shirts VALUES(NULL, 46,'ITP14NUK7UG','S')
Insert Into Region Values (2,'Western')
CREATE INDEX i1 ON t1(a,b,a);
INSERT INTO People VALUES(null,'Wiley',-2,'RVZ04ZQP5BW','8a382fbd-8606-4b09-8e14-e8e22bb754fb')
INSERT INTO Shirts VALUES(NULL, 82,'WPH43VKY4MI','S')
Insert Into Territories Values ('80909','Colorado Springs',2)
create table tbl1(one varchar(255), two smallint)
INSERT INTO People VALUES(null,'Myers',-4.5,'JYD02OOU1FB','58b9b156-443f-453b-83b7-50b8d134f52a')
INSERT INTO Shirts VALUES(NULL, 54,'NMW29BLL6UT','M')
Insert Into EmployeeTerritories Values (7,'94025')
INSERT INTO Shirts VALUES(NULL, 33,'JVY41XPE7UC','M')
INSERT INTO People VALUES(null,'Miller',5,'ADW59QLF3MK','7646dbc6-6846-47ea-924b-ab663d59134a')
Insert Into EmployeeTerritories Values (2,'01730')
INSERT INTO Shirts VALUES(NULL, 82,'OZM08PBZ1GK','S')
create table Test (val REAL NOT NULL)
INSERT INTO People VALUES(null,'Hobbs',1.5,'XHC47FRY7FR','7f955ec8-5a56-4e8c-b588-dd6ee4607425')
Insert Into Territories Values ('94025','Menlo Park',2)
insert into tbl1 values('111d60b1-583f-4278-b91d-8bb65d889730',10)
Insert Into EmployeeTerritories Values (5,'02903')
INSERT INTO Shirts VALUES(NULL, 30,'SPC58YZC7SX','L')
INSERT INTO Shirts VALUES(NULL, 70,'SFH85MGZ6YM','M')
INSERT INTO Shirts VALUES(NULL, 68,'YZX69TLR7OR','M')
INSERT INTO Shirts VALUES(NULL, 62,'GRQ28PDO0YM','S')
INSERT INTO Shirts VALUES(NULL, 7,'JTE10GSC4VW','S')
INSERT INTO Shirts VALUES(NULL, 38,'CFH29TJO5XK','S')
INSERT INTO TestZeroArrayTable VALUES(?)
CREATE TABLE TEST_TABLE ( COLA INTEGER, COLB TEXT )
INSERT INTO Shirts VALUES(NULL, 95,'LES84VWT0BW','M')
INSERT INTO People VALUES(null,'Rocha',-20.5,'NUW98LCV1AH','ded5e14e-0493-4234-ba9e-6461fef4c944')
INSERT INTO Shirts VALUES(NULL, 39,'FQN98NVV0NO','L')
INSERT INTO Shirts VALUES(NULL, 67,'JTC44LEU0MI','M')
INSERT INTO Shirts VALUES(NULL, 55,'XGG17GWU9KW','M')
Insert Into EmployeeTerritories Values (5,'10038')
INSERT INTO People VALUES(null,'Mendez',13,'MFB19MTI5TL','9e83c6d3-e08b-4bb1-b88c-420420ea70cb')
INSERT INTO Shirts VALUES(NULL, 9,'WVC74RPI4NZ','L')
INSERT INTO People VALUES(null,'Duke',-22,'OWC03EMC4BP','28763dcd-0090-44c9-81c5-a6069385af10')
INSERT INTO Shirts VALUES(NULL, 90,'GUN77NOP1IU','S')
Insert Into Territories Values ('02184','Braintree',1)
INSERT INTO Shirts VALUES(NULL, 77,'BWC68ABB9XR','L')
INSERT INTO Shirts VALUES(NULL, 54,'ZOE43LHG0VZ','L')
INSERT INTO Shirts VALUES(NULL, 46,'ORO96QBJ0NN','M')
INSERT INTO Shirts VALUES(NULL, 42,'VTD19ZNE1SR','S')
INSERT INTO Shirts VALUES(NULL, 65,'JTT24DGE7XO','L')
INSERT INTO People VALUES(null,'Meyers',-3,'EOK27LXC2EL','f01b2b20-c7ef-47c2-b83b-5f25548302fb')
INSERT INTO People VALUES(null,'Bird',5.5,'EEB14ATY6BZ','d92ebaa1-b61a-4716-9386-a0e1d0ef99e2')
INSERT INTO Shirts VALUES(NULL, 73,'HEN18VPC6AB','L')
INSERT INTO Shirts VALUES(NULL, 94,'LNZ73KQZ0DO','S')
INSERT INTO Shirts VALUES(NULL, 76,'QDC62GXW1YO','S')
CREATE TABLE tDB.TIMER(TestNumber INTEGER, Description TEXT, StartTime REAL, EndTime REAL DEFAULT NULL, Rows INTEGER DEFAULT NULL)
INSERT INTO Shirts VALUES(NULL, 4,'SWP10WDN3SY','L')
INSERT INTO People VALUES(null,'Cruz',14.5,'WVO35ZTE3RT','b326c710-532d-4cba-b439-170a21dd841c')
INSERT INTO Shirts VALUES(NULL, 48,'XKX72UZE6QL','M')
CREATE INDEX idx ON t(a,b,c);
INSERT INTO Shirts VALUES(NULL, 36,'SME24QII2KH','S')
INSERT INTO Shirts VALUES(NULL, 64,'UVM68FOS0LJ','L')
INSERT INTO Shirts VALUES(NULL, 63,'XOC67CSH7YM','M')
INSERT INTO Shirts VALUES(NULL, 45,'ALB76FTW1VQ','L')
INSERT INTO Shirts VALUES(NULL, 20,'LPN29JHP4WL','S')
INSERT INTO People VALUES(null,'Tillman',-3.5,'GSJ86KMA3PA','753d6086-30ea-4b09-ae9d-a45ccd01aa87')
INSERT INTO Shirts VALUES(NULL, 4,'YJZ92XNA3XQ','S')
INSERT INTO Shirts VALUES(NULL, 60,'FEN71NHU9WF','L')
INSERT INTO Shirts VALUES(NULL, 89,'CKB64HZQ2HX','L')
INSERT INTO Shirts VALUES(NULL, 58,'GEZ20IPO9FG','L')
SELECT data from TBL...
Insert Into EmployeeTerritories Values (9,'03801')
CREATE TABLE IF NOT EXISTS ATABLE{0}(A integer primary key , B varchar (50), C integer, D varchar (500))
INSERT INTO Shirts VALUES(NULL, 86,'UDI55TTO1SX','M')
INSERT INTO Shirts VALUES(NULL, 18,'IDF43RWS1CA','S')
INSERT INTO Shirts VALUES(NULL, 57,'QWF72QWT1XM','S')
INSERT INTO Shirts VALUES(NULL, 12,'KYW02RHD7KT','M')
INSERT INTO Shirts VALUES(NULL, 33,'UHW06BOV5UD','L')
INSERT INTO People VALUES(null,'Blair',-21,'PMG97OGI4JI','6a97de53-b12b-4f78-9642-2d907bd1e5f4')
INSERT INTO Shirts VALUES(NULL, 45,'XYF76NSM8TM','S')
INSERT INTO Shirts VALUES(NULL, 98,'GGJ33YJJ0HE','M')
INSERT INTO Shirts VALUES(NULL, 9,'OYY26LNT1OW','S')
create table tbl1(one decimal(9,5), two smallint)
INSERT INTO Shirts VALUES(NULL, 49,'SOI17ADA2CN','M')
INSERT INTO People VALUES(null,'Hamilton',24.5,'BFH42ARD1EJ','9def76e1-e37e-49cf-aa69-4b408574d1e5')
CREATE TABLE p(pk PRIMARY KEY)
CREATE TABLE test (id INTEGER UNIQUE)
INSERT INTO Shirts VALUES(NULL, 73,'WSL88BYL6OR','S')
Insert Into EmployeeTerritories Values (5,'11747')
INSERT INTO People VALUES(null,'Todd',-16,'DII05FCP5GJ','ec3d8837-0590-4a83-9ec2-2bfe4bc53353')
Insert Into EmployeeTerritories Values (4,'27511')
select id from test;
Insert Into Territories Values ('33607','Tampa',4)
SELECT * FROM t1 WHERE a=1 AND b>2;
INSERT INTO Shirts VALUES(NULL, 69,'XKK25YJJ7YM','S')
INSERT INTO Shirts VALUES(NULL, 89,'BCR54TBP1RC','M')
INSERT INTO Shirts VALUES(NULL, 56,'TOP13UGJ0YM','S')
Insert Into Territories Values ('10038','New York',1)
INSERT INTO Shirts VALUES(NULL, 29,'AOV01ATK8UC','M')
INSERT INTO Shirts VALUES(NULL, 51,'QCH88MZJ2KD','L')
Insert Into EmployeeTerritories Values (9,'48084')
INSERT INTO Shirts VALUES(NULL, 66,'YMA81YLI4EW','M')
insert into tbl1 values('2013-01-04',10)
INSERT INTO Shirts VALUES(NULL, 54,'JPD57KTH7SS','M')
CREATE TABLE t1(a, b INTEGER PRIMARY KEY, c)
Insert Into EmployeeTerritories Values (9,'55439')
select * from people where testguid = '{0}'
INSERT INTO People VALUES(null,'Mays',4.5,'MRH04CHO9YR','ad613da9-e501-45e4-b350-0f0598ac2bb3')
INSERT INTO Shirts VALUES(NULL, 38,'SMJ87EGY7VS','L')
INSERT INTO Shirts VALUES(NULL, 37,'UDA64EHX0GY','M')
SELECT * FROM Root ORDER BY intIndex
create table tbl1(one varchar(10), two smallint)
SELECT * FROM tbl
CREATE TABLE t1(a TEXT PRIMARY KEY, b)
SELECT personid FROM People INNER JOIN Shirts ON Shirts.personid = People.id;
CREATE INDEX Ex2 ON Ex1(c3,c1);
INSERT INTO Shirts VALUES(NULL, 72,'NYE86TAC2UN','L')
INSERT INTO Shirts VALUES(NULL, 46,'NYU42MER1PO','M')
INSERT INTO Shirts VALUES(NULL, 37,'YTA06GZK6IQ','L')
INSERT INTO Shirts VALUES(NULL, 86,'XZS88VXR3RP','M')
INSERT INTO Shirts VALUES(NULL, 33,'EBT01OBV9ZJ','S')
Insert Into Territories Values ('01833','Georgetow',1)
SELECT * FROM t1 WHERE a=0 AND b=0;
insert into tbl1 values(53331231 ,310)
INSERT INTO Shirts VALUES(NULL, 80,'WHW42VSV2GO','S')
CREATE TABLE t(x PRIMARY KEY, y)
INSERT INTO Shirts VALUES(NULL, 62,'DIY10UEX4OJ','S')
INSERT INTO Shirts VALUES(NULL, 79,'FLB59ZPS2MZ','S')
INSERT INTO People VALUES(null,'Wiggins',-19.5,'AVH41PGR3CQ','b581550f-1e58-4b92-b374-a4a7dafa1ddc')
Insert Into Territories Values ('85251','Scottsdale',2)
Insert Into EmployeeTerritories Values (8,'19428')
INSERT INTO People VALUES(1, 'test')
INSERT INTO Shirts VALUES(NULL, 91,'ZJF31EVJ0LO','M')
SELECT a, b, c FROM tbl WHERE a = 1;
INSERT INTO People VALUES(null,'Bullock',-21.5,'ZRY46MCG6PS','e3264e99-4c3b-4085-a1ed-a60779c5d1ca')
INSERT INTO People VALUES(null,'Freeman',-10.5,'BGE73SRY8ZN','94385e2d-8f5e-4906-b4d4-d279898b4ae4')
INSERT INTO Shirts VALUES(NULL, 72,'BBI22VBL3IG','M')
SELECT a FROM ex1;
INSERT INTO Shirts VALUES(NULL, 14,'KWO89GEN2KV','S')
INSERT INTO Shirts VALUES(NULL, 92,'EGA00CVN7KW','L')
INSERT INTO People VALUES(null,'Riddle',-14.5,'EZJ61SHD7HP','7b03da15-db47-406e-9c4c-a1116c829fae')
INSERT INTO People VALUES(null,'Stevenson',-11.5,'PEI53EZA4UZ','eed79550-f8de-48d4-b162-550a86fba808')
INSERT INTO Shirts VALUES(NULL, 35,'QBC17MDJ2WG','L')
INSERT INTO Shirts VALUES(NULL, 28,'YKH87HWA1JA','L')
INSERT INTO Shirts VALUES(NULL, 75,'SRA73YCQ1II','M')
INSERT INTO Shirts VALUES(NULL, 20,'QTQ20ZBR3MU','L')
INSERT INTO Shirts VALUES(NULL, 16,'IZY54ZBL9QD','M')
Insert Into Territories Values ('29202','Columbia',4)
Insert Into EmployeeTerritories Values (4,'27403')
INSERT INTO Shirts VALUES(NULL, 31,'EXU91VSD6BL','M')
INSERT INTO Shirts VALUES(NULL, 53,'PZU57INL6JQ','L')
INSERT INTO Shirts VALUES(NULL, 65,'MUH88POT9RB','S')
INSERT INTO People VALUES(null,'Parrish',-13,'XWV61LQL9FV','0b4d039e-c96b-474f-a014-22f3260bb450')
INSERT INTO Shirts VALUES(NULL, 66,'XIE64VYB1WQ','M')
INSERT INTO Shirts VALUES(NULL, 32,'AGA02IJN1KZ','S')
INSERT INTO Shirts VALUES(NULL, 40,'OOR48MUT8GI','S')
INSERT INTO Shirts VALUES(NULL, 95,'NVO88VHJ8MO','S')
Insert Into EmployeeTerritories Values (9,'48304')
Insert Into EmployeeTerritories Values (7,'95060')
INSERT INTO Shirts VALUES(NULL, 75,'KSQ22LQA5UT','L')
INSERT INTO Shirts VALUES(NULL, 3,'QHB21VKF7HM','M')
INSERT INTO Shirts VALUES(NULL, 6,'MBS29EZS4NK','S')
insert into tbl1 values('Hello!',20)
INSERT INTO Shirts VALUES(NULL, 2,'EST98HZC4YR','L')
Insert Into EmployeeTerritories Values (8,'45839')
create table tbl1(one datetime, two smallint)
INSERT INTO Shirts VALUES(NULL, 41,'MYY79JVM2HB','L')
