SELECT CURRENCYID, CURRENCYNAME, PFX_SYMBOL, SFX_SYMBOL, DECIMAL_POINT, GROUP_SEPARATOR, UNIT_NAME, CENT_NAME, SCALE, BASECONVRATE, CURRENCY_SYMBOL FROM CURRENCYFORMATS_V1 
INSERT INTO CURRENCYFORMATS_V1 VALUES ('14', '%s', '$', '', '.', ',', '', '', '100', '1', '%s')
INSERT INTO CURRENCYFORMATS_V1 VALUES ('136', '%s', 'NT$', '', '.', ' ', '', '', '100', '1', '%s')
INSERT INTO CATEGORY_V1 VALUES ('5', '%s')
CREATE TABLE CUSTOMFIELDDATA_V1 (FIELDATADID INTEGER NOT NULL PRIMARY KEY, FIELDID INTEGER NOT NULL, REFID INTEGER NOT NULL, CONTENT TEXT, UNIQUE(FIELDID, REFID))
CREATE TABLE USAGE_V1 (USAGEID INTEGER NOT NULL PRIMARY KEY, USAGEDATE TEXT NOT NULL, JSONCONTENT TEXT NOT NULL)
INSERT INTO CURRENCYFORMATS_V1 VALUES ('38', '%s', '', '', '.', ' ', '', '', '100', '1', '%s')
INSERT INTO CURRENCYFORMATS_V1 VALUES ('131', '%s', '$', '', '.', ' ', '', '', '100', '1', '%s')
INSERT INTO CURRENCYFORMATS_V1 VALUES ('3', '%s', '', '', '.', ' ', '%s', '%s', '100', '1', '%s')
INSERT INTO CURRENCYFORMATS_V1 VALUES ('126', '%s', 'Sh.', '', '.', ' ', '', '', '1', '1', '%s')
INSERT INTO CURRENCYFORMATS_V1 VALUES ('47', '%s', 'RD$', '', '.', ' ', '', '', '100', '1', '%s')
INSERT INTO CURRENCYFORMATS_V1 VALUES ('75', '%s', '%s', '', '.', ' ', '', '', '100', '1', '%s')
INSERT INTO SUBCATEGORY_V1 VALUES ('20', '%s', '6')
SELECT type, name FROM sqlite_master WHERE type = 'table' or type = 'view' ORDER BY type, name
INSERT INTO SUBCATEGORY_V1 VALUES ('26', '%s', '7')
INSERT INTO CURRENCYFORMATS_V1 VALUES ('61', '%s', '%s', '', '.', ' ', '', '', '100', '1', '%s')
UPDATE INFOTABLE_V1 SET INFOVALUE = 3  WHERE INFONAME = DATAVERSION
INSERT INTO SUBCATEGORY_V1 VALUES ('4', '%s', '1')
INSERT INTO CURRENCYFORMATS_V1 VALUES ('27', '%s', '%s', '', '.', ' ', '', '', '100', '1', '%s')
INSERT INTO CURRENCYFORMATS_V1 VALUES ('9', '%s', '', '%s', '.', ' ', '', 'Cntimo', '100', '1', '%s')
CREATE TABLE ASSETS_V1(ASSETID integer primary key, STARTDATE TEXT NOT NULL, ASSETNAME TEXT COLLATE NOCASE NOT NULL, VALUE numeric, VALUECHANGE TEXT /* None, Appreciates, Depreciates */, NOTES TEXT, VALUECHANGERATE numeric, ASSETTYPE TEXT /* Property, Automobile, Household Object, Art, Jewellery, Cash, Other */)
INSERT INTO SUBCATEGORY_V1 VALUES ('39', '%s', '13')
SELECT SETTINGID, SETTINGNAME, SETTINGVALUE FROM SETTING_V1 
INSERT INTO CURRENCYFORMATS_V1 VALUES ('102', '%s', '%s', '', '.', ' ', '', '', '100', '1', '%s')
INSERT INTO CURRENCYFORMATS_V1 VALUES ('40', '%s', '', '', '.', ' ', '', '', '1', '1', '%s')
INSERT INTO SUBCATEGORY_V1 VALUES ('41', '%s', '13')
SELECT SHAREINFOID, CHECKINGACCOUNTID, SHARENUMBER, SHAREPRICE, SHARECOMMISSION, SHARELOT FROM SHAREINFO_V1 
INSERT INTO CURRENCYFORMATS_V1 VALUES ('144', '%s', '%s', '', '.', ' ', '', '', '1', '1', '%s')
UPDATE TRANSLINK_V1 SET CHECKINGACCOUNTID = ?, LINKTYPE = ?, LINKRECORDID = ?  WHERE TRANSLINKID = ?
INSERT INTO SUBCATEGORY_V1 VALUES ('31', '%s', '8')
INSERT INTO CURRENCYFORMATS_V1 VALUES ('60', '%s', 'GY$', '', '.', ' ', '', '', '100', '1', '%s')
INSERT INTO CURRENCYFORMATS_V1 VALUES ('145', '%s', '', '', '.', ' ', '', '', '100', '1', '%s')
CREATE TABLE CATEGORY_V1(CATEGID integer primary key, CATEGNAME TEXT COLLATE NOCASE NOT NULL UNIQUE)
UPDATE USAGE_V1 SET USAGEDATE = ?, JSONCONTENT = ?  WHERE USAGEID = ?
INSERT INTO CURRENCYFORMATS_V1 VALUES ('146', '%s', '$U', '', '.', ' ', '', '', '100', '1', '%s')
INSERT INTO CURRENCYFORMATS_V1 VALUES ('147', '%s', '', '', '.', ' ', '', '', '1', '1', '%s')
INSERT INTO SUBCATEGORY_V1 VALUES ('34', '%s', '9')
INSERT INTO CURRENCYFORMATS_V1 VALUES ('23', '%s', 'BD$', '', '.', ' ', '', '', '100', '1', '%s')
INSERT INTO SUBCATEGORY_V1 VALUES ('16', '%s', '4')
SELECT SPLITTRANSID, TRANSID, CATEGID, SUBCATEGID, SPLITTRANSAMOUNT FROM BUDGETSPLITTRANSACTIONS_V1 
INSERT INTO CURRENCYFORMATS_V1 VALUES ('97', '%s', '', '', '.', ' ', '', '', '100', '1', '%s')
INSERT INTO CURRENCYFORMATS_V1 VALUES ('72', '%s', 'J$', '', '.', ' ', '', '', '100', '1', '%s')
INSERT INTO CURRENCYFORMATS_V1 VALUES ('108', '%s', '', '', '.', ' ', '', '', '100', '1', '%s')
INSERT INTO CURRENCYFORMATS_V1 VALUES ('98', '%s', '', '', '.', ' ', '', '', '100', '1', '%s')
INSERT INTO CURRENCYFORMATS_V1 VALUES ('48', '%s', '', '', '.', ' ', '', '', '100', '1', '%s')
INSERT INTO CURRENCYFORMATS_V1 VALUES ('67', '%s', '%s', '', '.', ' ', '', '', '1', '1', '%s')
INSERT INTO CURRENCYFORMATS_V1 VALUES ('1', '%s', '$', '', '.', ' ', '', '', '100', '1', '%s')
INSERT INTO CURRENCYFORMATS_V1 VALUES ('132', '%s', '%s', '', '.', ' ', '', '', '100', '1', '%s')
INSERT INTO CURRENCYFORMATS_V1 VALUES ('149', '%s', '', '', '.', ' ', '', '', '1', '1', '%s')
INSERT INTO SUBCATEGORY_V1 VALUES ('21', '%s', '6')
INSERT INTO CATEGORY_V1 VALUES ('4', '%s')
SELECT FIELDATADID, FIELDID, REFID, CONTENT FROM CUSTOMFIELDDATA_V1 
INSERT INTO CURRENCYFORMATS_V1 VALUES ('4', '%s', '', '', ',', ' ', '.', '.', '100', '1', '%s')
INSERT INTO CURRENCYFORMATS_V1 VALUES ('109', '%s', 'Rs.', '', '.', ' ', '', '', '1', '1', '%s')
INSERT INTO CURRENCYFORMATS_V1 VALUES ('54', '%s', '%s', '', '.', ' ', '', '', '100', '1', '%s')
INSERT INTO CURRENCYFORMATS_V1 VALUES ('80', '%s', '', '', '.', ' ', '', '', '100', '1', '%s')
INSERT INTO SUBCATEGORY_V1 VALUES ('37', '%s', '10')
INSERT INTO CURRENCYFORMATS_V1 VALUES ('116', '%s', '%s', '', '.', ' ', '', '', '100', '1', '%s')
INSERT INTO SUBCATEGORY_V1 VALUES ('29', '%s', '8')
INSERT INTO CURRENCYFORMATS_V1 VALUES ('56', '%s', '', '', '.', ' ', '', '', '100', '1', '%s')
INSERT INTO CURRENCYFORMATS_V1 VALUES ('12', '%s', '', '', '.', ' ', '', '', '1', '1', '%s')
INSERT INTO CURRENCYFORMATS_V1 VALUES ('44', '%s', 'K', '', '.', ' ', '', '', '100', '1', '%s')
CREATE TABLE IF NOT EXISTS TRANSLINK_V1 ( TRANSLINKID integer NOT NULL primary key , CHECKINGACCOUNTID integer NOT NULL , LINKTYPE TEXT NOT NULL /* Asset, Stock */ , LINKRECORDID integer NOT NULL )
CREATE TABLE BUDGETYEAR_V1(BUDGETYEARID integer primary key, BUDGETYEARNAME TEXT NOT NULL UNIQUE)
INSERT INTO SUBCATEGORY_V1 VALUES ('36', '%s', '10')
INSERT INTO CURRENCYFORMATS_V1 VALUES ('21', '%s', 'BZ$', '', '.', ' ', '', '', '100', '1', '%s')
INSERT INTO CURRENCYFORMATS_V1 VALUES ('100', '%s', '%s', '', '.', ' ', '', '', '1', '1', '%s')
INSERT INTO CURRENCYFORMATS_V1 VALUES ('120', '%s', '%s', '', '.', ' ', '', '', '100', '1', '%s')
INSERT INTO CURRENCYFORMATS_V1 VALUES ('150', '%s', 'WS$', '', '.', ' ', '', '', '100', '1', '%s')
INSERT INTO CATEGORY_V1 VALUES ('15', '%s')
INSERT INTO CURRENCYFORMATS_V1 VALUES ('45', '%s', '%s', '', '.', ' ', '', '', '100', '1', '%s')
INSERT INTO CURRENCYFORMATS_V1 VALUES ('68', '%s', '%s', '', '.', ' ', '', '', '100', '1', '%s')
SELECT STARTDATE, ASSETNAME, ASSETTYPE, VALUE, NOTES, VALUECHANGE, VALUECHANGERATE FROM ASSETS_V1;)";
UPDATE CHECKINGACCOUNT_V1 SET ACCOUNTID = ?, TOACCOUNTID = ?, PAYEEID = ?, TRANSCODE = ?, TRANSAMOUNT = ?, STATUS = ?, TRANSACTIONNUMBER = ?, NOTES = ?, CATEGID = ?, SUBCATEGID = ?, TRANSDATE = ?, FOLLOWUPID = ?, TOTRANSAMOUNT = ?  WHERE TRANSID = ?
INSERT INTO CURRENCYFORMATS_V1 VALUES ('66', '%s', '', '', '.', ' ', '', '', '100', '1', '%s')
INSERT INTO CURRENCYFORMATS_V1 VALUES ('36', '%s', 'KY$', '', '.', ' ', '', '', '100', '1', '%s')
SELECT PAYEEID, PAYEENAME, CATEGID, SUBCATEGID FROM PAYEE_V1 
INSERT INTO CURRENCYFORMATS_V1 VALUES ('115', '%s', '', '', '.', ' ', '', '', '100', '1', '%s')
INSERT INTO SUBCATEGORY_V1 VALUES ('3', '%s', '1')
INSERT INTO CATEGORY_V1 VALUES ('12', '%s')
CREATE TABLE IF NOT EXISTS CUSTOMFIELD_V1 ( FIELDID INTEGER NOT NULL PRIMARY KEY , REFTYPE TEXT NOT NULL /* Transaction, Stock, Asset, BankAccount, RepeatingTransaction, Payee */ , DESCRIPTION TEXT COLLATE NOCASE , TYPE TEXT NOT NULL /* String, Integer, Decimal, Boolean, Date, Time, SingleChoice, MultiChoice */ , PROPERTIES TEXT NOT NULL )
INSERT INTO CURRENCYFORMATS_V1 VALUES ('42', '%s', '', '', '.', ' ', '', '', '1', '1', '%s')
INSERT INTO SUBCATEGORY_V1 VALUES ('38', '%s', '10')
UPDATE ASSETCLASS_V1 SET PARENTID = ?, NAME = ?, ALLOCATION = ?, SORTORDER = ?  WHERE ID = ?
INSERT INTO CURRENCYFORMATS_V1 VALUES ('101', '%s', 'N$', '', '.', ' ', '', '', '100', '1', '%s')
UPDATE REPORT_V1 SET REPORTNAME = ?, GROUPNAME = ?, SQLCONTENT = ?, LUACONTENT = ?, TEMPLATECONTENT = ?, DESCRIPTION = ?  WHERE REPORTID = ?
INSERT INTO SUBCATEGORY_V1 VALUES ('28', '%s', '8')
INSERT INTO CURRENCYFORMATS_V1 VALUES ('59', '%s', '%s', '', '.', ' ', '', '', '1', '1', '%s')
SELECT CATEGID, CATEGNAME FROM CATEGORY_V1 
INSERT INTO CURRENCYFORMATS_V1 VALUES ('11', '%s', 'AR$', '', ',', '.', '', '%s', '100', '1', '%s')
INSERT INTO CURRENCYFORMATS_V1 VALUES ('140', '%s', 'TT$', '', '.', ' ', '', '', '100', '1', '%s')
INSERT INTO CURRENCYFORMATS_V1 VALUES ('77', '%s', '%s', '', '.', ' ', '', '', '100', '1', '%s')
INSERT INTO CURRENCYFORMATS_V1 VALUES ('46', '%s', '%s', '', '.', ' ', '', '', '1', '1', '%s')
INSERT INTO CATEGORY_V1 VALUES ('11', '%s')
INSERT INTO CATEGORY_V1 VALUES ('2', '%s')
INSERT INTO CURRENCYFORMATS_V1 VALUES ('26', '%s', '%s', '', ',', '.', '', '', '100', '1', '%s')
INSERT INTO CURRENCYFORMATS_V1 VALUES ('70', '%s', '', '', '.', ' ', '', '', '1', '1', '%s')
INSERT INTO CURRENCYFORMATS_V1 VALUES ('90', '%s', '%s', '', '.', ' ', '', '', '100', '1', '%s')
INSERT INTO CURRENCYFORMATS_V1 VALUES ('6', '%s', '', '', '.', ' ', '', '%s', '100', '1', '%s')
INSERT INTO CURRENCYFORMATS_V1 VALUES ('107', '%s', '%s', '', '.', ' ', '', '', '100', '1', '%s')
UPDATE CURRENCYHISTORY_V1 SET CURRENCYID = ?, CURRDATE = ?, CURRVALUE = ?, CURRUPDTYPE = ?  WHERE CURRHISTID = ?
CREATE TABLE ACCOUNTLIST_V1(ACCOUNTID integer primary key, ACCOUNTNAME TEXT COLLATE NOCASE NOT NULL UNIQUE, ACCOUNTTYPE TEXT NOT NULL /* Checking, Term, Investment, Credit Card */, ACCOUNTNUM TEXT, STATUS TEXT NOT NULL /* Open, Closed */, NOTES TEXT, HELDAT TEXT, WEBSITE TEXT, CONTACTINFO TEXT, ACCESSINFO TEXT, INITIALBAL numeric, FAVORITEACCT TEXT NOT NULL, CURRENCYID integer NOT NULL, STATEMENTLOCKED integer, STATEMENTDATE TEXT, MINIMUMBALANCE numeric, CREDITLIMIT numeric, INTERESTRATE numeric, PAYMENTDUEDATE text, MINIMUMPAYMENT numeric)
INSERT INTO CURRENCYFORMATS_V1 VALUES ('119', 'So Tom and Prncipe dobra', '%s', '', '.', ' ', '', '', '100', '1', '%s')
INSERT INTO CURRENCYFORMATS_V1 VALUES ('20', '%s', '%s', '', ',', ' ', '', '', '1', '1', '%s')
INSERT INTO SUBCATEGORY_V1 VALUES ('12', '%s', '3')
INSERT INTO SUBCATEGORY_V1 VALUES ('10', '%s', '3')
INSERT INTO CATEGORY_V1 VALUES ('7', '%s')
INSERT INTO CURRENCYFORMATS_V1 VALUES ('121', '%s', 'din.', '', '.', ' ', '', '', '1', '1', '%s')
SELECT ACCOUNTID, ACCOUNTNAME, ACCOUNTTYPE, ACCOUNTNUM, STATUS, NOTES, HELDAT, WEBSITE, CONTACTINFO, ACCESSINFO, INITIALBAL, FAVORITEACCT, CURRENCYID, STATEMENTLOCKED, STATEMENTDATE, MINIMUMBALANCE, CREDITLIMIT, INTERESTRATE, PAYMENTDUEDATE, MINIMUMPAYMENT FROM ACCOUNTLIST_V1 
INSERT INTO CURRENCYFORMATS_V1 VALUES ('43', '%s', '%s', '', '.', ' ', '', '', '100', '1', '%s')
INSERT INTO CURRENCYFORMATS_V1 VALUES ('50', '%s', '%s', '', '.', ' ', '', '', '100', '1', '%s')
CREATE TABLE IF NOT EXISTS CUSTOMFIELDDATA_V1 ( FIELDATADID INTEGER NOT NULL PRIMARY KEY , FIELDID INTEGER NOT NULL , REFID INTEGER NOT NULL , CONTENT TEXT , UNIQUE(FIELDID, REFID) )
INSERT INTO CURRENCYFORMATS_V1 VALUES ('62', '%s', '%s', '', '.', ' ', '', '', '100', '1', '%s')
INSERT INTO SUBCATEGORY_V1 VALUES ('6', '%s', '1')
CREATE TABLE CURRENCYHISTORY_V1(CURRHISTID INTEGER PRIMARY KEY, CURRENCYID INTEGER NOT NULL, CURRDATE TEXT NOT NULL, CURRVALUE NUMERIC NOT NULL, CURRUPDTYPE INTEGER, UNIQUE(CURRENCYID, CURRDATE))
select * from INFOTABLE_V1;
INSERT INTO CURRENCYFORMATS_V1 VALUES ('114', '%s', '', '', '.', ' ', '', '', '100', '1', '%s')
select * from TRANSLINK_V1 where LINKTYPE = "Asset" AND LINKRECORDID = link_id;
UPDATE BUDGETTABLE_V1 SET BUDGETYEARID = ?, CATEGID = ?, SUBCATEGID = ?, PERIOD = ?, AMOUNT = ?  WHERE BUDGETENTRYID = ?
UPDATE CATEGORY_V1 SET CATEGNAME = ?  WHERE CATEGID = ?
SELECT SUBCATEGID, SUBCATEGNAME, CATEGID FROM SUBCATEGORY_V1 
INSERT INTO CURRENCYFORMATS_V1 VALUES ('52', '%s', 'FJ$', '', '.', ' ', '', '', '100', '1', '%s')
INSERT INTO SUBCATEGORY_V1 VALUES ('14', '%s', '4')
INSERT INTO CURRENCYFORMATS_V1 VALUES ('84', '%s', '%s', '', '.', ' ', '', '', '100', '1', '%s')
INSERT INTO CURRENCYFORMATS_V1 VALUES ('110', '%s', 'B./', '', '.', ' ', '', '', '100', '1', '%s')
INSERT INTO SUBCATEGORY_V1 VALUES ('15', '%s', '4')
INSERT INTO CURRENCYFORMATS_V1 VALUES ('74', '%s', '', '', '.', ' ', '', '', '100', '1', '%s')
INSERT INTO CURRENCYFORMATS_V1 VALUES ('142', '%s', '', '', '.', ' ', '', '', '100', '1', '%s')
SELECT CURRHISTID, CURRENCYID, CURRDATE, CURRVALUE, CURRUPDTYPE FROM CURRENCYHISTORY_V1 
UPDATE SPLITTRANSACTIONS_V1 SET TRANSID = ?, CATEGID = ?, SUBCATEGID = ?, SPLITTRANSAMOUNT = ?  WHERE SPLITTRANSID = ?
UPDATE CUSTOMFIELD_V1 SET REFTYPE = ?, DESCRIPTION = ?, TYPE = ?, PROPERTIES = ?  WHERE FIELDID = ?
CREATE TABLE IF NOT EXISTS ASSETCLASS_STOCK_V1 ( 'ID' INTEGER primary key, 'ASSETCLASSID' INTEGER NOT NULL, 'STOCKSYMBOL' TEXT UNIQUE )
INSERT INTO SUBCATEGORY_V1 VALUES ('33', '%s', '9')
INSERT INTO CURRENCYFORMATS_V1 VALUES ('33', '%s', '%s', '', '.', ' ', '', '', '1', '1', '%s')
CREATE TABLE BUDGETTABLE_V1(BUDGETENTRYID integer primary key, BUDGETYEARID integer, CATEGID integer, SUBCATEGID integer, PERIOD TEXT NOT NULL /* None, Weekly, Bi-Weekly, Monthly, Monthly, Bi-Monthly, Quarterly, Half-Yearly, Yearly, Daily*/, AMOUNT numeric NOT NULL)
INSERT INTO SUBCATEGORY_V1 VALUES ('5', '%s', '1')
INSERT INTO CURRENCYFORMATS_V1 VALUES ('105', 'Nicaraguan crdoba', 'C$', '', '.', ' ', '', '', '100', '1', '%s')
INSERT INTO CURRENCYFORMATS_V1 VALUES ('19', '%s', 'Bds$', '', '.', ' ', '', '', '100', '1', '%s')
INSERT INTO CURRENCYFORMATS_V1 VALUES ('82', '%s', '%s', '', '.', ' ', '', '', '100', '1', '%s')
INSERT INTO CURRENCYFORMATS_V1 VALUES ('64', '%s', '%s', '', '.', ' ', '', '', '1', '1', '%s')
INSERT INTO CURRENCYFORMATS_V1 VALUES ('92', '%s', '%s', '', '.', ' ', '', '', '100', '1', '%s')
CREATE TABLE IF NOT EXISTS SHAREINFO_V1 ( SHAREINFOID integer NOT NULL primary key , CHECKINGACCOUNTID integer NOT NULL , SHARENUMBER numeric , SHAREPRICE numeric , SHARECOMMISSION numeric , SHARELOT TEXT )
INSERT INTO CURRENCYFORMATS_V1 VALUES ('2', '%s', '', '', '.', ' ', '', '', '100', '1', '%s')
INSERT INTO CURRENCYFORMATS_V1 VALUES ('28', '%s', 'R$', '', '.', ' ', '', '', '100', '1', '%s')
INSERT INTO CURRENCYFORMATS_V1 VALUES ('22', '%s', '%s', '', '.', ' ', '', '', '100', '1', '%s')
INSERT INTO CURRENCYFORMATS_V1 VALUES ('76', '%s', '%s', '', '.', ' ', '', '', '100', '1', '%s')
INSERT INTO CURRENCYFORMATS_V1 VALUES ('78', '%s', '%s', '', '.', ' ', '', '', '1', '1', '%s')
CREATE TABLE CURRENCYFORMATS_V1(CURRENCYID integer primary key, CURRENCYNAME TEXT COLLATE NOCASE NOT NULL UNIQUE, PFX_SYMBOL TEXT, SFX_SYMBOL TEXT, DECIMAL_POINT TEXT, GROUP_SEPARATOR TEXT, UNIT_NAME TEXT COLLATE NOCASE, CENT_NAME TEXT COLLATE NOCASE, SCALE integer, BASECONVRATE numeric, CURRENCY_SYMBOL TEXT COLLATE NOCASE NOT NULL UNIQUE)
CREATE TABLE SUBCATEGORY_V1(SUBCATEGID integer primary key, SUBCATEGNAME TEXT COLLATE NOCASE NOT NULL, CATEGID integer NOT NULL, UNIQUE(CATEGID, SUBCATEGNAME))
INSERT INTO CURRENCYFORMATS_V1 VALUES ('13', '%s', '', '', '.', ' ', '', '', '100', '1', '%s')
SELECT ATTACHMENTID, REFTYPE, REFID, DESCRIPTION, FILENAME FROM ATTACHMENT_V1 
CREATE TABLE BUDGETSPLITTRANSACTIONS_V1(SPLITTRANSID integer primary key, TRANSID integer NOT NULL, CATEGID integer, SUBCATEGID integer, SPLITTRANSAMOUNT numeric)
INSERT INTO CURRENCYFORMATS_V1 VALUES ('39', '%s', 'Col$', '', '.', ' ', '', '', '100', '1', '%s')
INSERT INTO CURRENCYFORMATS_V1 VALUES ('83', '%s', '', '', '.', ' ', '', '', '1', '1', '%s')
select * from ACCOUNTLIST_V1 where ACCOUNTTYPE != 'Investment'
INSERT INTO CURRENCYFORMATS_V1 VALUES ('41', '%s', '%s', '', '.', ' ', '', '', '100', '1', '%s')
INSERT INTO CURRENCYFORMATS_V1 VALUES ('143', '%s', '%s', '', '.', ' ', '', '', '100', '1', '%s')
SELECT TRANSID, ACCOUNTID, TOACCOUNTID, PAYEEID, TRANSCODE, TRANSAMOUNT, STATUS, TRANSACTIONNUMBER, NOTES, CATEGID, SUBCATEGID, TRANSDATE, FOLLOWUPID, TOTRANSAMOUNT FROM CHECKINGACCOUNT_V1 
INSERT INTO SUBCATEGORY_V1 VALUES ('2', '%s', '1')
UPDATE SHAREINFO_V1 SET CHECKINGACCOUNTID = ?, SHARENUMBER = ?, SHAREPRICE = ?, SHARECOMMISSION = ?, SHARELOT = ?  WHERE SHAREINFOID = ?
INSERT INTO SUBCATEGORY_V1 VALUES ('35', '%s', '10')
INSERT INTO CURRENCYFORMATS_V1 VALUES ('51', '%s', '', '', '.', ' ', '', '', '100', '1', '%s')
CREATE TABLE PAYEE_V1(PAYEEID integer primary key, PAYEENAME TEXT COLLATE NOCASE NOT NULL UNIQUE, CATEGID integer, SUBCATEGID integer)
SELECT BUDGETENTRYID, BUDGETYEARID, CATEGID, SUBCATEGID, PERIOD, AMOUNT FROM BUDGETTABLE_V1 
INSERT INTO CURRENCYFORMATS_V1 VALUES ('138', '%s', '', '', '.', ' ', '', '', '1', '1', '%s')
SELECT USAGEID, USAGEDATE, JSONCONTENT FROM USAGE_V1 
INSERT INTO CATEGORY_V1 VALUES ('16', '%s')
UPDATE CUSTOMFIELDDATA_V1 SET FIELDID = ?, REFID = ?, CONTENT = ?  WHERE FIELDATADID = ?
INSERT INTO CURRENCYFORMATS_V1 VALUES ('128', '%s', '%s', '', '.', ' ', '', '', '100', '1', '%s')
UPDATE BUDGETSPLITTRANSACTIONS_V1 SET TRANSID = ?, CATEGID = ?, SUBCATEGID = ?, SPLITTRANSAMOUNT = ?  WHERE SPLITTRANSID = ?
UPDATE CURRENCYFORMATS_V1 SET CURRENCYNAME = ?, PFX_SYMBOL = ?, SFX_SYMBOL = ?, DECIMAL_POINT = ?, GROUP_SEPARATOR = ?, UNIT_NAME = ?, CENT_NAME = ?, SCALE = ?, BASECONVRATE = ?, CURRENCY_SYMBOL = ?  WHERE CURRENCYID = ?
SELECT BUDGETYEARID, BUDGETYEARNAME FROM BUDGETYEAR_V1 
INSERT INTO CURRENCYFORMATS_V1 VALUES ('30', '%s', '', '', '.', ' ', '', '', '100', '1', '%s')
INSERT INTO CURRENCYFORMATS_V1 VALUES ('57', '%s', '', '', '.', ' ', '', '', '100', '1', '%s')
INSERT INTO CURRENCYFORMATS_V1 VALUES ('104', '%s', 'NZ$', '', '.', ' ', '', '', '100', '1', '%s')
SELECT TRANSLINKID, CHECKINGACCOUNTID, LINKTYPE, LINKRECORDID FROM TRANSLINK_V1 
INSERT INTO SUBCATEGORY_V1 VALUES ('9', '%s', '2')
INSERT INTO CURRENCYFORMATS_V1 VALUES ('69', '%s', '', '', '.', ' ', '', '', '1', '1', '%s')
INSERT INTO INFOTABLE_V1 VALUES ('1', '%s', '%s')
INSERT INTO CATEGORY_V1 VALUES ('10', '%s')
SELECT INFOVALUE FROM INFOTABLE_V1 WHERE INFONAME = 'DATAVERSION')=2;
INSERT INTO CURRENCYFORMATS_V1 VALUES ('35', '%s', '%s', '', '.', ' ', '', '', '100', '1', '%s')
SELECT * FROM %s WHERE %s MATCH ?
INSERT INTO CURRENCYFORMATS_V1 VALUES ('87', '%s', '%s', '', '.', ' ', '', '', '100', '1', '%s')
UPDATE ATTACHMENT_V1 SET REFTYPE = ?, REFID = ?, DESCRIPTION = ?, FILENAME = ?  WHERE ATTACHMENTID = ?
CREATE TABLE CHECKINGACCOUNT_V1(TRANSID integer primary key, ACCOUNTID integer NOT NULL, TOACCOUNTID integer, PAYEEID integer NOT NULL, TRANSCODE TEXT NOT NULL /* Withdrawal, Deposit, Transfer */, TRANSAMOUNT numeric NOT NULL, STATUS TEXT /* None, Reconciled, Void, Follow up, Duplicate */, TRANSACTIONNUMBER TEXT, NOTES TEXT, CATEGID integer, SUBCATEGID integer, TRANSDATE TEXT, FOLLOWUPID integer, TOTRANSAMOUNT numeric)
INSERT INTO CURRENCYFORMATS_V1 VALUES ('34', '%s', '$', '', '.', ' ', '', '', '100', '1', '%s')
CREATE TABLE CUSTOMFIELD_V1 (FIELDID INTEGER NOT NULL PRIMARY KEY, REFTYPE TEXT NOT NULL /* Transaction, Stock, Asset, BankAccount, RepeatingTransaction, Payee */, DESCRIPTION TEXT COLLATE NOCASE, TYPE TEXT NOT NULL /* String, Integer, Decimal, Boolean, Date, Time, SingleChoice, MultiChoice */, PROPERTIES TEXT NOT NULL)
select * from TRANSLINK_V1 where CHECKINGACCOUNTID = checking_id;
CREATE TABLE BILLSDEPOSITS_V1(BDID integer primary key, ACCOUNTID integer NOT NULL, TOACCOUNTID integer, PAYEEID integer NOT NULL, TRANSCODE TEXT NOT NULL /* Withdrawal, Deposit, Transfer */, TRANSAMOUNT numeric NOT NULL, STATUS TEXT /* None, Reconciled, Void, Follow up, Duplicate */, TRANSACTIONNUMBER TEXT, NOTES TEXT, CATEGID integer, SUBCATEGID integer, TRANSDATE TEXT, FOLLOWUPID integer, TOTRANSAMOUNT numeric, REPEATS integer, NEXTOCCURRENCEDATE TEXT, NUMOCCURRENCES integer)
INSERT INTO SUBCATEGORY_V1 VALUES ('23', '%s', '7')
UPDATE BILLSDEPOSITS_V1 SET ACCOUNTID = ?, TOACCOUNTID = ?, PAYEEID = ?, TRANSCODE = ?, TRANSAMOUNT = ?, STATUS = ?, TRANSACTIONNUMBER = ?, NOTES = ?, CATEGID = ?, SUBCATEGID = ?, TRANSDATE = ?, FOLLOWUPID = ?, TOTRANSAMOUNT = ?, REPEATS = ?, NEXTOCCURRENCEDATE = ?, NUMOCCURRENCES = ?  WHERE BDID = ?
INSERT INTO CURRENCYFORMATS_V1 VALUES ('7', '%s', '', '%s', '.', ' ', '', '', '1', '1', '%s')
INSERT INTO CATEGORY_V1 VALUES ('9', '%s')
INSERT INTO CURRENCYFORMATS_V1 VALUES ('88', '%s', '%s', '', '.', ' ', '', '', '100', '1', '%s')
INSERT INTO SUBCATEGORY_V1 VALUES ('30', '%s', '8')
INSERT INTO CURRENCYFORMATS_V1 VALUES ('73', '%s', '', '', '.', ' ', '', '', '1', '1', '%s')
SELECT BDID, ACCOUNTID, TOACCOUNTID, PAYEEID, TRANSCODE, TRANSAMOUNT, STATUS, TRANSACTIONNUMBER, NOTES, CATEGID, SUBCATEGID, TRANSDATE, FOLLOWUPID, TOTRANSAMOUNT, REPEATS, NEXTOCCURRENCEDATE, NUMOCCURRENCES FROM BILLSDEPOSITS_V1 
INSERT INTO CURRENCYFORMATS_V1 VALUES ('133', '%s', '%s', '', '.', ' ', '', '', '100', '1', '%s')
INSERT INTO CURRENCYFORMATS_V1 VALUES ('137', '%s', '', '', '.', ' ', '', '', '100', '1', '%s')
INSERT INTO CURRENCYFORMATS_V1 VALUES ('24', '%s', 'Nu.', '', '.', ' ', '', '', '100', '1', '%s')
INSERT INTO CURRENCYFORMATS_V1 VALUES ('31', '%s', '%s', '', '.', ' ', '', '', '1', '1', '%s')
INSERT INTO CURRENCYFORMATS_V1 VALUES ('65', 'Icelandic krna', '%s', '', '.', ' ', '', '', '1', '1', '%s')
INSERT INTO CURRENCYFORMATS_V1 VALUES ('152', 'Venezuelan Bolvar', 'Bs.', '', '.', ',', 'bolvar', 'cntimos', '100', '1', '%s')
UPDATE SUBCATEGORY_V1 SET SUBCATEGNAME = ?, CATEGID = ?  WHERE SUBCATEGID = ?
INSERT INTO CURRENCYFORMATS_V1 VALUES ('125', '%s', 'SI$', '', '.', ' ', '', '', '100', '1', '%s')
SELECT ASSETID, STARTDATE, ASSETNAME, VALUE, VALUECHANGE, NOTES, VALUECHANGERATE, ASSETTYPE FROM ASSETS_V1 
INSERT INTO CATEGORY_V1 VALUES ('13', '%s')
INSERT INTO CURRENCYFORMATS_V1 VALUES ('53', '%s', '%s', '', '.', ' ', '', '', '100', '1', '%s')
INSERT INTO CURRENCYFORMATS_V1 VALUES ('117', '%s', '%s', '', '.', ' ', '', '', '100', '1', '%s')
INSERT INTO CURRENCYFORMATS_V1 VALUES ('127', '%s', '%s', '', '.', ' ', '', '', '100', '1', '%s')
CREATE TABLE SPLITTRANSACTIONS_V1(SPLITTRANSID integer primary key, TRANSID integer NOT NULL, CATEGID integer, SUBCATEGID integer, SPLITTRANSAMOUNT numeric)
select * from infotable_v1;
INSERT INTO CURRENCYFORMATS_V1 VALUES ('111', '%s', '%s', '', '.', ' ', '', '', '100', '1', '%s')
INSERT INTO SUBCATEGORY_V1 VALUES ('25', '%s', '7')
INSERT INTO CURRENCYFORMATS_V1 VALUES ('17', '%s', '', '', '.', ' ', '', '', '100', '1', '%s')
INSERT INTO CURRENCYFORMATS_V1 VALUES ('25', '%s', 'Bs.', '', '.', ' ', '', '', '100', '1', '%s')
CREATE TABLE REPORT_V1(REPORTID integer not null primary key, REPORTNAME TEXT COLLATE NOCASE NOT NULL UNIQUE, GROUPNAME TEXT COLLATE NOCASE, SQLCONTENT TEXT, LUACONTENT TEXT, TEMPLATECONTENT TEXT, DESCRIPTION TEXT)
UPDATE INFOTABLE_V1 SET INFONAME = ?, INFOVALUE = ?  WHERE INFOID = ?
INSERT INTO CURRENCYFORMATS_V1 VALUES ('32', '%s', '', '', '.', ' ', '', '', '100', '1', '%s')
select * from PAYEE_V1
UPDATE BILLSDEPOSITS_V1 SET TRANSDATE = NEXTOCCURRENCEDATE  WHERE INFONAME = DATAVERSION
UPDATE ASSETCLASS_STOCK_V1 SET ASSETCLASSID = ?, STOCKSYMBOL = ?  WHERE ID = ?
CREATE TABLE SETTING_V1(SETTINGID integer not null primary key, SETTINGNAME TEXT COLLATE NOCASE NOT NULL UNIQUE, SETTINGVALUE TEXT)
select * from TRANSLINK_V1 where LINKTYPE = "Stock" AND LINKRECORDID = link_id;
INSERT INTO CURRENCYFORMATS_V1 VALUES ('141', '%s', '%s', '', '.', ' ', '', '', '100', '1', '%s')
INSERT INTO CURRENCYFORMATS_V1 VALUES ('139', '%s', '', '', '.', ' ', '', '', '100', '1', '%s')
INSERT INTO CURRENCYFORMATS_V1 VALUES ('5', '%s', '', '', ',', ' ', '', '', '100', '1', '%s')
INSERT INTO CATEGORY_V1 VALUES ('14', '%s')
INSERT INTO CURRENCYFORMATS_V1 VALUES ('94', '%s', '%s', '', '.', ' ', '', '', '100', '1', '%s')
INSERT INTO CATEGORY_V1 VALUES ('8', '%s')
INSERT INTO SUBCATEGORY_V1 VALUES ('17', '%s', '5')
select * from %s
INSERT INTO CURRENCYFORMATS_V1 VALUES ('106', '%s', '', '', '.', ' ', '', '', '100', '1', '%s')
INSERT INTO CURRENCYFORMATS_V1 VALUES ('49', '%s', '%s', '', '.', ' ', '', '', '100', '1', '%s')
INSERT INTO SUBCATEGORY_V1 VALUES ('22', '%s', '6')
INSERT INTO CURRENCYFORMATS_V1 VALUES ('135', '%s', '', '', '.', ' ', '', '', '1', '1', '%s')
INSERT INTO CURRENCYFORMATS_V1 VALUES ('103', '%s', 'NA', '', '.', ' ', '', '', '100', '1', '%s')
CREATE TABLE TRANSLINK_V1 (TRANSLINKID integer NOT NULL primary key, CHECKINGACCOUNTID integer NOT NULL, LINKTYPE TEXT NOT NULL /* Asset, Stock */, LINKRECORDID integer NOT NULL)
INSERT INTO CURRENCYFORMATS_V1 VALUES ('63', '%s', 'HK$', '', '.', ' ', '', '', '100', '1', '%s')
CREATE TABLE INFOTABLE_V1(INFOID integer not null primary key, INFONAME TEXT COLLATE NOCASE NOT NULL UNIQUE, INFOVALUE TEXT NOT NULL)
INSERT INTO CURRENCYFORMATS_V1 VALUES ('85', '%s', 'L$', '', '.', ' ', '', '', '100', '1', '%s')
CREATE TABLE ATTACHMENT_V1 (ATTACHMENTID INTEGER NOT NULL PRIMARY KEY, REFTYPE TEXT NOT NULL /* Transaction, Stock, Asset, BankAccount, RepeatingTransaction, Payee */, REFID INTEGER NOT NULL, DESCRIPTION TEXT COLLATE NOCASE, FILENAME TEXT NOT NULL COLLATE NOCASE)
SELECT SPLITTRANSID, TRANSID, CATEGID, SUBCATEGID, SPLITTRANSAMOUNT FROM SPLITTRANSACTIONS_V1 
INSERT INTO CURRENCYFORMATS_V1 VALUES ('93', '%s', '%s', '', '.', ' ', '', '', '100', '1', '%s')
INSERT INTO CURRENCYFORMATS_V1 VALUES ('113', '%s', 'S/.', '', '.', ' ', '', '', '100', '1', '%s')
INSERT INTO CURRENCYFORMATS_V1 VALUES ('58', '%s', '%s', '', '.', ' ', '', '', '100', '1', '%s')
UPDATE SETTING_V1 SET SETTINGNAME = ?, SETTINGVALUE = ?  WHERE SETTINGID = ?
INSERT INTO CURRENCYFORMATS_V1 VALUES ('71', '%s', '', '', '.', ' ', '', '', '100', '1', '%s')
INSERT INTO SUBCATEGORY_V1 VALUES ('1', '%s', '1')
CREATE TABLE STOCK_V1(STOCKID integer primary key, HELDAT integer, PURCHASEDATE TEXT NOT NULL, STOCKNAME TEXT COLLATE NOCASE NOT NULL, SYMBOL TEXT, NUMSHARES numeric, PURCHASEPRICE numeric NOT NULL, NOTES TEXT, CURRENTPRICE numeric NOT NULL, VALUE numeric, COMMISSION numeric)
SELECT HISTID, SYMBOL, DATE, VALUE, UPDTYPE FROM STOCKHISTORY_V1 
CREATE TABLE SHAREINFO_V1 (SHAREINFOID integer NOT NULL primary key, CHECKINGACCOUNTID integer NOT NULL, SHARENUMBER numeric, SHAREPRICE numeric, SHARECOMMISSION numeric, SHARELOT TEXT)
INSERT INTO SUBCATEGORY_V1 VALUES ('13', '%s', '4')
INSERT INTO CURRENCYFORMATS_V1 VALUES ('99', '%s', '', '', '.', ' ', '', '', '100', '1', '%s')
INSERT INTO SUBCATEGORY_V1 VALUES ('7', '%s', '1')
INSERT INTO CURRENCYFORMATS_V1 VALUES ('129', '%s', '', '', '.', ' ', '', '', '100', '1', '%s')
SELECT REPORTID, REPORTNAME, GROUPNAME, SQLCONTENT, LUACONTENT, TEMPLATECONTENT, DESCRIPTION FROM REPORT_V1 
INSERT INTO SUBCATEGORY_V1 VALUES ('27', '%s', '7')
select * from Model_Shareinfo where CHECKINGACCOUNTID = checking_account_id;
INSERT INTO CURRENCYFORMATS_V1 VALUES ('96', '%s', '$', '', '.', ' ', '', '', '100', '1', '%s')
CREATE TABLE STOCKHISTORY_V1(HISTID integer primary key, SYMBOL TEXT NOT NULL, DATE TEXT NOT NULL, VALUE numeric NOT NULL, UPDTYPE integer, UNIQUE(SYMBOL, DATE))
INSERT INTO CURRENCYFORMATS_V1 VALUES ('81', '%s', '%s', '', '.', ' ', '', '', '100', '1', '%s')
INSERT INTO CURRENCYFORMATS_V1 VALUES ('112', '%s', '', '', '.', ' ', '', '', '1', '1', '%s')
INSERT INTO CURRENCYFORMATS_V1 VALUES ('95', '%s', '%s', '', '.', ' ', '', '', '1', '1', '%s')
CREATE TABLE ASSETCLASS_STOCK_V1 (ID INTEGER primary key, ASSETCLASSID INTEGER NOT NULL, STOCKSYMBOL TEXT UNIQUE)
INSERT INTO CURRENCYFORMATS_V1 VALUES ('79', '%s', '', '', '.', ' ', '', '', '100', '1', '%s')
UPDATE PAYEE_V1 SET PAYEENAME = ?, CATEGID = ?, SUBCATEGID = ?  WHERE PAYEEID = ?
SELECT ID, ASSETCLASSID, STOCKSYMBOL FROM ASSETCLASS_STOCK_V1 
INSERT INTO CURRENCYFORMATS_V1 VALUES ('10', '%s', 'EC$', '', '.', ' ', '', '', '100', '1', '%s')
INSERT INTO CURRENCYFORMATS_V1 VALUES ('89', '%s', '', '', '.', ' ', '', '', '100', '1', '%s')
INSERT INTO CURRENCYFORMATS_V1 VALUES ('122', '%s', '%s', '', '.', ' ', '', '', '100', '1', '%s')
UPDATE ACCOUNTLIST_V1 SET ACCOUNTNAME = ?, ACCOUNTTYPE = ?, ACCOUNTNUM = ?, STATUS = ?, NOTES = ?, HELDAT = ?, WEBSITE = ?, CONTACTINFO = ?, ACCESSINFO = ?, INITIALBAL = ?, FAVORITEACCT = ?, CURRENCYID = ?, STATEMENTLOCKED = ?, STATEMENTDATE = ?, MINIMUMBALANCE = ?, CREDITLIMIT = ?, INTERESTRATE = ?, PAYMENTDUEDATE = ?, MINIMUMPAYMENT = ?  WHERE ACCOUNTID = ?
INSERT INTO CURRENCYFORMATS_V1 VALUES ('8', '%s', '', '', '.', ' ', '', '', '100', '1', '%s')
SELECT ID, PARENTID, NAME, ALLOCATION, SORTORDER FROM ASSETCLASS_V1 
INSERT INTO CATEGORY_V1 VALUES ('3', '%s')
INSERT INTO CURRENCYFORMATS_V1 VALUES ('55', '%s', '', '', '.', ' ', '', '', '100', '1', '%s')
CREATE TABLE IF NOT EXISTS ASSETCLASS_V1 ( 'ID' INTEGER primary key, 'PARENTID' INTEGER, 'NAME' TEXT COLLATE NOCASE NOT NULL, 'ALLOCATION' REAL, 'SORTORDER' INTEGER )
SELECT %s FROM %s 
INSERT INTO SUBCATEGORY_V1 VALUES ('11', '%s', '3')
INSERT INTO CURRENCYFORMATS_V1 VALUES ('124', '%s', 'S$', '', '.', ' ', '', '', '100', '1', '%s')
INSERT INTO CURRENCYFORMATS_V1 VALUES ('18', '%s', '', '', '.', ' ', '', '', '100', '1', '%s')
INSERT INTO CURRENCYFORMATS_V1 VALUES ('151', '%s', '', '', '.', ' ', '', '', '1', '1', '%s')
INSERT INTO SUBCATEGORY_V1 VALUES ('24', '%s', '7')
INSERT INTO CATEGORY_V1 VALUES ('6', '%s')
UPDATE BUDGETYEAR_V1 SET BUDGETYEARNAME = ?  WHERE BUDGETYEARID = ?
INSERT INTO CURRENCYFORMATS_V1 VALUES ('16', '%s', 'B$', '', '.', ' ', '', '', '100', '1', '%s')
INSERT INTO CURRENCYFORMATS_V1 VALUES ('118', '%s', '%s', '', '.', ' ', '', '', '1', '1', '%s')
SELECT STOCKID, HELDAT, PURCHASEDATE, STOCKNAME, SYMBOL, NUMSHARES, PURCHASEPRICE, NOTES, CURRENTPRICE, VALUE, COMMISSION FROM STOCK_V1 
INSERT INTO CURRENCYFORMATS_V1 VALUES ('123', '%s', '%s', '', '.', ' ', '', '', '100', '1', '%s')
INSERT INTO SUBCATEGORY_V1 VALUES ('18', '%s', '5')
INSERT INTO SUBCATEGORY_V1 VALUES ('8', '%s', '2')
CREATE TABLE ASSETCLASS_V1 (ID INTEGER primary key, PARENTID INTEGER, NAME TEXT COLLATE NOCASE NOT NULL, ALLOCATION REAL, SORTORDER INTEGER)
UPDATE ASSETS_V1 SET STARTDATE = ?, ASSETNAME = ?, VALUE = ?, VALUECHANGE = ?, NOTES = ?, VALUECHANGERATE = ?, ASSETTYPE = ?  WHERE ASSETID = ?
INSERT INTO CURRENCYFORMATS_V1 VALUES ('130', '%s', '', '', '.', ' ', '', '', '100', '1', '%s')
INSERT INTO CURRENCYFORMATS_V1 VALUES ('91', '%s', '%s', '', '.', ' ', '', '', '1', '1', '%s')
INSERT INTO CURRENCYFORMATS_V1 VALUES ('37', '%s', '$', '', '.', ' ', '', '', '1', '1', '%s')
INSERT INTO CURRENCYFORMATS_V1 VALUES ('29', '%s', 'B$', '', '.', ' ', '', '', '100', '1', '%s')
INSERT INTO SUBCATEGORY_V1 VALUES ('40', '%s', '13')
INSERT INTO CATEGORY_V1 VALUES ('1', '%s')
INSERT INTO CURRENCYFORMATS_V1 VALUES ('148', '%s', '%s', '', '.', ' ', '', '', '100', '1', '%s')
SELECT INFOID, INFONAME, INFOVALUE FROM INFOTABLE_V1 
INSERT INTO SUBCATEGORY_V1 VALUES ('32', '%s', '9')
INSERT INTO CURRENCYFORMATS_V1 VALUES ('86', '%s', '%s', '', '.', ' ', '', '', '100', '1', '%s')
SELECT FIELDID, REFTYPE, DESCRIPTION, TYPE, PROPERTIES FROM CUSTOMFIELD_V1 
UPDATE STOCK_V1 SET HELDAT = ?, PURCHASEDATE = ?, STOCKNAME = ?, SYMBOL = ?, NUMSHARES = ?, PURCHASEPRICE = ?, NOTES = ?, CURRENTPRICE = ?, VALUE = ?, COMMISSION = ?  WHERE STOCKID = ?
INSERT INTO SUBCATEGORY_V1 VALUES ('19', '%s', '5')
INSERT INTO CURRENCYFORMATS_V1 VALUES ('134', '%s', 'Fr.', '', '.', ' ', '', '', '100', '1', '%s')
UPDATE STOCKHISTORY_V1 SET SYMBOL = ?, DATE = ?, VALUE = ?, UPDTYPE = ?  WHERE HISTID = ?
INSERT INTO CURRENCYFORMATS_V1 VALUES ('15', '%s', '', '', '.', ' ', '', '', '100', '1', '%s')
