INSERT INTO EVSE_CONNECTOR VALUES(1,2)
INSERT INTO CONNECTOR VALUES(6,3,7,1,16,3,240)
INSERT INTO EVSE_CONNECTOR VALUES(4,12)
SELECT si FROM SessionInfo AS si WHERE si.requestIdentifier = :userIdentifier
SELECT entity FROM " + jpaEntityClass.getName() + " as entity
SELECT s FROM io.motown.vas.viewmodel.persistence.entities.Subscription AS s
INSERT INTO EVSE_CONNECTOR VALUES(2,5)
SELECT m FROM Manufacturer m
SELECT COUNT(t) FROM io.motown.operatorapi.viewmodel.persistence.entities.Transaction t
SELECT cs FROM io.motown.vas.viewmodel.persistence.entities.ChargingStation AS cs
INSERT INTO EVSE_CONNECTOR VALUES(3,8)
CREATE TABLE MANUFACTURER( ID BIGINT GENERATED BY DEFAULT AS IDENTITY NOT NULL PRIMARY KEY, CODE VARCHAR(255), CONSTRAINT UK_GAHS9944ONMEWEVXD5BJ06OQ3 UNIQUE(CODE))
INSERT INTO EVSE_CONNECTOR VALUES(4,11)
SELECT cst FROM ChargingStationType cst
CREATE TABLE CHARGINGSTATIONTYPE( ID BIGINT GENERATED BY DEFAULT AS IDENTITY NOT NULL PRIMARY KEY, CODE VARCHAR(255), MANUFACTURERID BIGINT, CONSTRAINT UK_DD3THDTJ9EGSW18N38VF1MPD3 UNIQUE(CODE,MANUFACTURERID), CONSTRAINT FK_T7FWJL124ISLDOXNBDQY6FMQF FOREIGN KEY(MANUFACTURERID) REFERENCES PUBLIC.MANUFACTURER(ID))
SELECT COUNT(m) FROM Manufacturer m
CREATE TABLE EVSE( ID BIGINT GENERATED BY DEFAULT AS IDENTITY NOT NULL PRIMARY KEY, IDENTIFIER INTEGER NOT NULL)
CREATE TABLE SOURCEENDPOINT( ID BIGINT GENERATED BY DEFAULT AS IDENTITY NOT NULL PRIMARY KEY, PMSIDENTIFIER VARCHAR(255) NOT NULL, SOURCEENDPOINTURL VARCHAR(255) NOT NULL, CONSTRAINT UK_KUNNENWIJDANALLES55BJ06OQ3 UNIQUE(PMSIDENTIFIER))
SELECT t FROM io.motown.operatorapi.viewmodel.persistence.entities.Transaction AS t
INSERT INTO CONNECTOR VALUES(8,3,8,1,16,1,240)
INSERT INTO CONNECTOR VALUES(9,3,8,1,16,1,240)
INSERT INTO CONNECTOR VALUES(5,3,7,1,16,3,240)
SELECT si FROM SessionInfo AS si WHERE si.requestIdentifier = :requestIdentifier
INSERT INTO CONNECTOR VALUES(10,3,7,1,16,3,240)
INSERT INTO EVSE_CONNECTOR VALUES(2,4)
SELECT de FROM DestinationEndpoint AS de WHERE de.pmsIdentifier = :pmsIdentifier
INSERT INTO EVSE VALUES(2,2)
INSERT INTO EVSE_CONNECTOR VALUES(4,10)
INSERT INTO CHARGINGSTATIONTYPE_EVSE VALUES(1,2)
INSERT INTO CHARGINGSTATIONTYPE_EVSE VALUES(2,4)
SELECT si FROM SessionInfo AS si WHERE si.transactionId = :transactionId
CREATE TABLE CONNECTOR( ID BIGINT GENERATED BY DEFAULT AS IDENTITY NOT NULL PRIMARY KEY, CHARGINGPROTOCOL INTEGER, CONNECTORTYPE INTEGER, CURRENT INTEGER, MAXAMP INTEGER NOT NULL, PHASE INTEGER NOT NULL, VOLTAGE INTEGER NOT NULL)
SELECT cs FROM io.motown.operatorapi.viewmodel.persistence.entities.ChargingStation AS cs
SELECT cst FROM ChargingStationType AS cst where UPPER(cst.manufacturer.code) = UPPER(:manufacturerCode)
INSERT INTO CONNECTOR VALUES(4,3,7,1,16,3,240)
CREATE TABLE CHARGINGSTATIONTYPE_EVSE( CHARGINGSTATIONTYPE_ID BIGINT NOT NULL, EVSES_ID BIGINT NOT NULL, CONSTRAINT UK_GFSXHLP86VL7JQS86XSH643M UNIQUE(EVSES_ID), CONSTRAINT FK_5FWAAR49JB1XOH25FN8OEQP9M FOREIGN KEY(CHARGINGSTATIONTYPE_ID) REFERENCES CHARGINGSTATIONTYPE(ID), CONSTRAINT FK_GFSXHLP86VL7JQS86XSH643M FOREIGN KEY(EVSES_ID) REFERENCES EVSE(ID))
SELECT cst FROM ChargingStationType AS cst where UPPER(cst.code) = UPPER(:code) and UPPER(cst.manufacturer.code) = UPPER(:manufacturerCode)
INSERT INTO EVSE_CONNECTOR VALUES(3,9)
SELECT s FROM io.motown.vas.viewmodel.persistence.entities.Subscription AS s 
SELECT COUNT(cst) FROM ChargingStationType cst
CREATE TABLE DESTINATIONENDPOINT( ID BIGINT GENERATED BY DEFAULT AS IDENTITY NOT NULL PRIMARY KEY, PMSIDENTIFIER VARCHAR(255) NOT NULL, DESTINATIONENDPOINTURL VARCHAR(255) NOT NULL, CONSTRAINT UK_KUNNENWIJDANALLESD5BJ06OQ3 UNIQUE(PMSIDENTIFIER))
INSERT INTO EVSE_CONNECTOR VALUES(1,3)
INSERT INTO CONNECTOR VALUES(2,3,3,1,16,3,480)
INSERT INTO CONNECTOR VALUES(11,3,8,1,16,3,240)
SELECT COUNT(cs) FROM io.motown.operatorapi.viewmodel.persistence.entities.ChargingStation cs
SELECT t FROM io.motown.operatorapi.viewmodel.persistence.entities.Transaction AS t WHERE t.transactionId = :transactionId
INSERT INTO EVSE VALUES(4,2)
INSERT INTO CONNECTOR VALUES(12,3,9,1,16,3,240)
SELECT si FROM SessionInfo AS si WHERE si.authorizationIdentifier = :authorizationIdentifier
SELECT si FROM SessionInfo AS si ORDER BY si.id desc
SELECT se FROM SourceEndpoint AS se WHERE se.pmsIdentifier = :pmsIdentifier
INSERT INTO CONNECTOR VALUES(3,3,4,1,16,3,480)
CREATE TABLE EVSE_CONNECTOR( EVSE_ID BIGINT NOT NULL, CONNECTORS_ID BIGINT NOT NULL, PRIMARY KEY(EVSE_ID,CONNECTORS_ID), CONSTRAINT UK_6V69VYUNM00K734GNWACGL1O3 UNIQUE(CONNECTORS_ID), CONSTRAINT FK_6V69VYUNM00K734GNWACGL1O3 FOREIGN KEY(CONNECTORS_ID) REFERENCES CONNECTOR(ID), CONSTRAINT FK_HYK48IC91EX23I1RJWGXOC578 FOREIGN KEY(EVSE_ID) REFERENCES EVSE(ID))
INSERT INTO EVSE_CONNECTOR VALUES(2,6)
