insert into Document_Attributes values (3, 'English')
create table profile ( userid VARCHAR(80) not null, langpref VARCHAR(80) not null, favcategory VARCHAR(30), mylistopt int, banneropt int, constraint pk_profile primary key (userid))
INSERT INTO LINE_ITEM VALUES (2, 8, 'GSM-65', 1, 2.20)
INSERT INTO ORDERS VALUES (9, 2, '2003-02-15 8:15:00', 'MC', '666666666666', '01/04', '999 Your Street', 'Toronto', 'ON', 'G4D 9F4',2)
INSERT INTO profile VALUES('j2ee','english','DOGS',1,1)
create table Document_Attributes ( document_id int not null, attribute varchar(50) not null)
INSERT INTO LINE_ITEM VALUES (2, 10, 'QSM-98', 8, 8.40)
INSERT INTO ORDERS VALUES (2, 4, '2003-02-15 8:15:00', 'MC', '888888888888', '06/03', '222 That Street', 'Edmonton', 'AB', 'X4K 5Y4',1)
insert into foo values ('c', 'c', 'c')
INSERT INTO DOCUMENTS VALUES (2, 'Le Progres de Lyon', 'NEWSPAPER', null , 'Lyon')
create table bannerdata ( favcategory VARCHAR(80) not null, bannername VARCHAR(255), constraint pk_bannerdata primary key (favcategory))
INSERT INTO signon VALUES('ACID','ACID')
INSERT INTO ACCOUNT VALUES(9,'Robert', 'Johnson', 'blahblah@somewhere.com')
INSERT INTO signon VALUES('j2ee','j2ee')
INSERT INTO supplier VALUES (2,'ABC Pets','AC','700 Abalone Way','','San Francisco ','CA','94024','415-947-0797')
INSERT INTO LINE_ITEM VALUES (1, 8, 'DSM-16', 4, 41.30)
INSERT INTO LINE_ITEM VALUES (2, 2, 'FSM-12', 2, 55.78)
INSERT INTO ACCOUNT VALUES(10,'June', 'Willis', null)
INSERT INTO DOCUMENTS VALUES (1, 'The World of Null-A', 'BOOK', 55, null)
create table inventory ( itemid VARCHAR(10) not null, qty int not null, constraint pk_inventory primary key (itemid))
INSERT INTO ACCOUNT VALUES(2,'Jim', 'Smith', 'jim.smith@somewhere.com')
create table orders ( orderid int not null, userid VARCHAR(80) not null, orderdate date not null, shipaddr1 VARCHAR(80) not null, shipaddr2 VARCHAR(80), shipcity VARCHAR(80) not null, shipstate VARCHAR(80) not null, shipzip VARCHAR(20) not null, shipcountry VARCHAR(20) not null, billaddr1 VARCHAR(80) not null, billaddr2 VARCHAR(80), billcity VARCHAR(80) not null, billstate VARCHAR(80) not null, billzip VARCHAR(20) not null, billcountry VARCHAR(20) not null, courier VARCHAR(80) not null, totalprice decimal(10,2) not null, billtofirstname VARCHAR(80) not null, billtolastname VARCHAR(80) not null, shiptofirstname VARCHAR(80) not null, shiptolastname VARCHAR(80) not null, creditcard VARCHAR(80) not null, exprdate VARCHAR(7) not null, cardtype VARCHAR(80) not null, locale VARCHAR(80) not null, constraint pk_orders primary key (orderid))
INSERT INTO LINE_ITEM VALUES (2, 3, 'DSM-53', 3, 98.78)
INSERT INTO DOCUMENTS VALUES (5, 'Le Monde', 'BROADSHEET', null , 'Paris')
INSERT INTO ARTICLE_INDEX VALUES (6, 'Combat', 'Health', 'Staying alive in combat')
CREATE TABLE sequence( name VARCHAR(30) not null, nextid int not null, constraint pk_sequence primary key (name))
insert into Document_Attributes values (1, 'Sci-Fi')
INSERT INTO LINE_ITEM VALUES (2, 9, 'TSM-12', 2, 32.12)
INSERT INTO LINE_ITEM VALUES (2, 1, 'ESM-23', 1, 55.40)
INSERT INTO ACCOUNT VALUES(4,'Bob', 'Jackson', 'bob.jackson@somewhere.com', 4, 'Nay', 100, CURRENT_DATE)
INSERT INTO ACCOUNT VALUES(2,'Jim', 'Smith', 'jim.smith@somewhere.com', 2, 'Aye', 200, CURRENT_DATE)
INSERT INTO ORDERS VALUES (3, 3, '2003-02-15 8:15:00', 'AMEX', '777777777777', '07/03', '333 Other Street', 'Regina', 'SK', 'Z4U 6Y4',2)
insert into person values(8, 'Matt', 'Smith')
INSERT INTO ACCOUNT VALUES(4,'Bob', 'Jackson', 'bob.jackson@somewhere.com')
create table category (	catid VARCHAR(10) not null,	name VARCHAR(80),	descn VARCHAR(255),	constraint pk_category primary key (catid))
select * from account where acc_id in (?,?)
insert into person values(2, 'Matt', 'Jones')
INSERT INTO account VALUES('j2ee','yourname@yourdomain.com','ABC', 'XYX', 'OK', '901 San Antonio Road', 'MS UCUP02-206', 'Palo Alto', 'CA', '94303', 'USA', '555-555-5555')
INSERT INTO LINE_ITEM VALUES (1, 9, 'DSM-78', 2, 45.40)
CREATE TABLE ACCOUNT ( ACC_ID INTEGER NOT NULL, ACC_FIRST_NAME VARCHAR(255) NOT NULL, ACC_LAST_NAME VARCHAR(255) NOT NULL, ACC_EMAIL VARCHAR(255), ACC_AGE						 NUMERIC, ACC_BANNER_OPTION VARCHAR(255), ACC_CART_OPTION INTEGER, ACC_DATE_ADDED DATE, PRIMARY KEY (ACC_ID))
INSERT INTO ARTICLE_INDEX VALUES (4, 'Love', 'Heart', 'Language of the heart')
INSERT INTO ORDERS VALUES (1, 1, '2003-02-15 8:15:00', 'VISA', '999999999999', '05/03', '11 This Street', 'Victoria', 'BC', 'C4B 4F4',2)
INSERT INTO ACCOUNT VALUES(1,'Clinton', 'Begin', 'clinton.begin@ibatis.com')
create table signon ( username VARCHAR(25) not null, password VARCHAR(25) not null, constraint pk_signon primary key (username))
INSERT INTO account VALUES('ACID','acid@yourdomain.com','ABC', 'XYX', 'OK', '901 San Antonio Road', 'MS UCUP02-206', 'Palo Alto', 'CA', '94303', 'USA', '555-555-5555')
INSERT INTO DOCUMENTS VALUES (6, 'Foundation', 'MONOGRAPH', 557, null)
insert into foo values ('a', 'a', 'a')
INSERT INTO ARTICLE_INDEX VALUES (1, 'Health', 'Heart', 'Exercises for your heart')
CREATE TABLE PERSON_DOCUMENTS ( PERSON_ID INTEGER NOT NULL, PERSON_NAME VARCHAR(50), DOCUMENT_ID INTEGER NOT NULL, PRIMARY KEY (PERSON_ID))
INSERT INTO ARTICLE_INDEX VALUES (8, 'Health', 'Heart', 'More Exercises for your heart')
insert into person_documents values (3, 'Amy', 6)
insert into person_documents values (2, 'Matt', 3)
INSERT INTO LINE_ITEM VALUES (1, 2, 'DSM-37', 4, 7.80)
insert into person_documents values (1, 'Jeff', 2)
INSERT INTO LINE_ITEM VALUES (2, 4, 'XSM-78', 9, 2.34)
insert into person values(3, 'Amy', 'Jones')
INSERT INTO ORDERS VALUES (6, 5, '2003-02-15 8:15:00', 'VISA', '999999999999', '10/03', '6 Their Street', 'Victoria', 'BC', 'T4H 9G4',1)
INSERT INTO ORDERS VALUES (5, 5, '2003-02-15 8:15:00', 'VISA', '555555555555', '09/03', '555 Her Street', 'Calgary', 'AB', 'J4J 7S4',2)
create table orderstatus ( orderid int not null, linenum int not null, timestamp date not null, status VARCHAR(2) not null, constraint pk_orderstatus primary key (orderid, linenum))
INSERT INTO ARTICLE_INDEX VALUES (5, 'Love', 'Health', 'How love affects your health2')
INSERT INTO LINE_ITEM VALUES (1, 1, 'ESM-48', 8, 87.60)
INSERT INTO DOCUMENTS VALUES (4, 'Le Canard enchaine', 'NEWSPAPER', null , 'Paris')
INSERT INTO ACCOUNT VALUES(3,'Elizabeth', 'Jones', null)
INSERT INTO ARTICLE_INDEX VALUES (2, 'Health', 'Health', 'General health for people')
insert into person values(9, 'Amy', 'Smith')
INSERT INTO ACCOUNT VALUES(7,'Steve', 'Todor', 'steve@somewhere.com')
INSERT INTO sequence VALUES('linenum', 1000)
INSERT INTO ORDERS VALUES (10, 1, '2003-02-15 8:15:00', 'VISA', '555555555555', '02/04', '99 Some Street', 'Calgary', 'AB', 'W4G 7A4',1)
insert into person values(1, 'Jeff', 'Jones')
INSERT INTO ACCOUNT2 VALUES(3,'Bob', 'Jackson', 'bob.jackson@somewhere.com')
INSERT INTO LINE_ITEM VALUES (1, 4, 'RSM-57', 2, 78.90)
INSERT INTO ARTICLE_INDEX VALUES (7, 'Love', 'Love', 'Love is all around')
INSERT INTO ACCOUNT VALUES(5,'&manda', 'Goodman', null, 5, 'Aye', 100, CURRENT_DATE)
CREATE TABLE ARTICLE_INDEX ( CATEGORY_ID INTEGER NOT NULL, CATEGORY_TITLE VARCHAR(32), TOPIC_TITLE VARCHAR(32), TOPIC_DESCRIPTION VARCHAR(80), PRIMARY KEY (CATEGORY_ID))
INSERT INTO ORDERS VALUES (4, 2, '2003-02-15 8:15:00', 'MC', '666666666666', '08/03', '444 His Street', 'Toronto', 'ON', 'K4U 3S4',1)
insert into Document_Attributes values (2, 'French')
INSERT INTO profile VALUES('ACID','english','CATS',1,1)
create table product ( productid VARCHAR(10) not null, category VARCHAR(10) not null, name VARCHAR(80), descn VARCHAR(255), constraint pk_product primary key (productid), constraint fk_product_1 foreign key (category) references category (catid))
INSERT INTO LINE_ITEM VALUES (1, 6, 'QSM-39', 9, 12.12)
CREATE TABLE ACCOUNT2 ( ACC_ID NUMBER(5,0) NOT NULL, ACC_FIRST_NAME VARCHAR2 (255) NOT NULL, ACC_LAST_NAME VARCHAR2 (255) NOT NULL, ACC_EMAIL VARCHAR2 (255), PRIMARY KEY (ACC_ID))
INSERT INTO ACCOUNT VALUES(8,'Elizabeth', 'Samson', null)
CREATE TABLE LINE_ITEM ( LIN_ID INT NOT NULL, LIN_ORD_ID INT NOT NULL, LIN_ITM_CODE VARCHAR(255) NOT NULL, LIN_QUANTITY INT NOT NULL, LIN_PRICE DECIMAL NOT NULL, PRIMARY KEY (LIN_ID, LIN_ORD_ID))
CREATE TABLE ORDERS ( ORD_ID INT NOT NULL, ORD_ACC_ID INT NOT NULL, ORD_DATE TIMESTAMP NOT NULL, ORD_CARD_TYPE VARCHAR(255), ORD_CARD_NUMBER VARCHAR(255), ORD_CARD_EXPIRY VARCHAR(255), ORD_STREET VARCHAR(255), ORD_CITY VARCHAR(255), ORD_PROVINCE VARCHAR(255), ORD_POSTAL_CODE VARCHAR(255), ORD_FAVOURITE_LINE INT, PRIMARY KEY (ORD_ID))
INSERT INTO LINE_ITEM VALUES (2, 5, 'WSM-98', 7, 5.40)
INSERT INTO sequence VALUES('ordernum', 1000)
INSERT INTO ACCOUNT VALUES(6,'Rick', 'Maximum', 'rick@ibatis.com')
CREATE TABLE DOCUMENTS ( DOCUMENT_ID INTEGER NOT NULL, DOCUMENT_TITLE VARCHAR(32), DOCUMENT_TYPE VARCHAR(32), DOCUMENT_PAGENUMBER INTEGER, DOCUMENT_CITY VARCHAR(32), PRIMARY KEY (DOCUMENT_ID))
INSERT INTO ACCOUNT2 VALUES(2,'Jim', 'Smith', 'jim.smith@somewhere.com')
select 1 from ACCOUNT
INSERT INTO ACCOUNT VALUES(5,'&manda', 'Goodman', null)
INSERT INTO LINE_ITEM VALUES (2, 7, 'ESM-23', 2, 123.34)
insert into person values(5, 'Wilma', 'Jones')
INSERT INTO DOCUMENTS VALUES (3, 'Lord of the Rings', 'BOOK', 3587, null)
INSERT INTO LINE_ITEM VALUES (1, 7, 'WSM-27', 7, 52.10)
INSERT INTO LINE_ITEM VALUES (1, 10, 'ESM-34', 1, 45.43)
create table item ( itemid VARCHAR(10) not null, productid VARCHAR(10) not null, listprice decimal(10,2), unitcost decimal(10,2), supplier int, status VARCHAR(2), attr1 VARCHAR(80), attr2 VARCHAR(80), attr3 VARCHAR(80), attr4 VARCHAR(80), attr5 VARCHAR(80), constraint pk_item primary key (itemid), constraint fk_item_1 foreign key (productid) references product (productid), constraint fk_item_2 foreign key (supplier) references supplier (suppid))
INSERT INTO LINE_ITEM VALUES (2, 6, 'ASM-45', 6, 78.77)
INSERT INTO ACCOUNT VALUES(1,'Clinton', 'Begin', 'clinton.begin@ibatis.com', 1, 'Aye', 200, CURRENT_DATE)
insert into Document_Attributes values (1, 'English')
insert into person values(4, 'Scott', 'Jones')
create table account ( userid VARCHAR(80) not null, email VARCHAR(80) not null, firstname VARCHAR(80) not null, lastname VARCHAR(80) not null, status VARCHAR(2), addr1 VARCHAR(80) not null, addr2 VARCHAR(40), city VARCHAR(80) not null, state VARCHAR(80) not null, zip VARCHAR(20) not null, country VARCHAR(20) not null, phone VARCHAR(80) not null, constraint pk_account primary key (userid))
INSERT INTO supplier VALUES (1,'XYZ Pets','AC','600 Avon Way','','Los Angeles','CA','94024','212-947-0797')
create table foo ( column1 varchar(50), column2 varchar(50), column3 varchar(50) )
INSERT INTO ACCOUNT VALUES(3,'Elizabeth', 'Jones', null, 3, 'Nay', 100, CURRENT_DATE)
create table supplier ( suppid int not null, name VARCHAR(80), status VARCHAR(2) not null, addr1 VARCHAR(80), addr2 VARCHAR(80), city VARCHAR(80), state VARCHAR(80), zip VARCHAR(5), phone VARCHAR(80), constraint pk_supplier primary key (suppid))
INSERT INTO LINE_ITEM VALUES (1, 3, 'DSM-59', 3, 5.70)
insert into Document_Attributes values (3, 'Fantasy')
insert into person values(6, 'Fred', 'Jones')
create table person ( id int not null, first_name char(50) not null, last_name char(50) not null, primary key (id))
insert into foo values ('b', 'b', 'b')
INSERT INTO ORDERS VALUES (8, 3, '2003-02-15 8:15:00', 'AMEX', '777777777777', '12/03', '888 Our Street', 'Regina', 'SK', 'S4S 7G4',1)
INSERT INTO LINE_ITEM VALUES (1, 5, 'ESM-48', 3, 43.87)
INSERT INTO ARTICLE_INDEX VALUES (3, 'Health', 'Love', 'How love affects your health1')
insert into person values(7, 'Jeff', 'Smith')
INSERT INTO ORDERS VALUES (7, 4, '2003-02-15 8:15:00', 'MC', '888888888888', '11/03', '77 Lucky Street', 'Edmonton', 'AB', 'R4A 0Z4',2)
INSERT INTO ACCOUNT2 VALUES(1,'Clinton', 'Begin', 'clinton.begin@ibatis.com')
create table lineitem ( orderid int not null, linenum int not null, itemid VARCHAR(10) not null, quantity int not null, unitprice decimal(10,2) not null, constraint pk_lineitem primary key (orderid, linenum))
