INSERT INTO ITEM VALUES('000000RN30782080', ' ', '0000000RN3', 2964, '0')
INSERT INTO ITEM VALUES('000000MS30140020', 'Office XP Developer Version Upgrade', '0000000MS3', 38340, '0')
INSERT INTO ITEM VALUES('000000MS34360150', 'Windows Small Business Server 2003 Tran', '0000000MS3', 57120, '0')
CREATE TABLE IF NOT EXISTS ROLE_FUNCTION ( 	ROLE_ID CHAR(10) NOT NULL,	FUNCTION_ID VARCHAR(10) NOT NULL)
INSERT INTO ITEM VALUES('000000RN30782070', ' ', '0000000RN3', 2964, '0')
CREATE TABLE PLATFORM_VCLOUD_INSTANCE_TYPE ( INSTANCE_TYPE_NO BIGINT(20) NOT NULL AUTO_INCREMENT, PLATFORM_NO BIGINT(20) NOT NULL, INSTANCE_TYPE_NAME VARCHAR(100) NOT NULL, CPU INT(10) NOT NULL, MEMORY BIGINT(20) NOT NULL, CONSTRAINT PLATFORM_VCLOUD_INSTANCE_TYPE_PK1 PRIMARY KEY (INSTANCE_TYPE_NO))
INSERT INTO MAKER VALUES('0000000IT9', '', '0')
INSERT INTO ITEM VALUES('000000BW48341045', 'WordPerfect Office X3 Home Edition ', '0000000BW4', 11544, '0')
INSERT INTO ITEM VALUES('000000MS34330030', 'Windows Small Business Server Premium 2', '0000000MS3', 57600, '0')
INSERT INTO ITEM VALUES('000000MS30693150', 'Office 2004 for Mac Professional ', '0000000MS3', 29100, '0')
create table OPENSTACK_SSL_KEY ( KEY_NO bigint(20) not null, KEY_NAME varchar(100), SSLCERTIFICATEID varchar(100), FARM_NO bigint(20), PLATFORM_NO bigint(20), constraint OPENSTACK_SSL_KEY primary key (KEY_NO))
INSERT INTO ITEM VALUES('000000MS31475010', 'Proofing Tools 2003 ', '0000000MS3', 7330, '0')
INSERT INTO ITEM VALUES('000000RN32002070', '*EIOffice (5000)', '0000000RN3', 1440, '0')
INSERT INTO ROLE_FUNCTION VALUES('0000000002', 'FIDAPR01')
create table TEMPLATE_INSTANCE ( TEMPLATE_INSTANCE_NO bigint(20) not null auto_increment, TEMPLATE_INSTANCE_NAME varchar(50) not null, TEMPLATE_NO bigint(20) not null, PLATFORM_NO bigint(20) not null, IMAGE_NO bigint(20) not null, COMMENT varchar(100), INSTANCE_TYPE varchar(100) not null, constraint TEMPLATE_INSTANCE_PK primary key(TEMPLATE_INSTANCE_NO))
SELECT * FROM CLOUDSTACK_CERTIFICATE
INSERT INTO ITEM VALUES('000000MS30140110', 'Office XP Developer ', '0000000MS3', 74610, '0')
create table PLATFORM_AWS ( PLATFORM_NO bigint(20) not null, HOST varchar(500) not null, PORT int(10) not null, SECURE tinyint(1) not null, EUCA tinyint(1) not null, VPC tinyint(1) not null, REGION varchar(50), AVAILABILITY_ZONE varchar(300), VPC_ID varchar(30), SUBNET_ID varchar(300), constraint PLATFORM_AWS_PK primary key (PLATFORM_NO))
INSERT INTO MAKER VALUES('0000000CM1', '', '0')
INSERT INTO ITEM VALUES('000000MS3D992400', 'SA33 Office Pro 2003(J) Disk Kit', '0000000MS3', 600, '0')
INSERT INTO ITEM VALUES('000000MS34350130', 'Windows Server for SB 2003+5CAL(E)', '0000000MS3', 36980, '0')
INSERT INTO ITEM VALUES('000000LJ1DD00003', ' 2001 ', '0000000LJ1', 17200, '0')
INSERT INTO STATUS VALUES('01', '')
INSERT INTO ITEM VALUES('000000BW48341041', 'WordPerfect Office X3 Standard UPG ', '0000000BW4', 17028, '0')
INSERT INTO ITEM VALUES('000000RN36101160', '& ', '0000000RN3', 6084, '0')
SELECT USER_NO FROM VCLOUD_CERTIFICATE where USER_NO =${USER_NO} and PLATFORM_NO=${PLATFORM_NO}
INSERT INTO ROLE_FUNCTION VALUES('0000000001', 'FIDUSR01')
INSERT INTO ITEM VALUES('000000MS34360010', 'Windows Small Business Server 2003+5CAL', '0000000MS3', 164220, '0')
INSERT INTO ITEM VALUES('000000MS30111030', 'Office 2003 Professional ', '0000000MS3', 25230, '0')
CREATE TABLE VCLOUD_CERTIFICATE ( USER_NO BIGINT NOT NULL, PLATFORM_NO BIGINT NOT NULL, VCLOUD_ACCESS_ID VARCHAR(100) NOT NULL, VCLOUD_SECRET_KEY VARCHAR(100) NOT NULL, CONSTRAINT VCLOUD_CERTIFICATE_PK PRIMARY KEY (USER_NO, PLATFORM_NO))
INSERT INTO MAKER VALUES('0000000FJ1', '', '0')
CREATE TABLE IF NOT EXISTS STATUS ( 	STATUS_CODE CHAR(2) NOT NULL,	STATUS_NAME VARCHAR(50) NOT NULL)
INSERT INTO AWS_CERTIFICATE values (${USER_NO}, '${PLATFORM_NO}','${AWS_ACCESS_ID}','${AWS_SECRET_KEY}',NULL,NULL,NULL)
INSERT INTO ITEM VALUES('000000MS3D992020', 'SA33 Office Pro XP(J) Disk Kit', '0000000MS3', 600, '0')
INSERT INTO ITEM VALUES('000000RN36101170', '& ', '0000000RN3', 4524, '0')
CREATE TABLE OPERATION_LOG(	O_LOG_NO BIGINT AUTO_INCREMENT PRIMARY KEY,	O_LOG_DATE DATETIME NOT NULL,	USER_NO BIGINT ,	USER_NAME VARCHAR(100),	SCREEN VARCHAR(100),	OPERATION VARCHAR(100),	FARM_NO BIGINT ,	INSTANCE_NO BIGINT ,	COMPONENT_NO BIGINT ,	LOAD_BALANCER_NO BIGINT ,	MEMO VARCHAR(300))
INSERT INTO ITEM VALUES('000000MS30131040', 'Office 2003 Personal ', '0000000MS3', 8750, '0')
INSERT INTO MAKER VALUES('0000000EO1', '', '0')
INSERT INTO ITEM VALUES('000000MS30110020', 'Office XP Professional ', '0000000MS3', 29100, '0')
SELECT * FROM PLATFORM_AWS WHERE PLATFORM_NO=
INSERT INTO ITEM VALUES('000000MS34320020', 'Windows Small Business Server 2003+5CAL+', '0000000MS3', 65260, '0')
create table CLOUDSTACK_SNAPSHOT ( SNAPSHOT_NO bigint not null auto_increment, SNAPSHOT_ID varchar(20), FARM_NO bigint not null, PLATFORM_NO bigint not null, CREATE_DATE varchar(30), VOLUMEID varchar(20), constraint CLOUDSTACK_SNAPSHOT_PK primary key(SNAPSHOT_NO))
INSERT INTO CLOUDSTACK_CERTIFICATE values (${USER_NO}, '${PLATFORM_NO}','${CLOUDSTACK_ACCESS_ID}','${CLOUDSTACK_SECRET_KEY}',NULL)
create table IMAGE ( IMAGE_NO bigint(20) not null auto_increment, PLATFORM_NO bigint(20) not null, IMAGE_NAME varchar(100) not null, IMAGE_NAME_DISP varchar(300) not null, OS varchar(100) not null, OS_DISP varchar(300) not null, SELECTABLE tinyint(1) not null, COMPONENT_TYPE_NOS varchar(500) not null, ZABBIX_TEMPLATE varchar(100), ZABBIX_DISABLED tinyint(1) not null, PUPPET_DISABLED tinyint(1) not null, VIEW_ORDER int(10), constraint IMAGE_PK primary key(IMAGE_NO))
INSERT INTO ITEM VALUES('000000MS34331010', 'Windows Small Business Server Premium 20', '0000000MS3', 143990, '0')
INSERT INTO ITEM VALUES('000000MS34340050', 'Windows Small Business Server 2003 D5CA', '0000000MS3', 18640, '0')
create table VMWARE_NETWORK ( NETWORK_NO bigint not null auto_increment, NETWORK_NAME varchar(100) not null, PLATFORM_NO bigint not null, VLAN_ID int, VSWITCH_NAME varchar(100), FARM_NO bigint, PUBLIC_NETWORK boolean not null, constraint VMWARE_NETWORK_PK primary key(NETWORK_NO))
INSERT INTO STATUS VALUES('02', '')
SELECT * FROM PLATFORM WHERE PLATFORM_NO=
INSERT INTO ITEM VALUES('000000DM42422170', 'STARSUITE8 50000 ', '0000000DM4', 3024, '0')
INSERT INTO ITEM VALUES('000000DM43041220', ' ', '0000000DM4', 2263, '0')
INSERT INTO users_groups VALUES (5,12,3)
INSERT INTO ITEM VALUES('000000MS34193060', 'Small Business Server 2000 5CAL', '0000000MS3', 30270, '0')
INSERT INTO ITEM VALUES('000000MS34340120', 'Windows Small Business Server 2003 ', '0000000MS3', 46610, '0')
INSERT INTO ITEM VALUES('000000MS34321110', 'Windows Small Business Server 2003 SP1+5', '0000000MS3', 57720, '0')
create table PLATFORM_CLOUDSTACK ( PLATFORM_NO bigint(20) not null, HOST varchar(300) not null, PATH varchar(500) not null, PORT int(10) not null, SECURE tinyint(1) not null, ZONE_ID varchar(100) not null, NETWORK_ID varchar(500) not null, TIMEOUT int(10) not null, DEVICE_TYPE varchar(20) not null, HOST_ID varchar(200), constraint PLATFORM_CLOUDSTACK_PK primary key (PLATFORM_NO))
INSERT INTO ITEM VALUES('000000MS30693120', 'Office 2004 For MAC ', '0000000MS3', 21560, '0')
INSERT INTO ITEM VALUES('000000HL10017030', 'Crystal Studio V8 Professional Single Us', '0000000HL1', 184040, '0')
INSERT INTO ITEM VALUES('000000MS3D992380', 'SA33 Office Mac 2004(E) Disk Kit', '0000000MS3', 600, '0')
create table LOAD_BALANCER_LISTENER ( LOAD_BALANCER_NO bigint not null, LOAD_BALANCER_PORT int not null, SERVICE_PORT int not null, PROTOCOL varchar(20) not null, SSL_KEY_NO bigint, ENABLED boolean, STATUS varchar(20), CONFIGURE boolean, constraint LOAD_BALANCER_LISTENER_PK primary key(LOAD_BALANCER_NO, LOAD_BALANCER_PORT))
INSERT INTO ITEM VALUES('000000MS34331110', 'Windows Small Business Server Premium 20', '0000000MS3', 143990, '0')
SELECT * FROM USER
create table OPENSTACK_VOLUME ( VOLUME_NO bigint not null auto_increment, FARM_NO bigint not null, VOLUME_NAME varchar(100) not null, PLATFORM_NO bigint not null, COMPONENT_NO bigint, INSTANCE_NO bigint, SIZE int, SNAPSHOT_ID varchar(40), AVAILABILITY_ZONE varchar(100), DEVICE varchar(40), VOLUME_ID varchar(40), STATUS varchar(40), INSTANCE_ID varchar(40), constraint OPENSTACK_VOLUME_PK primary key(VOLUME_NO))
INSERT INTO ROLE_FUNCTION VALUES('1000000001', 'FIDTOP01')
INSERT INTO ITEM VALUES('000000DM42422180', 'STARSUITE8 30000', '0000000DM4', 3794, '0')
CREATE TABLE IF NOT EXISTS ORDER_SUMMARY (	SUMMARY_DATE CHAR(8) NOT NULL,	ORDERS_COUNT DECIMAL(10) NOT NULL,	ORDERS_SUM DECIMAL(38) NOT NULL,	APPROVAL_COUNT DECIMAL(10) NOT NULL,	APPROVAL_SUM DECIMAL(38) NOT NULL,	DENIAL_COUNT DECIMAL(10) NOT NULL,	DENIAL_SUM DECIMAL(38) NOT NULL,	YET_COUNT DECIMAL(10) NOT NULL,	YET_SUM DECIMAL(38) NOT NULL)
INSERT INTO ITEM VALUES('000000JS1MNT20D0', ' for Windows CD-ROM', '0000000JS1', 1560, '0')
create table AZURE_DISK ( DISK_NO bigint not null auto_increment, FARM_NO bigint not null, PLATFORM_NO bigint not null, COMPONENT_NO bigint, INSTANCE_NO bigint, DISK_NAME varchar(100), INSTANCE_NAME varchar(30), LUN bigint, SIZE int, DEVICE varchar(20), constraint AZURE_DISK_PK primary key(DISK_NO))
CREATE TABLE IF NOT EXISTS PURCHASE_ORDER ( 	ORDER_ID DECIMAL(10) NOT NULL,	ORDER_DATE DATE NOT NULL,	ORDER_COMMENT VARCHAR(255),	APPLICANT_ID VARCHAR(20) NOT NULL,	STATUS_CODE CHAR(2) NOT NULL,	APPROVER_ID VARCHAR(20),	APPROVED_DATE DATE,	LAST_UPDATE_DATE DATE NOT NULL)
create table AWS_VOLUME ( VOLUME_NO bigint not null auto_increment, FARM_NO bigint not null, VOLUME_NAME varchar(30) not null, PLATFORM_NO bigint not null, COMPONENT_NO bigint, INSTANCE_NO bigint, SIZE int, SNAPSHOT_ID varchar(30), AVAILABILITY_ZONE varchar(100), DEVICE varchar(20), VOLUME_ID varchar(30), STATUS varchar(20), INSTANCE_ID varchar(30), constraint AWS_VOLUME_PK primary key(VOLUME_NO))
INSERT INTO ITEM VALUES('000000MS3D992340', 'SA33 Office Mac 2001(J) Disk Kit', '0000000MS3', 600, '0')
SELECT * FROM VCLOUD_CERTIFICATE
INSERT INTO ITEM VALUES('000000DM42761070', 'Lotus SuperOffice ', '0000000DM4', 2263, '0')
SELECT * FROM API_CERTIFICATE WHERE API_SECRET_KEY ='" + apiSecretKey + "'
SELECT * FROM PLATFORM
INSERT INTO ITEM VALUES('000000MS34331050', 'Windows Small Business Server Premium 20', '0000000MS3', 86980, '0')
create table IMAGE_CLOUDSTACK ( IMAGE_NO bigint(20) not null, TEMPLATE_ID varchar(100) not null, INSTANCE_TYPES varchar(500) not null, constraint IMAGE_CLOUDSTACK primary key (IMAGE_NO))
INSERT INTO ITEM VALUES('000000MS34193070', 'Small Business Server 2000 20CAL', '0000000MS3', 101330, '0')
INSERT INTO ITEM VALUES('000000MS30693020', 'Office 2004 For Mac ', '0000000MS3', 21560, '0')
INSERT INTO ITEM VALUES('000000MS34360110', 'Windows Small Business Server 2003+5CAL', '0000000MS3', 164220, '0')
INSERT INTO ITEM VALUES('000000MS34331150', 'Windows Small Business Server Premium 20', '0000000MS3', 86980, '0')
INSERT INTO ITEM VALUES('000000RN36101140', '& / /', '0000000RN3', 4524, '0')
create table LOAD_BALANCER ( LOAD_BALANCER_NO bigint not null auto_increment, FARM_NO bigint not null, LOAD_BALANCER_NAME varchar(30) not null, COMMENT varchar(100), FQDN varchar(100), PLATFORM_NO bigint not null, TYPE varchar(20), ENABLED boolean, STATUS varchar(20), COMPONENT_NO bigint not null, CANONICAL_NAME varchar(100), CONFIGURE boolean, constraint LOAD_BALANCER_PK primary key(LOAD_BALANCER_NO))
create table PUPPET_INSTANCE ( INSTANCE_NO bigint not null, PASSWORD varchar(50), constraint PUPPET_INSTANCE_PK primary key(INSTANCE_NO))
select 1 from dual
UPDATE USER SET PASSWORD=?  where USER_NO =?
insert into users_groups values (5,12,3)
INSERT INTO ITEM VALUES('000000MS34330130', 'Windows Small Business Server Premium 2', '0000000MS3', 57600, '0')
INSERT INTO ITEM VALUES('000000OK23003948', '2006 ', '0000000OK2', 260000, '0')
INSERT INTO ITEM VALUES('000000MS30131010', 'Office 2003 Personal', '0000000MS3', 34690, '0')
INSERT INTO ITEM VALUES('000000MS34340030', 'Windows Small Business Server 2003 2', '0000000MS3', 186440, '0')
select * from Win32_NetworkAdapterConfiguration Where IPEnabled = true
SELECT 1 FROM dual
CREATE TABLE EVENT_LOG(	LOG_NO BIGINT AUTO_INCREMENT PRIMARY KEY,	LOG_DATE DATETIME NOT NULL,	LOG_LEVEL SMALLINT,	USER_NO BIGINT ,	USER_NAME VARCHAR(100),	FARM_NO BIGINT ,	FARM_NAME VARCHAR(100),	COMPONENT_NO BIGINT ,	COMPONENT_NAME VARCHAR(100),	INSTANCE_NO BIGINT ,	INSTANCE_NAME VARCHAR(100),	MESSAGE_CODE VARCHAR(100) NOT NULL,	MESSAGE VARCHAR(1000) NOT NULL,	INSTANCE_TYPE VARCHAR(30),	PLATFORM_NO BIGINT)
INSERT INTO ITEM VALUES('000000MS30378030', 'Works 8.0 2006 ', '0000000MS3', 6780, '0')
INSERT INTO ITEM VALUES('000000RN36101100', '& /', '0000000RN3', 4524, '0')
INSERT INTO users_groups VALUES (3,10,3)
INSERT INTO ITEM VALUES('000000MS34361120', 'Windows Small Business Server Premium 20', '0000000MS3', 386750, '0')
INSERT INTO ROLE_FUNCTION VALUES('1000000001', 'FIDORD01')
INSERT INTO ITEM VALUES('000000RN32002020', 'EIOffice 2004+ ', '0000000RN3', 7933, '0')
CREATE TABLE IF NOT EXISTS ORDER_DETAIL ( 	ORDER_ID DECIMAL(10) NOT NULL,	DETAIL_NO DECIMAL(2) NOT NULL,	ITEM_ID CHAR(16) NOT NULL,	AMOUNT DECIMAL(2) NOT NULL)
create table PLATFORM_VMWARE ( PLATFORM_NO bigint(20) not null, URL varchar(500) not null, USERNAME varchar(100) not null, PASSWORD varchar(100) not null, DATACENTER varchar(300) not null, PUBLIC_NETWORK varchar(300) not null, PRIVATE_NETWORK varchar(300) not null, COMPUTE_RESOURCE varchar(300) not null, constraint PLATFORM_VMWARE_PK primary key (PLATFORM_NO))
INSERT INTO ITEM VALUES('000000JS1MJA10D0', 'Just Arks ', '0000000JS1', 3640, '0')
CREATE TABLE VCLOUD_DISK ( DISK_NO BIGINT NOT NULL AUTO_INCREMENT, DISK_ID VARCHAR(20), FARM_NO BIGINT NOT NULL, PLATFORM_NO BIGINT NOT NULL, COMPONENT_NO BIGINT, INSTANCE_NO BIGINT, SIZE INT, UNIT_NO INT, ATTACHED BOOLEAN, DATA_DISK BOOLEAN NOT NULL, CONSTRAINT VCLOUD_DISK_PK PRIMARY KEY(DISK_NO))
create table AWS_SNAPSHOT ( SNAPSHOT_NO bigint not null auto_increment, FARM_NO bigint not null, PLATFORM_NO bigint not null, VOLUME_NO bigint, SNAPSHOT_ID varchar(30), CREATE_DATE datetime, constraint AWS_SNAPSHOT_PK primary key(SNAPSHOT_NO))
INSERT INTO ITEM VALUES('000000PP70500560', 'AppleWorks 6.2.9', '0000000PP7', 7920, '0')
create table CLOUDSTACK_ADDRESS ( ADDRESS_NO bigint not null auto_increment, ACCOUNT bigint not null, PLATFORM_NO bigint not null, INSTANCE_NO bigint, INSTANCE_ID varchar(20), ADDRESS_ID varchar(20), IPADDRESS varchar(100), NETWORKID varchar(20), STATE varchar(20), ZONEID varchar(100), constraint CLOUDSTACK_ADDRESS_PK primary key(ADDRESS_NO))
SELECT USER_NO FROM USER where USERNAME ='${USER_NAME}'
INSERT INTO ITEM VALUES('000000MS34360050', 'Windows Small Business Server 2003 Tran', '0000000MS3', 57120, '0')
INSERT INTO ITEM VALUES('000000MS34340160', 'Windows Small Business Server 2003 U5CA', '0000000MS3', 18640, '0')
SELECT USER_NO FROM AZURE_CERTIFICATE where USER_NO =${USER_NO} and PLATFORM_NO=${PLATFORM_NO}
INSERT INTO ITEM VALUES('000000MS34330110', 'Windows Small Business Server Premium 2', '0000000MS3', 143990, '0')
INSERT INTO ITEM VALUES('000000MS30693010', 'Office 2004 For Mac', '0000000MS3', 38080, '0')
CREATE TABLE VCLOUD_KEY_PAIR ( KEY_NO BIGINT NOT NULL AUTO_INCREMENT, USER_NO BIGINT NOT NULL, PLATFORM_NO BIGINT NOT NULL, KEY_NAME VARCHAR(100) NOT NULL, KEY_PUBLIC VARCHAR(1000), CONSTRAINT VCLOUD_KEY_PAIR_PK PRIMARY KEY(KEY_NO))
create table AZURE_CERTIFICATE ( USER_NO bigint not null, PLATFORM_NO bigint not null, SUBSCRIPTION_ID varchar(100) not null, CERTIFICATE varchar(2000) not null, DEFAULT_SUBNET_ID varchar(30), KEY_NAME varchar(100), KEY_PUBLIC varchar(1000), constraint AZURE_CERTIFICATE_PK primary key(USER_NO, PLATFORM_NO))
INSERT INTO ROLE_FUNCTION VALUES('0000000002', 'FIDORD01')
INSERT INTO MAKER VALUES('0000000RN3', '', '0')
INSERT INTO ITEM VALUES('000000MS3D992310', 'SA33 Office Mac 10.0(E) Disk Kit', '0000000MS3', 600, '0')
INSERT INTO ITEM VALUES('000000MS34340110', 'Windows Small Business Server 2003 ', '0000000MS3', 46610, '0')
INSERT INTO ITEM VALUES('000000BW48341042', 'WordPerfect Office X3 Professional ', '0000000BW4', 46644, '0')
INSERT INTO ROLE_FUNCTION VALUES('1000000001', 'FIDAPR01')
SELECT * FROM VMWARE_KEY_PAIR
INSERT INTO ITEM VALUES('000000MS34361010', 'Windows Small Business Server 2003 SP1+5', '0000000MS3', 165780, '0')
SELECT * FROM USER WHERE USER_NO =
INSERT INTO ITEM VALUES('000000MS34340070', 'Windows Small Business Server 2003 D20C', '0000000MS3', 74560, '0')
INSERT INTO VCLOUD_KEY_PAIR values (null,${USER_NO},'${PLATFORM_NO}','${USER_NAME}','${SSH_KEY_PUB}')
INSERT INTO ITEM VALUES('000000MS34350010', 'Windows Server for SB 2003+5CAL', '0000000MS3', 46230, '0')
INSERT INTO ITEM VALUES('000000MS34350020', 'Windows Server for SB 2003 5CAL', '0000000MS3', 36980, '0')
INSERT INTO ITEM VALUES('000000MS30101010', 'Office 2003 Standard', '0000000MS3', 40430, '0')
INSERT INTO ITEM VALUES('000000MS30693250', 'Office 2004 for Mac Professional ', '0000000MS3', 29100, '0')
INSERT INTO ITEM VALUES('000000MS34351110', 'Windows Server for SB 2003 SP1+5CAL(E)', '0000000MS3', 46230, '0')
INSERT INTO ITEM VALUES('000000RN30782110', ' 4 ', '0000000RN3', 4085, '0')
INSERT INTO ITEM VALUES('000000MS30101110', 'Office 2003 Standard ', '0000000MS3', 41580, '0')
INSERT INTO ITEM VALUES('000000MS30140120', 'Office XP Developer Version Upgrade ', '0000000MS3', 51230, '0')
create table IMAGE_OPENSTACK ( IMAGE_NO bigint(20) not null, IMAGE_ID varchar(100) not null, KERNEL_ID varchar(100), RAMDISK_ID varchar(100), INSTANCE_TYPES varchar(500) not null, constraint IMAGE_OPENSTACK primary key (IMAGE_NO))
create table CLOUDSTACK_VOLUME ( VOLUME_NO bigint not null auto_increment, FARM_NO bigint not null, PLATFORM_NO bigint not null, COMPONENT_NO bigint, INSTANCE_NO bigint, VOLUME_ID varchar(20), DEVICEID varchar(20), DISKOFFERINGID varchar(20), NAME varchar(100), SIZE int, SNAPSHOTID varchar(20), STATE varchar(20), INSTANCE_ID varchar(20), ZONEID varchar(100), HYPERVISOR varchar(100), constraint CLOUDSTACK_VOLUME_PK primary key(VOLUME_NO))
INSERT INTO ITEM VALUES('000000BW48341040', 'WordPerfect Office X3 Standard ', '0000000BW4', 33384, '0')
INSERT INTO ITEM VALUES('000000MS34321010', 'Windows Small Business Server 2003 SP1+5', '0000000MS3', 57720, '0')
INSERT INTO ITEM VALUES('000000DM42422210', 'StarSuite 8 5PC ', '0000000DM4', 7467, '0')
INSERT INTO ITEM VALUES('000000MS30100010', 'Office XP Standard', '0000000MS3', 40430, '0')
INSERT INTO ITEM VALUES('000000MS34331130', 'Windows Small Business Server Premium 20', '0000000MS3', 57600, '0')
INSERT INTO ITEM VALUES('000000MS3D992330', 'SA33 Office Mac 2001(E) Disk Kit', '0000000MS3', 600, '0')
create table PLATFORM_NIFTY ( PLATFORM_NO bigint(20) not null, URL varchar(300) not null, constraint PLATFORM_NIFTY_PK primary key (PLATFORM_NO))
INSERT INTO ITEM VALUES('000000VV10102030', 'PaperPort 10 ', '0000000VV1', 8666, '0')
create table ZABBIX_DATA ( INSTANCE_NO bigint not null, HOSTID varchar(20), IDLE_TIME bigint not null, FIRST_CLOCK bigint not null, LAST_CLOCK bigint not null, CONTINUE_CLOCK bigint not null, ALART bigint not null, constraint ZABBIX_DATA_PK primary key(INSTANCE_NO))
INSERT INTO ITEM VALUES('000000VV10102020', 'PaperPort Professional 10 ', '0000000VV1', 17360, '0')
INSERT INTO ITEM VALUES('000000MS34340040', 'Windows Small Business Server 2003 2', '0000000MS3', 186440, '0')
INSERT INTO ITEM VALUES('000000MS34361110', 'Windows Small Business Server 2003 SP1+5', '0000000MS3', 165780, '0')
create table COMPONENT_LOAD_BALANCER ( LOAD_BALANCER_NO bigint not null, COMPONENT_NO bigint not null, constraint COMPONENT_LOAD_BALANCER_PK primary key(LOAD_BALANCER_NO))
INSERT INTO ITEM VALUES('000000FJ19134010', 'OASYS SuperOffice 2002 ', '0000000FJ1', 11850, '0')
INSERT INTO ITEM VALUES('000000FJ19133010', 'OASYS SuperOffice 2002', '0000000FJ1', 27200, '0')
create table COMPONENT ( COMPONENT_NO bigint(20) not null auto_increment, FARM_NO bigint(20) not null, COMPONENT_NAME varchar(100) not null, COMPONENT_TYPE_NO bigint(20) not null, COMMENT varchar(100), LOAD_BALANCER tinyint(1), constraint COMPONENT_PK primary key(COMPONENT_NO))
create table AWS_ADDRESS ( ADDRESS_NO bigint not null auto_increment, USER_NO bigint not null, PLATFORM_NO bigint not null, PUBLIC_IP varchar(100), COMMENT varchar(100), INSTANCE_NO bigint, INSTANCE_ID varchar(30), constraint AWS_ADDRESS_PK primary key(ADDRESS_NO))
create table FARM ( FARM_NO bigint not null auto_increment, USER_NO bigint not null, FARM_NAME varchar(30) not null, COMMENT varchar(100), DOMAIN_NAME varchar(100), SCHEDULED boolean, COMPONENT_PROCESSING boolean, constraint FARM_PK primary key(FARM_NO))
create table VMWARE_INSTANCE ( INSTANCE_NO bigint not null, MACHINE_NAME varchar(100), INSTANCE_TYPE varchar(30), COMPUTE_RESOURCE varchar(100), RESOURCE_POOL varchar(100), DATASTORE varchar(100), KEY_PAIR_NO bigint, ROOT_SIZE int, IP_ADDRESS varchar(100), PRIVATE_IP_ADDRESS varchar(100), constraint VMWARE_INSTANCE_PK primary key(INSTANCE_NO))
INSERT INTO ITEM VALUES('000000MS32920120', 'Office SBS Tools', '0000000MS3', 21150, '0')
INSERT INTO ITEM VALUES('000000HL10017010', 'Crystal Studio V8 Standard Single User W', '0000000HL1', 151360, '0')
INSERT INTO ITEM VALUES('000000MS34331030', 'Windows Small Business Server Premium 20', '0000000MS3', 57600, '0')
CREATE TABLE IF NOT EXISTS ROLE ( 	ROLE_ID CHAR(10) NOT NULL,	ROLE_NAME VARCHAR(50) NOT NULL,	DELETE_FLG CHAR(1) DEFAULT 0 NOT NULL)
INSERT INTO ITEM VALUES('000000MS34360160', 'Windows Small Business Server 2003 Tran', '0000000MS3', 57120, '0')
create table VMWARE_DISK ( DISK_NO bigint not null auto_increment, FARM_NO bigint not null, PLATFORM_NO bigint not null, COMPONENT_NO bigint, INSTANCE_NO bigint, SIZE int, SCSI_ID int, ATTACHED boolean, DATASTORE varchar(100), FILE_NAME varchar(200), constraint VMWARE_DISK_PK primary key(DISK_NO))
INSERT INTO ITEM VALUES('000000MS34330150', 'Windows Small Business Server Premium 2', '0000000MS3', 86980, '0')
INSERT INTO ITEM VALUES('000000MS34360130', 'Windows Small Business Server 2003 Tran', '0000000MS3', 14280, '0')
INSERT INTO VMWARE_KEY_PAIR values (null,${USER_NO},'${PLATFORM_NO}','${USER_NAME}','${SSH_KEY_PUB}')
create table PLATFORM ( PLATFORM_NO bigint(20) not null auto_increment, PLATFORM_NAME varchar(100) not null, PLATFORM_NAME_DISP varchar(300) not null, PLATFORM_SIMPLENAME_DISP varchar(200) not null, INTERNAL tinyint(1) not null, PROXY tinyint(1) not null, PLATFORM_TYPE varchar(100) not null, SELECTABLE tinyint(1) not null, VIEW_ORDER int(10), constraint PLATFORM_PK primary key(PLATFORM_NO))
INSERT INTO ITEM VALUES('000000MS34360030', 'Windows Small Business Server 2003 Tran', '0000000MS3', 14280, '0')
create table AUTHORITY_SET ( SET_NO bigint(20) not null auto_increment, SET_NAME varchar(30), FARM_USE boolean, SERVER_MAKE boolean, SERVER_DELETE boolean, SERVER_OPERATE boolean, SERVICE_MAKE boolean, SERVICE_DELETE boolean, SERVICE_OPERATE boolean, LB_MAKE boolean, LB_DELETE boolean, LB_OPERATE boolean, constraint AUTHORITY_SET_PK primary key(SET_NO))
INSERT INTO ITEM VALUES('000000LJ11006330', 'SuperOffice 2001 VERUP///(', '0000000LJ1', 7056, '0')
INSERT INTO ITEM VALUES('000000MS3D992360', 'SA33 Office Pro 2003(E) Disk Kit', '0000000MS3', 600, '0')
INSERT INTO MAKER VALUES('0000000BW4', '', '0')
INSERT INTO MAKER VALUES('0000000HL1', '', '0')
create table PLATFORM_VMWARE_INSTANCE_TYPE ( INSTANCE_TYPE_NO bigint(20) not null auto_increment, PLATFORM_NO bigint(20) not null, INSTANCE_TYPE_NAME varchar(100) not null, CPU int(10) not null, MEMORY bigint(20) not null, constraint PLATFORM_VMWARE_INSTANCE_TYPE_PK1 primary key (INSTANCE_TYPE_NO))
INSERT INTO ITEM VALUES('000000MS34361020', 'Windows Small Business Server Premium 20', '0000000MS3', 386750, '0')
SELECT ACCOUNT FROM CLOUDSTACK_CERTIFICATE where ACCOUNT=${USER_NO} and PLATFORM_NO=${PLATFORM_NO}
INSERT INTO ITEM VALUES('000000MS30692020', 'Office v.X for Mac Version Upgrade', '0000000MS3', 21560, '0')
create table AWS_LOAD_BALANCER ( LOAD_BALANCER_NO bigint not null, NAME varchar(30) not null, DNS_NAME varchar(100), SUBNET_ID varchar(100), SECURITY_GROUPS varchar(100), AVAILABILITY_ZONE varchar(100), INTERNAL tinyint(1) not null default '0', constraint AWS_LOAD_BALANCER_PK primary key(LOAD_BALANCER_NO))
create table VCLOUD_TASK (	P_ID BIGINT PRIMARY KEY,	REGIST_TIME DATETIME NOT NULL,	VAPP VARCHAR(100) NOT NULL)
INSERT INTO ITEM VALUES('000000MS34340150', 'Windows Small Business Server 2003 D5CA', '0000000MS3', 18640, '0')
SELECT * FROM AWS_CERTIFICATE WHERE USER_NO = " + userNo + " AND PLATFORM_NO = 
select FQDN,INSTANCE_CODE from INSTANCE
INSERT INTO ITEM VALUES('000000HL10017020', 'Crystal Studio V8 Professional Single Us', '0000000HL1', 215860, '0')
INSERT INTO ITEM VALUES('000000RN32002040', 'EIOffice 2004+ 5', '0000000RN3', 38695, '0')
INSERT INTO ROLE VALUES('0000000002', '', '0')
INSERT INTO ITEM VALUES('000000MS34330010', 'Windows Small Business Server Premium 20', '0000000MS3', 143990, '0')
create table VMWARE_KEY_PAIR ( KEY_NO bigint not null auto_increment, USER_NO bigint not null, PLATFORM_NO bigint not null, KEY_NAME varchar(100) not null, KEY_PUBLIC varchar(1000), constraint VMWARE_KEY_PAIR_PK primary key(KEY_NO))
INSERT INTO ITEM VALUES('000000MS30111110', 'Office 2003 Professional ', '0000000MS3', 48140, '0')
INSERT INTO USERS VALUES('manager', '32352e716c00aabe8a5d253b1d19de2f')
INSERT INTO ITEM VALUES('000000JS1MTF20M0', '2005 for Windows ', '0000000JS1', 1560, '0')
SELECT * FROM API_CERTIFICATE WHERE API_ACCESS_ID ='" + apiAccessId + "'
INSERT INTO ITEM VALUES('000000EO10022010', '!2 ', '0000000EO1', 102000, '0')
create table INSTANCE ( INSTANCE_NO bigint not null auto_increment, FARM_NO bigint not null, INSTANCE_NAME varchar(30) not null, PLATFORM_NO bigint not null, IMAGE_NO bigint not null, ENABLED boolean, COMMENT varchar(100), FQDN varchar(100), INSTANCE_CODE varchar(30), PUBLIC_IP varchar(100), PRIVATE_IP varchar(100), STATUS varchar(20), PROGRESS int, COODINATE_STATUS varchar(20), LOAD_BALANCER boolean, constraint INSTANCE_PK primary key(INSTANCE_NO))
INSERT INTO ITEM VALUES('000000MS34350030', 'Windows Server for SB 2003 5CAL', '0000000MS3', 36980, '0')
INSERT INTO ITEM VALUES('000000PP70500320', 'AppleWorks 6.2.7 ', '0000000PP7', 7920, '0')
CREATE TABLE IMAGE_VCLOUD ( IMAGE_NO BIGINT(20) NOT NULL, TEMPLATE_NAME VARCHAR(100) NOT NULL, INSTANCE_TYPES VARCHAR(500) NOT NULL, CONSTRAINT IMAGE_VCLOUD_PK PRIMARY KEY (IMAGE_NO))
INSERT INTO ITEM VALUES('000000MS34350120', 'Windows Server for SB 2003+5CAL(E)', '0000000MS3', 36980, '0')
INSERT INTO ITEM VALUES('000000MS30110220', 'Office 2003 Professional ', '0000000MS3', 31120, '0')
SELECT * FROM PCC_SYSTEM_INFO
INSERT INTO ITEM VALUES('000000CM10300010', 'CNAP DI 1.2 CPU', '0000000CM1', 2691000, '0')
INSERT INTO ITEM VALUES('000000BW48341043', 'WordPerfect Office X3 Professional UPG ', '0000000BW4', 28208, '0')
SELECT INSTANCE_TYPE_NAME FROM adc.PLATFORM_VCLOUD_INSTANCE_TYPE ORDER BY INSTANCE_TYPE_NO
INSERT INTO ITEM VALUES('000000MS30110030', 'Office XP Professional ', '0000000MS3', 25230, '0')
INSERT INTO ITEM VALUES('000000RN32002050', 'EIOffice 2004+ 5', '0000000RN3', 20076, '0')
INSERT INTO ITEM VALUES('000000MS34340180', 'Windows Small Business Server 2003 U20C', '0000000MS3', 74560, '0')
INSERT INTO ITEM VALUES('000000RN36101180', '& ', '0000000RN3', 4524, '0')
INSERT INTO ITEM VALUES('000000LJ1MM00001', ' 2001 ', '0000000LJ1', 10725, '0')
INSERT INTO ITEM VALUES('000000MS30111020', 'Office 2003 Professional ', '0000000MS3', 29100, '0')
INSERT INTO ITEM VALUES('000000MS30691050', 'Office 2001 for Mac Personal ', '0000000MS3', 19156, '0')
SELECT USER_NO FROM API_CERTIFICATE where USER_NO =${USER_NO}
INSERT INTO ITEM VALUES('000000HL10017040', 'Crystal Studio V8 Enterprise Single User', '0000000HL1', 248540, '0')
INSERT INTO ROLE_FUNCTION VALUES('1000000001', 'FIDUSR02')
UPDATE USER SET MASTER_USER=?, POWER_USER=?  WHERE USER_NO=?
create table IMAGE_NIFTY ( IMAGE_NO bigint(20) not null, IMAGE_ID varchar(100) not null, INSTANCE_TYPES varchar(500) not null, constraint IMAGE_NIFTY_PK primary key (IMAGE_NO))
INSERT INTO ROLE_FUNCTION VALUES('0000000001', 'FIDUSR02')
SELECT * FROM PROXY
create table OPENSTACK_INSTANCE ( INSTANCE_NO bigint not null, KEY_NAME varchar(100), INSTANCE_TYPE varchar(20), SECURITY_GROUPS varchar(100), AVAILABILITY_ZONE varchar(100), INSTANCE_ID varchar(40), STATUS varchar(20), CLIENT_IP_ADDRESS varchar(100), PRIVATE_IP_ADDRESS varchar(100), NETWORK_ID varchar(40), constraint OPENSTACK_INSTANCE_PK primary key(INSTANCE_NO))
INSERT INTO ITEM VALUES('000000RN36101120', '& /', '0000000RN3', 4524, '0')
INSERT INTO ITEM VALUES('000000MS34360020', 'Windows Small Business Server Premium 2', '0000000MS3', 365930, '0')
create table AZURE_SUBNET ( SUBNET_NO bigint not null auto_increment, SUBNET_NAME varchar(100) not null, NETWORK_NAME varchar(100) not null, constraint AZURE_SUBNET primary key (SUBNET_NO))
create table NIFTY_INSTANCE ( INSTANCE_NO bigint not null, KEY_PAIR_NO bigint, INSTANCE_TYPE varchar(20), INSTANCE_ID varchar(20), STATUS varchar(20), DNS_NAME varchar(100), PRIVATE_DNS_NAME varchar(100), IP_ADDRESS varchar(100), PRIVATE_IP_ADDRESS varchar(100), INITIALIZED boolean, constraint NIFTY_INSTANCE_PK primary key(INSTANCE_NO))
create table CLOUDSTACK_CERTIFICATE ( ACCOUNT bigint not null, PLATFORM_NO bigint not null, CLOUDSTACK_ACCESS_ID varchar(100) not null, CLOUDSTACK_SECRET_KEY varchar(100) not null, DEF_KEYPAIR varchar(100), constraint CLOUDSTACK_CERTIFICATE_PK primary key(ACCOUNT, PLATFORM_NO))
create table PROXY ( HOST varchar(500) not null, PORT int(10) not null, USER varchar(100), PASSWORD varchar(100))
INSERT INTO ITEM VALUES('000000MS34340170', 'Windows Small Business Server 2003 D20C', '0000000MS3', 74560, '0')
INSERT INTO ITEM VALUES('000000MS34340130', 'Windows Small Business Server 2003 ', '0000000MS3', 186440, '0')
SELECT USER_NO FROM VMWARE_KEY_PAIR where USER_NO =${USER_NO} and PLATFORM_NO=${PLATFORM_NO}
INSERT INTO ITEM VALUES('000000MS30693110', 'Office 2004 For MAC ', '0000000MS3', 38080, '0')
INSERT INTO users VALUES (3,'api','api','api','5f4dcc3b5aa765d61d8327deb882cf99','',0,900,'en_GB',30,3,'default',0,'',0,50)
INSERT INTO VCLOUD_CERTIFICATE values (${USER_NO}, '${PLATFORM_NO}','${VCLOUD_USER}','${VCLOUD_PASSWORD}')
create table AWS_CERTIFICATE ( USER_NO bigint not null, PLATFORM_NO bigint not null, AWS_ACCESS_ID varchar(100) not null, AWS_SECRET_KEY varchar(100) not null, DEF_KEYPAIR varchar(100), DEF_SUBNET varchar(30), DEF_LB_SUBNET varchar(100), constraint AWS_CERTIFICATE_PK primary key(USER_NO, PLATFORM_NO))
INSERT INTO ITEM VALUES('000000HL10017050', 'Crystal Studio V8 Enterprise Single User', '0000000HL1', 215860, '0')
create table USER_AUTH ( FARM_NO bigint, USER_NO bigint, FARM_USE boolean, SERVER_MAKE boolean, SERVER_DELETE boolean, SERVER_OPERATE boolean, SERVICE_MAKE boolean, SERVICE_DELETE boolean, SERVICE_OPERATE boolean, LB_MAKE boolean, LB_DELETE boolean, LB_OPERATE boolean, constraint USER_AUTH_PK primary key(FARM_NO, USER_NO))
INSERT INTO ITEM VALUES('000000LJ1MM00002', 'SMARTSUITE MILLENNIUM 9.8E ', '0000000LJ1', 10725, '0')
INSERT INTO ITEM VALUES('000000MS30693040', 'Office 2004 Professional For Mac', '0000000MS3', 45730, '0')
INSERT INTO ITEM VALUES('000000MS34360060', 'Windows Small Business Server 2003 Tran', '0000000MS3', 57120, '0')
create table INSTANCE_CONFIG ( CONFIG_NO bigint not null auto_increment, INSTANCE_NO bigint not null, COMPONENT_NO bigint not null, CONFIG_NAME varchar(50) not null, CONFIG_VALUE varchar(200), constraint INSTANCE_CONFIG_PK primary key(CONFIG_NO))
create table NIFTY_CERTIFICATE ( USER_NO bigint not null, PLATFORM_NO bigint not null, NIFTY_ACCESS_ID varchar(100) not null, NIFTY_SECRET_KEY varchar(100) not null, constraint NIFTY_CERTIFICATE_PK primary key(USER_NO, PLATFORM_NO))
CREATE TABLE VCLOUD_INSTANCE ( INSTANCE_NO BIGINT NOT NULL, VM_NAME VARCHAR(100), STORAGE_TYPE_NO BIGINT, INSTANCE_TYPE VARCHAR(30), KEY_PAIR_NO BIGINT, STATUS VARCHAR(20), IP_ADDRESS VARCHAR(100), PRIVATE_IP_ADDRESS VARCHAR(100), CONSTRAINT VCLOUD_INSTANCE_PK PRIMARY KEY(INSTANCE_NO))
CREATE TABLE PLATFORM_VCLOUD ( PLATFORM_NO BIGINT NOT NULL, URL VARCHAR(500) NOT NULL, ORG_NAME VARCHAR(200) NOT NULL, VDC_NAME VARCHAR(200) NOT NULL, SECURE BOOLEAN NOT NULL, TIMEOUT int(10) NOT NULL, DEF_NETWORK VARCHAR(500), CONSTRAINT PLATFORM_VCLOUD_PK PRIMARY KEY (PLATFORM_NO))
INSERT INTO ITEM VALUES('000000RN36101110', '&////', '0000000RN3', 4524, '0')
CREATE TABLE VCLOUD_INSTANCE_NETWORK ( NETWORK_NO BIGINT NOT NULL AUTO_INCREMENT, PLATFORM_NO BIGINT NOT NULL, INSTANCE_NO BIGINT NOT NULL, FARM_NO BIGINT NOT NULL, NETWORK_NAME varchar(100) NOT NULL, NETWORK_INDEX INT, IP_MODE VARCHAR(100) NOT NULL, IP_ADDRESS VARCHAR(100), IS_PRIMARY BOOLEAN NOT NULL, CONSTRAINT VCLOUD_NETWORK_PK PRIMARY KEY(NETWORK_NO))
INSERT INTO ITEM VALUES('000000MS34330050', 'Windows Small Business Server Premium 2', '0000000MS3', 86980, '0')
CREATE TABLE IF NOT EXISTS ITEM ( 	ITEM_ID CHAR(16) NOT NULL,	ITEM_NAME VARCHAR(100) NOT NULL,	MAKER_CODE CHAR(10) NOT NULL,	PRICE DECIMAL(10) NOT NULL,	DELETE_FLG CHAR(1) DEFAULT 0 NOT NULL)
INSERT INTO ROLE_FUNCTION VALUES('0000000001', 'FIDTOP01')
CREATE TABLE IF NOT EXISTS MAKER ( 	MAKER_CODE CHAR(10) NOT NULL,	MAKER_NAME VARCHAR(50) NOT NULL,	DELETE_FLG CHAR(1) DEFAULT 0 NOT NULL)
INSERT INTO USER_PROFILE VALUES('manager', 'manager@test.test', '', '', '0000000002')
INSERT INTO ROLE_FUNCTION VALUES('0000000001', 'FIDORH01')
SELECT * FROM NIFTY_CERTIFICATE
INSERT INTO ITEM VALUES('000000MS34351010', 'Windows Server for SB SP1 2003+5CAL', '0000000MS3', 46230, '0')
CREATE TABLE IF NOT EXISTS USER_PROFILE ( 	USER_ID VARCHAR(20) NOT NULL,	MAIL_ADDRESS VARCHAR(255) NOT NULL,	LAST_NAME VARCHAR(50) NOT NULL,	FIRST_NAME VARCHAR(50) NOT NULL,	ROLE_ID CHAR(10))
create table PLATFORM_OPENSTACK ( PLATFORM_NO bigint(20) not null, URL varchar(500) not null, NETWORK_ID varchar(40), TENANT_ID varchar(40), TENANT_NM varchar(100), AVAILABILITY_ZONE varchar(100), constraint PLATFORM_OPENSTACK_PK primary key (PLATFORM_NO))
INSERT INTO ITEM VALUES('000000RN32002030', 'EIOffice 2004+ ', '0000000RN3', 7933, '0')
INSERT INTO ITEM VALUES('000000FC23000040', 'ThinkFree Office 3 ', '0000000FC2', 2893, '0')
create table PLATFORM_AZURE ( PLATFORM_NO bigint(20) not null, LOCATION_NAME varchar(100) not null, AFFINITY_GROUP_NAME varchar(100) not null, CLOUD_SERVICE_NAME varchar(100) not null, STORAGE_ACCOUNT_NAME varchar(100) not null, NETWORK_NAME varchar(100) not null, AVAILABILITY_SETS varchar(500), constraint PLATFORM_AZURE_PK primary key (PLATFORM_NO))
INSERT INTO ITEM VALUES('000000MS30111010', 'Office 2003 Professional', '0000000MS3', 45730, '0')
INSERT INTO AZURE_CERTIFICATE values (${USER_NO}, '${PLATFORM_NO}','${AZURE_ACCESS_ID}','${AZURE_SECRET_KEY}',NULL,'${USER_NAME}','${SSH_KEY_PUB}')
create table COMPONENT_TYPE ( COMPONENT_TYPE_NO bigint(20) not null auto_increment, COMPONENT_TYPE_NAME varchar(100) not null, COMPONENT_TYPE_NAME_DISP varchar(300) not null, LAYER varchar(100) not null, LAYER_DISP varchar(300) not null, RUN_ORDER int(10) not null, SELECTABLE tinyint(1) not null, ZABBIX_TEMPLATE varchar(100), ADDRESS_URL varchar(100), VIEW_ORDER int(10), constraint COMPONENT_TYPE_PK primary key(COMPONENT_TYPE_NO))
create table VMWARE_ADDRESS ( ADDRESS_NO bigint not null auto_increment, PLATFORM_NO bigint not null, IP_ADDRESS varchar(100), SUBNET_MASK varchar(100), DEFAULT_GATEWAY varchar(100), USER_NO bigint, INSTANCE_NO bigint, ENABLED boolean, ASSOCIATED boolean, constraint VMWARE_ADDRESS_PK primary key(ADDRESS_NO))
create table CLOUDSTACK_INSTANCE ( INSTANCE_NO bigint not null, KEY_NAME varchar(100), INSTANCE_TYPE varchar(20), INSTANCE_ID varchar(20), DISPLAYNAME varchar(100), IPADDRESS varchar(100), STATE varchar(20), ZONEID varchar(100), NETWORKID varchar(20), SECURITYGROUP varchar(100), constraint CLOUDSTACK_INSTANCE_PK primary key(INSTANCE_NO))
INSERT INTO MAKER VALUES('0000000PP7', '', '0')
INSERT INTO MAKER VALUES('0000000FC2', '', '0')
INSERT INTO ITEM VALUES('000000JS1MTF20D0', '2005 for Windows CD-ROM', '0000000JS1', 1560, '0')
INSERT INTO ITEM VALUES('000000BW48341044', 'WordPerfect Office X3 AC ', '0000000BW4', 12728, '0')
INSERT INTO ITEM VALUES('000000MS34340080', 'Windows Small Business Server 2003 U20C', '0000000MS3', 74560, '0')
INSERT INTO ITEM VALUES('000000DM43041210', ' ', '0000000DM4', 2263, '0')
create table PCC_SYSTEM_INFO ( SECRET_KEY varchar(16) not null)
INSERT INTO ROLE VALUES('1000000001', '', '0')
INSERT INTO ITEM VALUES('000000MS34340010', 'Windows Small Business Server 2003 5', '0000000MS3', 46610, '0')
INSERT INTO ITEM VALUES('000000RN36101150', '& ', '0000000RN3', 4524, '0')
INSERT INTO ITEM VALUES('000000MS34340060', 'Windows Small Business Server 2003 U5CA', '0000000MS3', 18640, '0')
INSERT INTO ITEM VALUES('000000MS34340020', 'Windows Small Business Server 2003 5', '0000000MS3', 46610, '0')
SELECT USER_NO FROM OPENSTACK_CERTIFICATE where USER_NO =${USER_NO} and PLATFORM_NO=${PLATFORM_NO}
create table NIFTY_VOLUME ( VOLUME_NO bigint not null auto_increment, FARM_NO bigint not null, VOLUME_NAME varchar(100) not null, PLATFORM_NO bigint not null, COMPONENT_NO bigint, INSTANCE_NO bigint, SIZE int, VOLUME_ID varchar(20), STATUS varchar(20), INSTANCE_ID varchar(20), SCSI_ID INT(11), constraint NIFTY_VOLUME_PK primary key(VOLUME_NO))
INSERT INTO ROLE_FUNCTION VALUES('1000000001', 'FIDORH01')
INSERT INTO MAKER VALUES('0000000MS3', '', '0')
create table IMAGE_VMWARE ( IMAGE_NO bigint(20) not null, TEMPLATE_NAME varchar(100) not null, INSTANCE_TYPES varchar(500) not null, ROOT_SIZE int, constraint IMAGE_VMWARE_PK primary key (IMAGE_NO))
INSERT INTO ITEM VALUES('000000HL10017000', 'Crystal Studio V8 Standard Single User W', '0000000HL1', 167700, '0')
INSERT INTO PCC_SYSTEM_INFO VALUES (?)
INSERT INTO ITEM VALUES('000000MS30101120', 'Office 2003 Standard ', '0000000MS3', 22180, '0')
INSERT INTO ITEM VALUES('000000MS30130020', 'Office XP Personal ', '0000000MS3', 16790, '0')
create table CLOUDSTACK_LOAD_BALANCER ( LOAD_BALANCER_NO bigint not null, LOAD_BALANCER_ID varchar(20), ALGORITHM varchar(100), DESCRIPTION varchar(100), NAME varchar(30) not null, ADDRESS_ID varchar(20), PUBLICIP varchar(100), PUBLICPORT varchar(20), PRIVATEPORT varchar(20), STATE varchar(20), ZONEID varchar(100), constraint CLOUDSTACK_LOAD_BALANCER_PK primary key(LOAD_BALANCER_NO))
INSERT INTO MAKER VALUES('0000000LJ1', '', '0')
INSERT INTO MAKER VALUES('0000000JS1', '', '0')
INSERT INTO ROLE_FUNCTION VALUES('0000000002', 'FIDUSR01')
create table AZURE_INSTANCE ( INSTANCE_NO bigint not null, INSTANCE_NAME varchar(30), AFFINITY_GROUP_NAME varchar(100), CLOUD_SERVICE_NAME varchar(100), STORAGE_ACCOUNT_NAME varchar(100), NETWORK_NAME varchar(100), INSTANCE_TYPE varchar(20), STATUS varchar(20), SUBNET_ID varchar(30), PRIVATE_IP_ADDRESS varchar(100), LOCATION_NAME varchar(100), AVAILABILITY_SET varchar(100), constraint AZURE_INSTANCE_PK primary key(INSTANCE_NO))
INSERT INTO ITEM VALUES('000000RN36101130', '& ///', '0000000RN3', 4524, '0')
INSERT INTO ITEM VALUES('000000MS30693140', 'Office 2004 for Mac Professional', '0000000MS3', 45730, '0')
create table USER ( USER_NO bigint not null auto_increment, USERNAME varchar(50), PASSWORD varchar(50), MASTER_USER bigint, POWER_USER boolean, constraint USER_PK primary key(USER_NO))
INSERT INTO ROLE_FUNCTION VALUES('0000000002', 'FIDTOP01')
INSERT INTO users VALUES (3,'api','api','api','5f4dcc3b5aa765d61d8327deb882cf99','',0,0,'en_gb',30,3,'default.css',0,'',0,50)
INSERT INTO ITEM VALUES('000000LJ11006311', 'SmartSuite Millennium Ed 9.8', '0000000LJ1', 24264, '0')
CREATE TABLE IF NOT EXISTS IAAS_INFO ( IAAS_NO bigint(19) NOT NULL, IAAS_NAME varchar(50) NOT NULL, COMMENT varchar(300) default NULL, PRIMARY KEY (IAAS_NO))
SELECT USER_NO FROM VCLOUD_KEY_PAIR where USER_NO =${USER_NO} and PLATFORM_NO=${PLATFORM_NO}
INSERT INTO ITEM VALUES('000000EO10021010', 'Web ', '0000000EO1', 85000, '0')
create table IMAGE_AWS ( IMAGE_NO bigint(20) not null, IMAGE_ID varchar(100) not null, KERNEL_ID varchar(100), RAMDISK_ID varchar(100), INSTANCE_TYPES varchar(500) not null, EBS_IMAGE tinyint(1) not null, ROOT_SIZE int, constraint IMAGE_AWS primary key (IMAGE_NO))
INSERT INTO ITEM VALUES('000000MS34360040', 'Windows Small Business Server 2003 Tran', '0000000MS3', 14280, '0')
INSERT INTO ITEM VALUES('000000MS30131020', 'Office 2003 Personal ', '0000000MS3', 16790, '0')
create table TEMPLATE_COMPONENT ( TEMPLATE_COMPONENT_NO bigint(20) not null auto_increment, TEMPLATE_COMPONENT_NAME varchar(50) not null, TEMPLATE_NO bigint(20) not null, COMPONENT_TYPE_NO bigint(20) not null, COMMENT varchar(100), DISK_SIZE int(10) not null, ASSOCIATE varchar(1000), constraint TEMPLATE_COMPONENT_PK primary key(TEMPLATE_COMPONENT_NO))
SELECT USER_NO FROM AWS_CERTIFICATE where USER_NO =${USER_NO} and PLATFORM_NO=${PLATFORM_NO}
INSERT INTO STATUS VALUES('00', '')
INSERT INTO ROLE_FUNCTION VALUES('0000000002', 'FIDORH01')
INSERT INTO ITEM VALUES('000000MS30378010', 'Works 8.0', '0000000MS3', 6780, '0')
INSERT INTO ITEM VALUES('000000MS3D992350', 'SA33 Office Mac Pro 10.0(E) Disk Kit', '0000000MS3', 600, '0')
INSERT INTO ITEM VALUES('000000MS34340140', 'Windows Small Business Server 2003 ', '0000000MS3', 186440, '0')
create table COMPONENT_CONFIG ( CONFIG_NO bigint not null auto_increment, COMPONENT_NO bigint not null, CONFIG_NAME varchar(50) not null, CONFIG_VALUE varchar(200), constraint COMPONENT_CONFIG_PK primary key(CONFIG_NO))
INSERT INTO ITEM VALUES('000000LJ11006310', 'SuperOffice 2001 ', '0000000LJ1', 18000, '0')
INSERT INTO ITEM VALUES('000000MS34360120', 'Windows Small Business Server Premium 2', '0000000MS3', 365930, '0')
create table NIFTY_KEY_PAIR ( KEY_NO bigint not null auto_increment, USER_NO bigint not null, PLATFORM_NO bigint not null, KEY_NAME varchar(100) not null, PRIVATE_KEY varchar(10240) not null, PASSPHRASE varchar(100), constraint NIFTY_KEY_PAIR_PK primary key(KEY_NO))
INSERT INTO ITEM VALUES('000000IT90000019', 'EIOffice 2004+ ', '0000000IT9', 1700, '0')
INSERT INTO ITEM VALUES('000000MS30693050', 'Office 2004 Professional For Mac ', '0000000MS3', 29100, '0')
INSERT INTO MAKER VALUES('0000000DM4', '', '0')
INSERT INTO ITEM VALUES('000000MS34350110', 'Windows Server for SB 2003+5CAL(E)', '0000000MS3', 46230, '0')
INSERT INTO ROLE_FUNCTION VALUES('1000000001', 'FIDUSR01')
SELECT * FROM PLATFORM_AWS WHERE PLATFORM_NO = 
INSERT INTO OPENSTACK_CERTIFICATE values (${USER_NO}, '${PLATFORM_NO}','${OPENSTACK_ACCESS_ID}','${OPENSTACK_SECRET_KEY}','${USER_NAME}')
create table AWS_SSL_KEY ( KEY_NO bigint not null auto_increment, KEY_NAME varchar(100) not null, SSLCERTIFICATEID varchar(100) not null, FARM_NO bigint not null, PLATFORM_NO bigint not null, constraint AWS_SSL_KEY_PK primary key(KEY_NO))
INSERT INTO ITEM VALUES('000000MS3D992410', 'SA33 Office Pro XP(E) Disk Kit', '0000000MS3', 600, '0')
SELECT * FROM AWS_CERTIFICATE
INSERT INTO ITEM VALUES('000000MS3D992370', 'SA33 Office Pro 2003(ML) Disk Kit', '0000000MS3', 600, '0')
INSERT INTO ITEM VALUES('000000MS3D992320', 'SA33 Office Mac 10.0(J) Disk Kit', '0000000MS3', 600, '0')
create table LOAD_BALANCER_INSTANCE ( LOAD_BALANCER_NO bigint not null, INSTANCE_NO bigint not null, ENABLED boolean, STATUS varchar(20), constraint LOAD_BALANCER_INSTANCE_PK primary key(LOAD_BALANCER_NO, INSTANCE_NO))
create table OPENSTACK_CERTIFICATE ( USER_NO bigint not null, PLATFORM_NO bigint not null, OS_ACCESS_ID varchar(100) not null, OS_SECRET_KEY varchar(100) not null, DEF_KEYPAIR varchar(100), constraint OPENSTACK_CERTIFICATE_PK primary key(USER_NO, PLATFORM_NO))
INSERT INTO ROLE_FUNCTION VALUES('0000000001', 'FIDORD01')
INSERT INTO ITEM VALUES('000000MS34320110', 'Windows Small Business Server 2003+5CAL', '0000000MS3', 57720, '0')
CREATE TABLE PLATFORM_VCLOUD_STORAGE_TYPE ( STORAGE_TYPE_NO BIGINT(20) NOT NULL AUTO_INCREMENT, PLATFORM_NO BIGINT(20) NOT NULL, STORAGE_TYPE_NAME VARCHAR(100) NOT NULL, CONSTRAINT PLATFORM_VCLOUD_STORAGE_TYPE_PK1 PRIMARY KEY (STORAGE_TYPE_NO))
INSERT INTO ITEM VALUES('000000LJ1MM00003', 'SMARTSUITE MILLENNIUM 9.8.1E ', '0000000LJ1', 10725, '0')
create table AWS_INSTANCE ( INSTANCE_NO bigint not null, KEY_NAME varchar(100), INSTANCE_TYPE varchar(20), SECURITY_GROUPS varchar(100), AVAILABILITY_ZONE varchar(100), SUBNET_ID varchar(30), ROOT_SIZE int, INSTANCE_ID varchar(30), STATUS varchar(20), DNS_NAME varchar(100), PRIVATE_DNS_NAME varchar(100), IP_ADDRESS varchar(100), PRIVATE_IP_ADDRESS varchar(100), constraint AWS_INSTANCE_PK primary key(INSTANCE_NO))
INSERT INTO ROLE_FUNCTION VALUES('0000000002', 'FIDUSR02')
insert into users values (3,'api','api','api','5f4dcc3b5aa765d61d8327deb882cf99','',0,0,'en_GB',30,3,'default',0,'',0,50)
INSERT INTO ITEM VALUES('000000MS30693240', 'Office 2004 for Mac Professional ', '0000000MS3', 45730, '0')
INSERT INTO ITEM VALUES('000000MS3D992010', 'SA33 Office Pro XP(ML) Disk Kit', '0000000MS3', 600, '0')
create table ZABBIX_LOAD_BALANCER ( LOAD_BALANCER_NO bigint not null, HOSTID varchar(20), STATUS varchar(20), constraint ZABBIX_LOAD_BALANCER_PK primary key(LOAD_BALANCER_NO))
INSERT INTO API_CERTIFICATE values (${USER_NO}, '${API_ACCESS_ID}','${API_SECRET_KEY}')
INSERT INTO ITEM VALUES('000000RN32002010', 'EIOffice 2004+ ', '0000000RN3', 12714, '0')
INSERT INTO MAKER VALUES('0000000OK2', '', '0')
CREATE TABLE API_CERTIFICATE ( USER_NO BIGINT NOT NULL, API_ACCESS_ID VARCHAR(100) NOT NULL, API_SECRET_KEY VARCHAR(100) NOT NULL, CONSTRAINT API_CERTIFICATE_PK PRIMARY KEY(USER_NO))
INSERT INTO ITEM VALUES('000000MS34320010', 'Windows Small Business Server 2003+5CAL', '0000000MS3', 57720, '0')
INSERT INTO MAKER VALUES('0000000VV1', '', '0')
create table COMPONENT_INSTANCE ( COMPONENT_NO bigint not null, INSTANCE_NO bigint not null, ASSOCIATE boolean, ENABLED boolean, STATUS varchar(20), CONFIGURE boolean, constraint COMPONENT_INSTANCE_PK primary key(COMPONENT_NO, INSTANCE_NO))
CREATE TABLE IF NOT EXISTS USERS ( 	USER_ID VARCHAR(20) NOT NULL,	PASSWORD CHAR(32))
create table IMAGE_AZURE ( IMAGE_NO bigint(20) not null, IMAGE_NAME varchar(100) not null, INSTANCE_TYPES varchar(500) not null, constraint IMAGE_AZURE primary key (IMAGE_NO))
create table ZABBIX_INSTANCE ( INSTANCE_NO bigint not null, HOSTID varchar(20), STATUS varchar(20), constraint ZABBIX_INSTANCE_PK primary key(INSTANCE_NO))
INSERT INTO ROLE VALUES('0000000001', '', '0')
INSERT INTO ITEM VALUES('000000MS34360140', 'Windows Small Business Server 2003 Tran', '0000000MS3', 14280, '0')
INSERT INTO ITEM VALUES('000000MS3D992390', 'SA33 Office Mac 2004(J) Disk Kit', '0000000MS3', 600, '0')
INSERT INTO ITEM VALUES('000000MS30101020', 'Office 2003 Standard ', '0000000MS3', 21560, '0')
create table TEMPLATE ( TEMPLATE_NO bigint(20) not null auto_increment, TEMPLATE_NAME varchar(50) not null, TEMPLATE_NAME_DISP varchar(300) not null, TEMPLATE_DESCRIPTION_DISP varchar(500) not null, constraint TEMPLATE_PK primary key(TEMPLATE_NO))
create table LOAD_BALANCER_HEALTH_CHECK ( LOAD_BALANCER_NO bigint not null, CHECK_PROTOCOL varchar(20), CHECK_PORT int, CHECK_PATH varchar(100), CHECK_TIMEOUT int, CHECK_INTERVAL int, HEALTHY_THRESHOLD int, UNHEALTHY_THRESHOLD int, constraint LOAD_BALANCER_HEALTH_CHECK_PK primary key(LOAD_BALANCER_NO))
INSERT INTO ITEM VALUES('000000MS30693030', 'Office 2004 For Mac ', '0000000MS3', 18060, '0')
INSERT INTO ITEM VALUES('000000FJ1P726431', 'Microsoft(R) Office Personal Edition 20', '0000000FJ1', 21340, '0')
