INSERT INTO DATABASEVERSION_VECTORCLOCK VALUES(45,'A',46)
INSERT INTO FILEHISTORY VALUES('d94fd38a56fc7df8434fa8e7d931aae921fb070e',10)
INSERT INTO FILEVERSION VALUES('e4002a26131100dbaf33545099dab23920a388e1',1,8,'win32/sphinx_fe/sphinx_fe.vcxproj','FILE','NEW',8387,TIMESTAMP_WITH_ZONE(1354716370),NULL,'615fba8c2281d5bee891eb092a252d235c237457',TIMESTAMP_WITH_ZONE(1389977258),'rwxr-xr-x',NULL)
INSERT INTO MULTICHUNK_CHUNK VALUES('d9d09de5d70616a798d14a4fbad33e94de3146a9','c78ebd3c85a39a596d9f5cfd2b8d240bc1b9c125')
INSERT INTO FILEVERSION VALUES('6bf76d301a078ac240badafcd9c018e332bdfa6a',1,8,'win32/sphinx_lm_convert','FOLDER','NEW',4096,TIMESTAMP_WITH_ZONE(1355422818),NULL,NULL,TIMESTAMP_WITH_ZONE(1389977258),'rwxr-xr-x',NULL)
INSERT INTO FILEHISTORY VALUES('c3d492400fde364dab8b871c8bcb5f6dffe9548a',10)
INSERT INTO FILEHISTORY VALUES('fe64176e587bb2c6c01a65bcaf9bc8b9f1a54de4',27)
INSERT INTO FILECONTENT_CHUNK VALUES('bf8b4530d8d246dd74ac53a13471bba17941dff7','bf8b4530d8d246dd74ac53a13471bba17941dff7',0)
INSERT INTO FILEVERSION VALUES('65c1bb748aec9577cfa91db03ad043d8d3daef45',2,10,'win32/sphinx_jsgf2fsg/sphinx_jsgf2fsg.vcxproj','FILE','DELETED',5234,TIMESTAMP_WITH_ZONE(1354716370),NULL,'5abe80d7dd96369a3e53993cd69279400ec740bd',TIMESTAMP_WITH_ZONE(1389977258),'rwxr-xr-x',NULL)
INSERT INTO CHUNK VALUES('3cdf2936da2fc556bfa533ab1eb59ce710ac80e5',46,1)
INSERT INTO FILEHISTORY VALUES('6b9a458bd2ba648a63145c05a43c7bf72f59a5ed',15)
INSERT INTO FILEVERSION VALUES('fe64176e587bb2c6c01a65bcaf9bc8b9f1a54de4',1,27,'file28','FILE','NEW',1,TIMESTAMP_WITH_ZONE(1389540373),NULL,'c78ebd3c85a39a596d9f5cfd2b8d240bc1b9c125',TIMESTAMP_WITH_ZONE(1389540373),'rw-r--r--',NULL)
INSERT INTO FILEVERSION VALUES('58dedd8608560740dbc6eccf3ebec80b680658e7',2,10,'win32/sphinxbase','FOLDER','DELETED',4096,TIMESTAMP_WITH_ZONE(1355422818),NULL,NULL,TIMESTAMP_WITH_ZONE(1389977258),'rwxr-xr-x',NULL)
INSERT INTO KNOWN_DATABASES VALUES(0,'B',1)
INSERT INTO FILEHISTORY VALUES('ee927b16af5058e87a0995296c2bb8f8ca05dbe0',31)
INSERT INTO FILECONTENT VALUES('f15eace568ea3c324ecd3d01b67e692bbf8a2f1b',8,14173)
INSERT INTO DATABASEVERSION VALUES(21,'MASTER',TIMESTAMP_WITH_ZONE(1389540372),'A','(A22)')
INSERT INTO MULTICHUNK_CHUNK VALUES('d3205b6aa8a22c5a1563dd81a65e20dd84643723','d07e4bc786c88b8d2304f84c7db2098666f822c0')
INSERT INTO FILEHISTORY VALUES('de000d6b22e900d17ed9bc9ce7ea4bbffff95402',10)
INSERT INTO FILECONTENT_CHUNK VALUES('254416e71ae50431fc6ced6751075b3366db7cc8','8ed8d50a6e9da3197bd665bc3a1f229ebcde9b42',1)
INSERT INTO FILEHISTORY VALUES('a763ae8ea07ac56cad1e3f5cb040a09a634c65b6',5)
INSERT INTO CHUNK VALUES('05a79f06cf3f67f726dae68d18a2290f6c9a50c9',15,1)
INSERT INTO FILECONTENT_CHUNK VALUES('d50591ff745cc83091f4ee12b2ee702cb24b0b45','d50591ff745cc83091f4ee12b2ee702cb24b0b45',0)
INSERT INTO FILEVERSION VALUES('b16b0675c14b624a2b2bac03e37046984142e7f1',1,13,'file14','FILE','NEW',1,TIMESTAMP_WITH_ZONE(1389540371),NULL,'ab461f6b8a6842a473257a2561c1fbdf91bdfe77',TIMESTAMP_WITH_ZONE(1389540371),'rw-r--r--',NULL)
INSERT INTO FILEHISTORY VALUES('45a6df5a57572b5cbbe0507da8e21ae3a1ce9e76',25)
INSERT INTO FILECONTENT VALUES('f5efcd994fca895f644b0ccc362aba5d6f4ae0c6',4,1)
INSERT INTO CHUNK VALUES('320355ced694aa69924f6bb82e7b74f420303fd9',28,1)
INSERT INTO FILEHISTORY VALUES('d36afbc19f334d21782cfcd8ff3c126da674dbea',9)
INSERT INTO DATABASEVERSION_VECTORCLOCK VALUES(39,'A',40)
INSERT INTO FILECONTENT VALUES('a7405a0bada0035ed52a1a44a4d381b78dc59d19',8,964)
INSERT INTO FILEHISTORY VALUES('5990dab1b843345d586e536f3d0731691cbf8585',10)
INSERT INTO FILEVERSION VALUES('d36afbc19f334d21782cfcd8ff3c126da674dbea',1,9,'win32/win32/sphinx_jsgf2fsg','FOLDER','NEW',4096,TIMESTAMP_WITH_ZONE(1355422818),NULL,NULL,TIMESTAMP_WITH_ZONE(1389977264),'rwxr-xr-x',NULL)
INSERT INTO FILEHISTORY VALUES('35bc712f14816012ed52b6fdb4ddf46094a1cd0e',10)
INSERT INTO FILECONTENT VALUES('47dded182d31799267f12eb9864cdc11127b3352',8,971)
INSERT INTO FILEHISTORY VALUES('50ea0bd8a65f87c5d23756387a195ad921a2f81d',10)
INSERT INTO MULTICHUNK_CHUNK VALUES('aed9498971ec04b5ba104be80f56a13d8d8c94d1','c4dd3c8cdd8d7c95603dd67f1cd873d5f9148b29')
INSERT INTO DATABASEVERSION_VECTORCLOCK VALUES(10,'A',8)
INSERT INTO FILEVERSION VALUES('164e075abb25100b11e560096f04db812fe7a64f',1,48,'file49','FILE','NEW',1,TIMESTAMP_WITH_ZONE(1389540375),NULL,'bf8b4530d8d246dd74ac53a13471bba17941dff7',TIMESTAMP_WITH_ZONE(1389540375),'rw-r--r--',NULL)
INSERT INTO MULTICHUNK_CHUNK VALUES('1395494917cc9d791ab94aa50493a903da89917e','77a55e8dd56f4428497116b91d4c0c3ba932425c')
INSERT INTO FILECONTENT_CHUNK VALUES('254416e71ae50431fc6ced6751075b3366db7cc8','b310c0eedcd03238888c6abb3e3398633139ecc5',0)
INSERT INTO FILEHISTORY VALUES('beef111111111111111111111111111111111111',3)
select count(*) from chunk
INSERT INTO CHUNK VALUES('53a0acfad59379b3e050338bf9f23cfc172ee787',19,1)
INSERT INTO DATABASEVERSION VALUES(4,'MASTER',TIMESTAMP_WITH_ZONE(1389977214),'A','(A5)')
INSERT INTO FILEVERSION VALUES('0c49483f9769f2ef04ae5db27e6745d386b3f075',2,10,'win32/sphinx_fe/sphinx_fe.vcxproj.filters','FILE','DELETED',1191,TIMESTAMP_WITH_ZONE(1354716370),NULL,'a301a81d5a4f427d04791b89bfd7798eda6bd013',TIMESTAMP_WITH_ZONE(1389977258),'rwxr-xr-x',NULL)
INSERT INTO FILEVERSION VALUES('ec997746f21b23872f9eaf6f644fc67576569c04',1,39,'file40','FILE','NEW',1,TIMESTAMP_WITH_ZONE(1389540374),NULL,'d50591ff745cc83091f4ee12b2ee702cb24b0b45',TIMESTAMP_WITH_ZONE(1389540374),'rw-r--r--',NULL)
INSERT INTO DATABASEVERSION_VECTORCLOCK VALUES(10,'B',3)
INSERT INTO FILEVERSION VALUES('c1d301efb8216b3ce988babe894b67c78b564840',1,35,'file36','FILE','NEW',1,TIMESTAMP_WITH_ZONE(1389540374),NULL,'19da91f2603889267dfd77786e07a5b8f067d62a',TIMESTAMP_WITH_ZONE(1389540374),'rw-r--r--',NULL)
INSERT INTO MULTICHUNK_CHUNK VALUES('c94b142fe607db41ee831e3754d0125376764b1f','f5efcd994fca895f644b0ccc362aba5d6f4ae0c6')
INSERT INTO MULTICHUNK_CHUNK VALUES('8989fcac66b357af77ce56f754cf24c9cddd270d','ca632d28f91c1b8d638df71525fe22fd2473af10')
INSERT INTO FILEHISTORY VALUES('f05594af97abcb739a2f234764545a49069c90c4',8)
INSERT INTO FILEVERSION VALUES('57cb37b1a498071e4c78b1c1d063bb711f97a782',2,10,'win32/sphinxbase/sphinxbase.vcxproj.filters','FILE','DELETED',14173,TIMESTAMP_WITH_ZONE(1354716370),NULL,'f15eace568ea3c324ecd3d01b67e692bbf8a2f1b',TIMESTAMP_WITH_ZONE(1389977258),'rwxr-xr-x',NULL)
INSERT INTO FILEHISTORY VALUES('bde6dc0d38ade4b9f8938e109be58b61ad7e35b7',47)
INSERT INTO MULTICHUNK VALUES('982e2a4d58cf9b18e71c335e0ba60596452a6c46',29,123)
INSERT INTO FILEHISTORY VALUES('58dedd8608560740dbc6eccf3ebec80b680658e7',10)
INSERT INTO FILEHISTORY VALUES('d15d79a159a574f64c0682b8106b460fecbac725',44)
INSERT INTO CHUNK VALUES('b310c0eedcd03238888c6abb3e3398633139ecc5',8,16384)
INSERT INTO FILEHISTORY VALUES('a40c7b769da3207e9437b76a8845cf3b19f1713b',8)
INSERT INTO FILEVERSION VALUES('dcf3510b596a261f7999e3c1b6091f0060cd6f3f',2,10,'win32/win32/sphinx_jsgf2fsg/sphinx_jsgf2fsg.vcxproj.filters','FILE','DELETED',964,TIMESTAMP_WITH_ZONE(1354716370),NULL,'a7405a0bada0035ed52a1a44a4d381b78dc59d19',TIMESTAMP_WITH_ZONE(1389977264),'rwxr-xr-x',NULL)
INSERT INTO FILEHISTORY VALUES('42e99eaf50e2b07526aa2bc89e0d14415b415864',10)
INSERT INTO MULTICHUNK_CHUNK VALUES('51aaca5c1280b1cf95cff8a3266a6bb44b482ad4','a301a81d5a4f427d04791b89bfd7798eda6bd013')
INSERT INTO FILEVERSION VALUES('35bc712f14816012ed52b6fdb4ddf46094a1cd0e',2,10,'win32/win32/sphinx_fe/sphinx_fe.vcxproj.filters','FILE','DELETED',1191,TIMESTAMP_WITH_ZONE(1354716370),NULL,'a301a81d5a4f427d04791b89bfd7798eda6bd013',TIMESTAMP_WITH_ZONE(1389977264),'rwxr-xr-x',NULL)
INSERT INTO DATABASEVERSION VALUES(10,'MASTER',TIMESTAMP_WITH_ZONE(1389540370),'A','(A11)')
INSERT INTO FILECONTENT_CHUNK VALUES('0fefb345b62b6c0b0e5212158a9aa7c1eeec2ca6','0fefb345b62b6c0b0e5212158a9aa7c1eeec2ca6',0)
INSERT INTO DATABASEVERSION_VECTORCLOCK VALUES(3,'A',4)
INSERT INTO FILEHISTORY VALUES('65c1bb748aec9577cfa91db03ad043d8d3daef45',8)
INSERT INTO FILEVERSION VALUES('77dcbee8eb9aff78515352b32a05e1f1e4423914',2,1,'Untitled Folder','FOLDER','DELETED',4096,TIMESTAMP_WITH_ZONE(1389977163),NULL,NULL,TIMESTAMP_WITH_ZONE(1389977166),'rwxr-xr-x',NULL)
INSERT INTO FILECONTENT_CHUNK VALUES('5abe80d7dd96369a3e53993cd69279400ec740bd','5abe80d7dd96369a3e53993cd69279400ec740bd',0)
INSERT INTO DATABASEVERSION_VECTORCLOCK VALUES(6,'B',1)
INSERT INTO FILEHISTORY VALUES('851c441915478a539a5bab2b263ffa4cc48e282f',3)
INSERT INTO MULTICHUNK_CHUNK VALUES('41d5d9d9854d6a6d7eccd321d757e939f82045aa','c4488af0c158e8c2832cb927cfb3ce534104cd1e')
INSERT INTO FILEHISTORY VALUES('1e8818c19608fb302aebc2441e2301fdeaa3fa56',10)
INSERT INTO FILEVERSION VALUES('7138e4b3606cdf4fda38c2054fb7a264b958fdde',2,10,'win32/sphinx_cepview','FOLDER','DELETED',4096,TIMESTAMP_WITH_ZONE(1355422818),NULL,NULL,TIMESTAMP_WITH_ZONE(1389977258),'rwxr-xr-x',NULL)
INSERT INTO FILECONTENT VALUES('d50591ff745cc83091f4ee12b2ee702cb24b0b45',39,1)
INSERT INTO DATABASEVERSION_VECTORCLOCK VALUES(35,'A',36)
INSERT INTO FILECONTENT_CHUNK VALUES('1b6453892473a467d07372d45eb05abc2031647a','1b6453892473a467d07372d45eb05abc2031647a',0)
INSERT INTO FILEHISTORY VALUES('2e589793c3cda0fa0a21edd89cfaf1ce26fc6fd4',26)
INSERT INTO FILEHISTORY VALUES('ed53e1643e3d57cd609624203d0a356c3c574a61',10)
INSERT INTO FILEVERSION VALUES('6b7353a71a708ce47d2017af85d307052d5e98ec',1,8,'win32/sphinx_pitch/sphinx_pitch.vcxproj','FILE','NEW',5301,TIMESTAMP_WITH_ZONE(1354716370),NULL,'0fecbac8ac8a5f8b7aa12b2741a4ef5db88c5dea',TIMESTAMP_WITH_ZONE(1389977258),'rwxr-xr-x',NULL)
INSERT INTO FILECONTENT_CHUNK VALUES('7666fd3b860c9d7588d9ca1807eebdf8cfaa8be3','7666fd3b860c9d7588d9ca1807eebdf8cfaa8be3',0)
INSERT INTO FILEVERSION VALUES('bc25574d16e2c365cd4664e927b849322307ffb1',1,8,'win32','FOLDER','NEW',4096,TIMESTAMP_WITH_ZONE(1355422817),NULL,NULL,TIMESTAMP_WITH_ZONE(1389977258),'rwxr-xr-x',NULL)
INSERT INTO MULTICHUNK VALUES('bf352d3f44054603b11c3a308cc794d182504557',17,123)
INSERT INTO MULTICHUNK_CHUNK VALUES('ac1d89b3f57349edc6fe29f9bef1b0aeadf499a8','fe83f217d464f6fdfa5b2b1f87fe3a1a47371196')
INSERT INTO MULTICHUNK VALUES('e2a3f6bea38fcc90a35654f3500333115cf67943',2,123)
INSERT INTO FILEVERSION VALUES('a763ae8ea07ac56cad1e3f5cb040a09a634c65b6',2,4,'new.txt','FILE','CHANGED',12,TIMESTAMP_WITH_ZONE(1389977213),NULL,'0fefb345b62b6c0b0e5212158a9aa7c1eeec2ca6',TIMESTAMP_WITH_ZONE(1389977214),'rw-r--r--',NULL)
INSERT INTO FILEVERSION VALUES('ed53e1643e3d57cd609624203d0a356c3c574a61',1,9,'win32/win32/sphinx_lm_convert/sphinx_lm_convert.vcxproj','FILE','NEW',5508,TIMESTAMP_WITH_ZONE(1354716370),NULL,'5f0b34374821423f69bf2231210245ccf0302df0',TIMESTAMP_WITH_ZONE(1389977264),'rwxr-xr-x',NULL)
INSERT INTO FILEVERSION VALUES('bc25574d16e2c365cd4664e927b849322307ffb1',2,10,'win32','FOLDER','DELETED',4096,TIMESTAMP_WITH_ZONE(1355422817),NULL,NULL,TIMESTAMP_WITH_ZONE(1389977258),'rwxr-xr-x',NULL)
INSERT INTO MULTICHUNK VALUES('131d1c3a00a3715e5ae52557b38279a104178517',4,22)
INSERT INTO CHUNK VALUES('19da91f2603889267dfd77786e07a5b8f067d62a',35,1)
INSERT INTO FILEHISTORY VALUES('ef899a7e46f11f0059b2de1fa983b212d812c8c2',10)
INSERT INTO FILEHISTORY VALUES('c57758072ec7819ae9d40c340378b4c778c4e371',10)
INSERT INTO FILEHISTORY VALUES('851c441915478a539a5bab2b263ffa4cc48e282f',4)
INSERT INTO FILEHISTORY VALUES('92a0482a73d8ce2c560b1044a94f6e5868d5ed45',9)
INSERT INTO FILEVERSION VALUES('d0422912de116ca867eaab65c64c3d79e4c72bc0',1,16,'file17','FILE','NEW',1,TIMESTAMP_WITH_ZONE(1389540371),NULL,'bf8b4530d8d246dd74ac53a13471bba17941dff7',TIMESTAMP_WITH_ZONE(1389540371),'rw-r--r--',NULL)
INSERT INTO FILEHISTORY VALUES('71fbb82e1dbcb38c0844caa9a2d9a3fe3ce6f0b0',42)
INSERT INTO FILEVERSION VALUES('b255a5575dc35915ef1dbb593962c20b32f08505',1,17,'file18','FILE','NEW',1,TIMESTAMP_WITH_ZONE(1389540371),NULL,'1216aa524aef75e75aa9214fb78ad1ac3ba1e34b',TIMESTAMP_WITH_ZONE(1389540372),'rw-r--r--',NULL)
INSERT INTO DATABASEVERSION_VECTORCLOCK VALUES(48,'A',49)
INSERT INTO FILEVERSION VALUES('0605a2e7858fd7d4e78494fafc0e5fe332fd49ee',2,10,'win32/win32/sphinx_cepview','FOLDER','DELETED',4096,TIMESTAMP_WITH_ZONE(1355422818),NULL,NULL,TIMESTAMP_WITH_ZONE(1389977264),'rwxr-xr-x',NULL)
INSERT INTO FILEHISTORY VALUES('9931dd99f97c312d14d4f58d689c6343b4c886fa',10)
INSERT INTO MULTICHUNK VALUES('71c9c3f38d14bb72525660988aab387545670b79',39,123)
INSERT INTO FILEVERSION VALUES('2e589793c3cda0fa0a21edd89cfaf1ce26fc6fd4',1,26,'file27','FILE','NEW',1,TIMESTAMP_WITH_ZONE(1389540373),NULL,'ab461f6b8a6842a473257a2561c1fbdf91bdfe77',TIMESTAMP_WITH_ZONE(1389540373),'rw-r--r--',NULL)
INSERT INTO FILEVERSION VALUES('f55923dadd7bb9a41a2242886d9d69eee129baa3',1,4,'file5','FILE','NEW',1,TIMESTAMP_WITH_ZONE(1389540369),NULL,'f5efcd994fca895f644b0ccc362aba5d6f4ae0c6',TIMESTAMP_WITH_ZONE(1389540369),'rw-r--r--',NULL)
select count(*) from databaseversion
INSERT INTO DATABASEVERSION VALUES(6,'MASTER',TIMESTAMP_WITH_ZONE(1389977233),'B','(A6,B1)')
INSERT INTO FILEVERSION VALUES('65c1bb748aec9577cfa91db03ad043d8d3daef45',1,8,'win32/sphinx_jsgf2fsg/sphinx_jsgf2fsg.vcxproj','FILE','NEW',5234,TIMESTAMP_WITH_ZONE(1354716370),NULL,'5abe80d7dd96369a3e53993cd69279400ec740bd',TIMESTAMP_WITH_ZONE(1389977258),'rwxr-xr-x',NULL)
INSERT INTO FILECONTENT_CHUNK VALUES('64b68bf5b882b9bd0b37267287980ecfa0e44a85','64b68bf5b882b9bd0b37267287980ecfa0e44a85',0)
INSERT INTO FILEHISTORY VALUES('0c49483f9769f2ef04ae5db27e6745d386b3f075',8)
INSERT INTO FILEVERSION VALUES('0c49483f9769f2ef04ae5db27e6745d386b3f075',1,8,'win32/sphinx_fe/sphinx_fe.vcxproj.filters','FILE','NEW',1191,TIMESTAMP_WITH_ZONE(1354716370),NULL,'a301a81d5a4f427d04791b89bfd7798eda6bd013',TIMESTAMP_WITH_ZONE(1389977258),'rwxr-xr-x',NULL)
INSERT INTO CHUNK VALUES('eba69a8e359ce3258520138a50ed9860127ab6e0',7,512)
INSERT INTO FILEHISTORY VALUES('f55923dadd7bb9a41a2242886d9d69eee129baa3',4)
INSERT INTO DATABASEVERSION_VECTORCLOCK VALUES(44,'A',45)
INSERT INTO FILEVERSION VALUES('92a0482a73d8ce2c560b1044a94f6e5868d5ed45',1,9,'win32/win32/sphinx_pitch','FOLDER','NEW',4096,TIMESTAMP_WITH_ZONE(1355422818),NULL,NULL,TIMESTAMP_WITH_ZONE(1389977264),'rwxr-xr-x',NULL)
INSERT INTO FILEHISTORY VALUES('0ec97a4a65996b09c136f4f8def321926499f77a',38)
INSERT INTO FILEVERSION VALUES('c021aecb2ae36f2a8430eb10309923454b93b61e',1,1,'file2','FILE','NEW',1,TIMESTAMP_WITH_ZONE(1389540369),NULL,'bf8b4530d8d246dd74ac53a13471bba17941dff7',TIMESTAMP_WITH_ZONE(1389540369),'rw-r--r--',NULL)
INSERT INTO FILEHISTORY VALUES('4fef2d605640813464792b18b16e1a5e07aa4e53',2)
INSERT INTO DATABASEVERSION VALUES(12,'MASTER',TIMESTAMP_WITH_ZONE(1389540371),'A','(A13)')
INSERT INTO MULTICHUNK VALUES('3db82df775355c29cdda03e1960ed65dc47e73fa',12,123)
INSERT INTO FILEHISTORY VALUES('dcf3510b596a261f7999e3c1b6091f0060cd6f3f',10)
INSERT INTO DATABASEVERSION VALUES(1,'MASTER',TIMESTAMP_WITH_ZONE(1388676369),'A','(A2)')
INSERT INTO FILEVERSION VALUES('d0c0111139fc89d340f6f797ac17597d923547c5',2,10,'win32/win32/sphinx_lm_convert','FOLDER','DELETED',4096,TIMESTAMP_WITH_ZONE(1355422818),NULL,NULL,TIMESTAMP_WITH_ZONE(1389977264),'rwxr-xr-x',NULL)
INSERT INTO FILECONTENT_CHUNK VALUES('19da91f2603889267dfd77786e07a5b8f067d62a','19da91f2603889267dfd77786e07a5b8f067d62a',0)
INSERT INTO DATABASEVERSION VALUES(16,'MASTER',TIMESTAMP_WITH_ZONE(1389540371),'A','(A17)')
INSERT INTO FILEVERSION VALUES('851c441915478a539a5bab2b263ffa4cc48e282f',2,4,'file1','FILE','DELETED',1,TIMESTAMP_WITH_ZONE(1388849287),NULL,'fe83f217d464f6fdfa5b2b1f87fe3a1a47371196',TIMESTAMP_WITH_ZONE(1388849168),'rw-r--r--',NULL)
INSERT INTO CHUNK VALUES('d07e4bc786c88b8d2304f84c7db2098666f822c0',31,1)
INSERT INTO CHUNK VALUES('fe83f217d464f6fdfa5b2b1f87fe3a1a47371196',0,1)
INSERT INTO FILEVERSION VALUES('42e99eaf50e2b07526aa2bc89e0d14415b415864',2,10,'win32/sphinx_lm_convert/sphinx_lm_convert.vcxproj.filters','FILE','DELETED',976,TIMESTAMP_WITH_ZONE(1354716370),NULL,'9974b55a79994b4bfe007983539ca21b2679ba35',TIMESTAMP_WITH_ZONE(1389977258),'rwxr-xr-x',NULL)
INSERT INTO FILECONTENT VALUES('5e6f80a34a9798cafc6a5db96cc57ba4c4db59c2',36,1)
INSERT INTO FILECONTENT_CHUNK VALUES('c7da1ff95a25c353f1319604703e8bfd287ee1a1','c7da1ff95a25c353f1319604703e8bfd287ee1a1',0)
INSERT INTO MULTICHUNK VALUES('48d6202386fe2eb9c5d571df2bf2c83bd7c2d780',13,123)
INSERT INTO CHUNK VALUES('c78ebd3c85a39a596d9f5cfd2b8d240bc1b9c125',27,1)
INSERT INTO MULTICHUNK VALUES('f092d8d1b402164baf3332ee9c60f0cdbbe8708b',25,123)
INSERT INTO DATABASEVERSION_VECTORCLOCK VALUES(12,'A',13)
INSERT INTO MULTICHUNK_CHUNK VALUES('51aaca5c1280b1cf95cff8a3266a6bb44b482ad4','0fecbac8ac8a5f8b7aa12b2741a4ef5db88c5dea')
INSERT INTO FILEVERSION VALUES('d94fd38a56fc7df8434fa8e7d931aae921fb070e',1,9,'win32/win32/sphinx_fe','FOLDER','NEW',4096,TIMESTAMP_WITH_ZONE(1355422818),NULL,NULL,TIMESTAMP_WITH_ZONE(1389977264),'rwxr-xr-x',NULL)
INSERT INTO FILECONTENT_CHUNK VALUES('a42c6cf1de3abfdea9b95f34687cbbe92b9a7383','a42c6cf1de3abfdea9b95f34687cbbe92b9a7383',0)
INSERT INTO FILEHISTORY VALUES('d94fd38a56fc7df8434fa8e7d931aae921fb070e',9)
INSERT INTO MULTICHUNK VALUES('9302d8b104023627f655fa7745927fdeb3df674b',5,55)
INSERT INTO MULTICHUNK_CHUNK VALUES('f317f8de4248c39b929907a856fec349e3663d2e','953efe8f531a5a87f6d2d5a65b78b05e55599abc')
INSERT INTO CHUNK VALUES('bf8b4530d8d246dd74ac53a13471bba17941dff7',16,1)
select id from databaseversion
INSERT INTO FILECONTENT_CHUNK VALUES('f15eace568ea3c324ecd3d01b67e692bbf8a2f1b','f15eace568ea3c324ecd3d01b67e692bbf8a2f1b',0)
INSERT INTO DATABASEVERSION VALUES(6,'MASTER',TIMESTAMP_WITH_ZONE(1389540370),'A','(A7)')
INSERT INTO FILECONTENT_CHUNK VALUES('320355ced694aa69924f6bb82e7b74f420303fd9','320355ced694aa69924f6bb82e7b74f420303fd9',0)
INSERT INTO FILEHISTORY VALUES('bc25574d16e2c365cd4664e927b849322307ffb1',10)
INSERT INTO FILEVERSION VALUES('5c366b2ffa9fb3f0eac06b91a977276dfbba9d2b',2,10,'win32/win32/sphinxbase','FOLDER','DELETED',4096,TIMESTAMP_WITH_ZONE(1355422818),NULL,NULL,TIMESTAMP_WITH_ZONE(1389977264),'rwxr-xr-x',NULL)
INSERT INTO MULTICHUNK_CHUNK VALUES('c45414a5c8cc3a1cc4bd37c68d129da63ae1f4d0','e2415cb7f63df0c9de23362326ad3c37a9adfc96')
INSERT INTO DATABASEVERSION_VECTORCLOCK VALUES(15,'A',16)
INSERT INTO DATABASEVERSION_VECTORCLOCK VALUES(46,'A',47)
select table_name from information_schema.tables where table_schema='PUBLIC'
INSERT INTO CHUNK VALUES('f11d1c80a3eeec16ed6079a52005d446886c3a4f',3,1)
INSERT INTO DATABASEVERSION VALUES(5,'MASTER',TIMESTAMP_WITH_ZONE(1388935689),'A','(A5)')
INSERT INTO FILECONTENT_CHUNK VALUES('13cba177bcfad90e7b3de70616b2e54ba4bb107f','13cba177bcfad90e7b3de70616b2e54ba4bb107f',0)
select count(*) from filecontent_chunk
INSERT INTO DATABASEVERSION VALUES(42,'MASTER',TIMESTAMP_WITH_ZONE(1389540374),'A','(A43)')
INSERT INTO FILEHISTORY VALUES('e2170d9325707df6ff1593babcaebe3d8f54cdfa',34)
INSERT INTO FILECONTENT VALUES('24a39e00d6156804e27f7c0987d00903da8e6682',5,508)
INSERT INTO FILEVERSION VALUES('95dbce0b2999ad2d05769f030b35007969df5b5e',2,10,'win32/win32/sphinxbase/sphinxbase.vcxproj','FILE','DELETED',37944,TIMESTAMP_WITH_ZONE(1354716370),NULL,'254416e71ae50431fc6ced6751075b3366db7cc8',TIMESTAMP_WITH_ZONE(1389977264),'rwxr-xr-x',NULL)
INSERT INTO MULTICHUNK_CHUNK VALUES('db4a0c92614fc0d76bd8fc426b0647e5e31b44b4','3c363836cf4e16666669a25da280a1865c2d2874')
INSERT INTO FILECONTENT_CHUNK VALUES('47dded182d31799267f12eb9864cdc11127b3352','47dded182d31799267f12eb9864cdc11127b3352',0)
INSERT INTO MULTICHUNK_CHUNK VALUES('1234567890987654321123456789098765433222','beefbeefbeefbeefbeefbeefbeefbeefbeefbeef')
INSERT INTO FILEVERSION VALUES('9931dd99f97c312d14d4f58d689c6343b4c886fa',1,10,'file11','FILE','NEW',1,TIMESTAMP_WITH_ZONE(1389540370),NULL,'10687feb9716c9502d9a40fdfe3bb339055c8651',TIMESTAMP_WITH_ZONE(1389540370),'rw-r--r--',NULL)
INSERT INTO FILEVERSION VALUES('9ebc88b6119494f0f2c8fa7dde519d7cf74960ff',1,9,'win32/win32/sphinx_cepview/sphinx_cepview.vcxproj','FILE','NEW',8283,TIMESTAMP_WITH_ZONE(1354716370),NULL,'b0223d9770a5c0d7e22ac3d2706c4c9858cf42a9',TIMESTAMP_WITH_ZONE(1389977264),'rwxr-xr-x',NULL)
INSERT INTO DATABASEVERSION VALUES(2,'MASTER',TIMESTAMP_WITH_ZONE(1389977203),'A','(A3)')
INSERT INTO FILEHISTORY VALUES('d3911d16875137092ee349c1981bf2e0d0088e0c',43)
INSERT INTO FILECONTENT VALUES('eba69a8e359ce3258520138a50ed9860127ab6e0',7,512)
INSERT INTO FILECONTENT_CHUNK VALUES('eba69a8e359ce3258520138a50ed9860127ab6e0','eba69a8e359ce3258520138a50ed9860127ab6e0',0)
INSERT INTO FILEVERSION VALUES('bf8bccb7e0112da8536da80390da18700a08f504',1,8,'win32/sphinx_lm_convert/sphinx_lm_convert.vcxproj','FILE','NEW',5508,TIMESTAMP_WITH_ZONE(1354716370),NULL,'5f0b34374821423f69bf2231210245ccf0302df0',TIMESTAMP_WITH_ZONE(1389977258),'rwxr-xr-x',NULL)
INSERT INTO FILEHISTORY VALUES('d0c0111139fc89d340f6f797ac17597d923547c5',9)
INSERT INTO FILEVERSION VALUES('42e99eaf50e2b07526aa2bc89e0d14415b415864',1,8,'win32/sphinx_lm_convert/sphinx_lm_convert.vcxproj.filters','FILE','NEW',976,TIMESTAMP_WITH_ZONE(1354716370),NULL,'9974b55a79994b4bfe007983539ca21b2679ba35',TIMESTAMP_WITH_ZONE(1389977258),'rwxr-xr-x',NULL)
INSERT INTO DATABASEVERSION VALUES(34,'MASTER',TIMESTAMP_WITH_ZONE(1389540373),'A','(A35)')
INSERT INTO CHUNK VALUES('7666fd3b860c9d7588d9ca1807eebdf8cfaa8be3',6,2029)
INSERT INTO FILEHISTORY VALUES('35bc712f14816012ed52b6fdb4ddf46094a1cd0e',9)
INSERT INTO FILEHISTORY VALUES('5990dab1b843345d586e536f3d0731691cbf8585',8)
INSERT INTO FILECONTENT VALUES('d57a281360b0397e17fd449153eb58a47dd5b12c',20,1)
INSERT INTO FILECONTENT_CHUNK VALUES('a0f1490a20d0211c997b44bc357e1972deab8ae3','a0f1490a20d0211c997b44bc357e1972deab8ae3',0)
INSERT INTO FILECONTENT VALUES('77a55e8dd56f4428497116b91d4c0c3ba932425c',21,1)
INSERT INTO MULTICHUNK_CHUNK VALUES('64b04e5ed2f5470d39deec00c29c16102fcc9281','10687feb9716c9502d9a40fdfe3bb339055c8651')
INSERT INTO DATABASEVERSION_VECTORCLOCK VALUES(4,'A',5)
INSERT INTO FILEVERSION VALUES('71fbb82e1dbcb38c0844caa9a2d9a3fe3ce6f0b0',1,42,'file43','FILE','NEW',1,TIMESTAMP_WITH_ZONE(1389540374),NULL,'a42c6cf1de3abfdea9b95f34687cbbe92b9a7383',TIMESTAMP_WITH_ZONE(1389540374),'rw-r--r--',NULL)
INSERT INTO FILEVERSION VALUES('a1524f0fee5e91958a44f78f682d9dce4809fb22',1,45,'file46','FILE','NEW',1,TIMESTAMP_WITH_ZONE(1389540375),NULL,'c4488af0c158e8c2832cb927cfb3ce534104cd1e',TIMESTAMP_WITH_ZONE(1389540375),'rw-r--r--',NULL)
INSERT INTO CHUNK VALUES('b753d636f6ee46bb9242d01ff8b61f715e9a88c3',14,1)
INSERT INTO DATABASEVERSION_VECTORCLOCK VALUES(9,'A',10)
INSERT INTO MULTICHUNK VALUES('731eced4cf9aee69c99fd73835838475644da34d',20,123)
INSERT INTO FILEHISTORY VALUES('65c1bb748aec9577cfa91db03ad043d8d3daef45',10)
INSERT INTO DATABASEVERSION VALUES(1337,'MASTER',TIMESTAMP_WITH_ZONE(1388589969),'A','(A1)')
INSERT INTO FILEHISTORY VALUES('7bab9d90dfff1b6666957fbc71abfe1eed486dca',10)
INSERT INTO FILEHISTORY VALUES('0605a2e7858fd7d4e78494fafc0e5fe332fd49ee',10)
INSERT INTO FILEVERSION VALUES('95dbce0b2999ad2d05769f030b35007969df5b5e',1,9,'win32/win32/sphinxbase/sphinxbase.vcxproj','FILE','NEW',37944,TIMESTAMP_WITH_ZONE(1354716370),NULL,'254416e71ae50431fc6ced6751075b3366db7cc8',TIMESTAMP_WITH_ZONE(1389977264),'rwxr-xr-x',NULL)
INSERT INTO DATABASEVERSION VALUES(1,'MASTER',TIMESTAMP_WITH_ZONE(1389540369),'A','(A2)')
select %s from %s order by %s
INSERT INTO FILECONTENT VALUES('a0f1490a20d0211c997b44bc357e1972deab8ae3',25,1)
INSERT INTO CHUNK VALUES('d160e0986aca4714714a16f29ec605af90be704d',33,1)
INSERT INTO FILEHISTORY VALUES('f0c1180fa0c68eb293d2762e28f70292d6f226b8',7)
INSERT INTO FILEVERSION VALUES('1c491be25eefe25adf944298b96a2b8866c83402',1,9,'win32/win32/sphinx_fe/sphinx_fe.vcxproj','FILE','NEW',8387,TIMESTAMP_WITH_ZONE(1354716370),NULL,'615fba8c2281d5bee891eb092a252d235c237457',TIMESTAMP_WITH_ZONE(1389977264),'rwxr-xr-x',NULL)
INSERT INTO MULTICHUNK VALUES('51aaca5c1280b1cf95cff8a3266a6bb44b482ad4',8,33)
INSERT INTO FILEHISTORY VALUES('7138e4b3606cdf4fda38c2054fb7a264b958fdde',10)
INSERT INTO DATABASEVERSION VALUES(41,'MASTER',TIMESTAMP_WITH_ZONE(1389540374),'A','(A42)')
INSERT INTO FILEVERSION VALUES('d3cde88c51e46aea131b5525e4ec9e9a92612392',1,36,'file37','FILE','NEW',1,TIMESTAMP_WITH_ZONE(1389540374),NULL,'5e6f80a34a9798cafc6a5db96cc57ba4c4db59c2',TIMESTAMP_WITH_ZONE(1389540374),'rw-r--r--',NULL)
INSERT INTO FILEVERSION VALUES('94b680fc9399293efe95c1f6069abf76b028f015',1,1,'renamedfolder','FOLDER','NEW',4096,TIMESTAMP_WITH_ZONE(1389977163),NULL,NULL,TIMESTAMP_WITH_ZONE(1389977199),'rwxr-xr-x',NULL)
INSERT INTO MULTICHUNK VALUES('c662c6a6f275459d9f00892fe23999e24f9d2c17',43,123)
INSERT INTO FILEVERSION VALUES('58dedd8608560740dbc6eccf3ebec80b680658e7',1,8,'win32/sphinxbase','FOLDER','NEW',4096,TIMESTAMP_WITH_ZONE(1355422818),NULL,NULL,TIMESTAMP_WITH_ZONE(1389977258),'rwxr-xr-x',NULL)
INSERT INTO DATABASEVERSION VALUES(5,'MASTER',TIMESTAMP_WITH_ZONE(1389977222),'A','(A6)')
INSERT INTO DATABASEVERSION VALUES(36,'MASTER',TIMESTAMP_WITH_ZONE(1389540374),'A','(A37)')
INSERT INTO FILECONTENT VALUES('c4dd3c8cdd8d7c95603dd67f1cd873d5f9148b29',44,1)
INSERT INTO FILEHISTORY VALUES('c021aecb2ae36f2a8430eb10309923454b93b61e',1)
INSERT INTO FILEVERSION VALUES('a455aa30b9b68ddf96b8e5df3e48fc70671d213a',1,28,'file29','FILE','NEW',1,TIMESTAMP_WITH_ZONE(1389540373),NULL,'320355ced694aa69924f6bb82e7b74f420303fd9',TIMESTAMP_WITH_ZONE(1389540373),'rw-r--r--',NULL)
INSERT INTO MULTICHUNK_CHUNK VALUES('7d12026978c65705a00d96ded82b6d6578afa9c5','f11d1c80a3eeec16ed6079a52005d446886c3a4f')
INSERT INTO DATABASEVERSION_VECTORCLOCK VALUES(41,'A',42)
INSERT INTO MULTICHUNK VALUES('e5c62378c7c4d99a84a186a41034c3dbf9a3ad7b',1,33)
INSERT INTO FILECONTENT_CHUNK VALUES('c78ebd3c85a39a596d9f5cfd2b8d240bc1b9c125','c78ebd3c85a39a596d9f5cfd2b8d240bc1b9c125',0)
INSERT INTO FILEVERSION VALUES('11c922a90efc89168e70bfa164979926f42a5502',1,9,'file10','FILE','NEW',1,TIMESTAMP_WITH_ZONE(1389540370),NULL,'42099b4af021e53fd8fd4e056c2568d7c2e3ffa8',TIMESTAMP_WITH_ZONE(1389540370),'rw-r--r--',NULL)
INSERT INTO CHUNK VALUES('5abe80d7dd96369a3e53993cd69279400ec740bd',8,5234)
INSERT INTO DATABASEVERSION VALUES(20,'MASTER',TIMESTAMP_WITH_ZONE(1389540372),'A','(A21)')
INSERT INTO FILEHISTORY VALUES('6bf76d301a078ac240badafcd9c018e332bdfa6a',10)
INSERT INTO DATABASEVERSION VALUES(47,'MASTER',TIMESTAMP_WITH_ZONE(1389540375),'A','(A48)')
INSERT INTO FILECONTENT_CHUNK VALUES('655f2b71ddfafbcbd5af517f02eb9386a2a7a2a1','655f2b71ddfafbcbd5af517f02eb9386a2a7a2a1',0)
INSERT INTO FILEHISTORY VALUES('6b7353a71a708ce47d2017af85d307052d5e98ec',10)
INSERT INTO DATABASEVERSION_VECTORCLOCK VALUES(5,'A',6)
INSERT INTO DATABASEVERSION_VECTORCLOCK VALUES(22,'A',23)
INSERT INTO FILEHISTORY VALUES('0605a2e7858fd7d4e78494fafc0e5fe332fd49ee',9)
INSERT INTO DATABASEVERSION_VECTORCLOCK VALUES(47,'A',48)
INSERT INTO FILEVERSION VALUES('a763ae8ea07ac56cad1e3f5cb040a09a634c65b6',3,5,'new.txt','FILE','CHANGED',508,TIMESTAMP_WITH_ZONE(1389977221),NULL,'24a39e00d6156804e27f7c0987d00903da8e6682',TIMESTAMP_WITH_ZONE(1389977222),'rw-r--r--',NULL)
INSERT INTO DATABASEVERSION_VECTORCLOCK VALUES(7,'A',8)
INSERT INTO CHUNK VALUES('3c363836cf4e16666669a25da280a1865c2d2874',23,1)
INSERT INTO FILEVERSION VALUES('e25c4819d46dc318345617d279b40c7a72fecb10',2,10,'win32/win32/sphinx_pitch/sphinx_pitch.vcxproj','FILE','DELETED',5301,TIMESTAMP_WITH_ZONE(1354716370),NULL,'0fecbac8ac8a5f8b7aa12b2741a4ef5db88c5dea',TIMESTAMP_WITH_ZONE(1389977264),'rwxr-xr-x',NULL)
INSERT INTO FILEVERSION VALUES('c3d492400fde364dab8b871c8bcb5f6dffe9548a',1,9,'win32/win32/sphinx_jsgf2fsg/sphinx_jsgf2fsg.vcxproj','FILE','NEW',5234,TIMESTAMP_WITH_ZONE(1354716370),NULL,'5abe80d7dd96369a3e53993cd69279400ec740bd',TIMESTAMP_WITH_ZONE(1389977264),'rwxr-xr-x',NULL)
INSERT INTO FILECONTENT_CHUNK VALUES('5e6f80a34a9798cafc6a5db96cc57ba4c4db59c2','5e6f80a34a9798cafc6a5db96cc57ba4c4db59c2',0)
INSERT INTO MULTICHUNK VALUES('ff02c9fc6f3a7f8349f7a970f0b33ddf295c985a',15,123)
INSERT INTO FILEHISTORY VALUES('fdf1a5d9e42f1709a7ad79056588026407d1ff4f',10)
INSERT INTO FILEVERSION VALUES('4fef2d605640813464792b18b16e1a5e07aa4e53',1,2,'file3','FILE','NEW',1,TIMESTAMP_WITH_ZONE(1389540369),NULL,'8ce24fc0ea8e685eb23bf6346713ad9fef920425',TIMESTAMP_WITH_ZONE(1389540369),'rw-r--r--',NULL)
INSERT INTO DATABASEVERSION_VECTORCLOCK VALUES(7,'B',1)
INSERT INTO FILECONTENT_CHUNK VALUES('897f9399aebb2b6163b8175b8e50c52b54aeda2d','897f9399aebb2b6163b8175b8e50c52b54aeda2d',0)
INSERT INTO FILEHISTORY VALUES('ec997746f21b23872f9eaf6f644fc67576569c04',39)
INSERT INTO DATABASEVERSION_VECTORCLOCK VALUES(9,'A',7)
INSERT INTO FILEVERSION VALUES('5bfe3505ddea4b7f46413c264416019c687c9bc4',1,8,'win32/sphinx_cepview/sphinx_cepview.vcxproj','FILE','NEW',8283,TIMESTAMP_WITH_ZONE(1354716370),NULL,'b0223d9770a5c0d7e22ac3d2706c4c9858cf42a9',TIMESTAMP_WITH_ZONE(1389977258),'rwxr-xr-x',NULL)
INSERT INTO FILEHISTORY VALUES('d3cde88c51e46aea131b5525e4ec9e9a92612392',36)
INSERT INTO MULTICHUNK VALUES('8989fcac66b357af77ce56f754cf24c9cddd270d',49,123)
select count(*) from multichunk_muddy", "2
CREATE INDEX idx_fileversion_status ON fileversion (status);
INSERT INTO FILEVERSION VALUES('d6831c7bea0b9aff37b1aeae145d2e334134eaf5',1,23,'file24','FILE','NEW',1,TIMESTAMP_WITH_ZONE(1389540372),NULL,'3c363836cf4e16666669a25da280a1865c2d2874',TIMESTAMP_WITH_ZONE(1389540372),'rw-r--r--',NULL)
INSERT INTO FILEVERSION VALUES('dcf3510b596a261f7999e3c1b6091f0060cd6f3f',1,9,'win32/win32/sphinx_jsgf2fsg/sphinx_jsgf2fsg.vcxproj.filters','FILE','NEW',964,TIMESTAMP_WITH_ZONE(1354716370),NULL,'a7405a0bada0035ed52a1a44a4d381b78dc59d19',TIMESTAMP_WITH_ZONE(1389977264),'rwxr-xr-x',NULL)
INSERT INTO FILECONTENT_CHUNK VALUES('c4ea21bb365bbeeaf5f2c654883e56d11e43c44e','c4ea21bb365bbeeaf5f2c654883e56d11e43c44e',0)
INSERT INTO FILEVERSION VALUES('6ed43f1018f22fa0552f74ecd0bfc27643aebd45',1,40,'file41','FILE','NEW',1,TIMESTAMP_WITH_ZONE(1389540374),NULL,'a42c6cf1de3abfdea9b95f34687cbbe92b9a7383',TIMESTAMP_WITH_ZONE(1389540374),'rw-r--r--',NULL)
INSERT INTO FILEVERSION VALUES('a763ae8ea07ac56cad1e3f5cb040a09a634c65b6',1,3,'new.txt','FILE','NEW',0,TIMESTAMP_WITH_ZONE(1389977202),NULL,NULL,TIMESTAMP_WITH_ZONE(1389977207),'rw-r--r--',NULL)
INSERT INTO MULTICHUNK VALUES('41d5d9d9854d6a6d7eccd321d757e939f82045aa',34,123)
INSERT INTO DATABASEVERSION VALUES(25,'MASTER',TIMESTAMP_WITH_ZONE(1389540372),'A','(A26)')
INSERT INTO FILEHISTORY VALUES('5c366b2ffa9fb3f0eac06b91a977276dfbba9d2b',9)
INSERT INTO DATABASEVERSION VALUES(7,'MASTER',TIMESTAMP_WITH_ZONE(1389540370),'A','(A8)')
INSERT INTO CHUNK VALUES('ab461f6b8a6842a473257a2561c1fbdf91bdfe77',13,1)
INSERT INTO KNOWN_DATABASES VALUES(2,'B',3)
INSERT INTO DATABASEVERSION VALUES(22,'MASTER',TIMESTAMP_WITH_ZONE(1389540372),'A','(A23)')
INSERT INTO DATABASEVERSION VALUES(18,'MASTER',TIMESTAMP_WITH_ZONE(1389540372),'A','(A19)')
INSERT INTO FILEHISTORY VALUES('95dbce0b2999ad2d05769f030b35007969df5b5e',9)
select sum(version) from fileversion where path='file.jpg'
INSERT INTO FILEVERSION VALUES('50ea0bd8a65f87c5d23756387a195ad921a2f81d',2,10,'win32/win32/sphinx_cepview/sphinx_cepview.vcxproj.filters','FILE','DELETED',931,TIMESTAMP_WITH_ZONE(1354716370),NULL,'38a18897e94a901b833e750e8604d9616a02ca84',TIMESTAMP_WITH_ZONE(1389977264),'rwxr-xr-x',NULL)
INSERT INTO FILECONTENT_CHUNK VALUES('c4dd3c8cdd8d7c95603dd67f1cd873d5f9148b29','c4dd3c8cdd8d7c95603dd67f1cd873d5f9148b29',0)
INSERT INTO MULTICHUNK_CHUNK VALUES('7de7119d60b3eea56e3c5e5f8e991d4e33b00c37','64b68bf5b882b9bd0b37267287980ecfa0e44a85')
select sum(version) from fileversion where path='someotherfile.jpg'
INSERT INTO FILEHISTORY VALUES('1c491be25eefe25adf944298b96a2b8866c83402',10)
INSERT INTO FILEHISTORY VALUES('a763ae8ea07ac56cad1e3f5cb040a09a634c65b6',6)
INSERT INTO MULTICHUNK_CHUNK VALUES('51aaca5c1280b1cf95cff8a3266a6bb44b482ad4','8ed8d50a6e9da3197bd665bc3a1f229ebcde9b42')
INSERT INTO FILEVERSION VALUES('fdf1a5d9e42f1709a7ad79056588026407d1ff4f',2,10,'win32/win32/sphinxbase/sphinxbase.vcxproj.filters','FILE','DELETED',14173,TIMESTAMP_WITH_ZONE(1354716370),NULL,'f15eace568ea3c324ecd3d01b67e692bbf8a2f1b',TIMESTAMP_WITH_ZONE(1389977264),'rwxr-xr-x',NULL)
INSERT INTO DATABASEVERSION VALUES(4,'MASTER',TIMESTAMP_WITH_ZONE(1389540369),'A','(A5)')
INSERT INTO FILECONTENT VALUES('9974b55a79994b4bfe007983539ca21b2679ba35',8,976)
INSERT INTO FILEVERSION VALUES('4e0d277d1723d5163df04cae7af91d7c0690d811',1,6,'file7','FILE','NEW',1,TIMESTAMP_WITH_ZONE(1389540369),NULL,'13cba177bcfad90e7b3de70616b2e54ba4bb107f',TIMESTAMP_WITH_ZONE(1389540370),'rw-r--r--',NULL)
INSERT INTO FILEHISTORY VALUES('57cb37b1a498071e4c78b1c1d063bb711f97a782',8)
INSERT INTO FILECONTENT_CHUNK VALUES('24a39e00d6156804e27f7c0987d00903da8e6682','24a39e00d6156804e27f7c0987d00903da8e6682',0)
INSERT INTO FILEHISTORY VALUES('79760615bfa27c8d4157bfebcc6bbf8c16aea0c0',9)
INSERT INTO MULTICHUNK VALUES('c1e03d1abe8d0d1143b545b700efcab233519188',28,123)
INSERT INTO DATABASEVERSION_VECTORCLOCK VALUES(20,'A',21)
INSERT INTO DATABASEVERSION_VECTORCLOCK VALUES(33,'A',34)
INSERT INTO FILEHISTORY VALUES('09cac14496a74a2fb10f993904aa4724cb87a78a',22)
INSERT INTO FILEVERSION VALUES('1747efdc5761daa913542e0c7a77db98d939fd17',1,11,'file12','FILE','NEW',1,TIMESTAMP_WITH_ZONE(1389540370),NULL,'30140397fe38ee61f01eff44b5cfa48285e47889',TIMESTAMP_WITH_ZONE(1389540371),'rw-r--r--',NULL)
INSERT INTO MULTICHUNK_CHUNK VALUES('cf98aa608bdb96a2ac92b5ca2e51911cc7aefc6c','d160e0986aca4714714a16f29ec605af90be704d')
INSERT INTO MULTICHUNK VALUES('cf98aa608bdb96a2ac92b5ca2e51911cc7aefc6c',33,123)
select * from fileversion
INSERT INTO FILEHISTORY VALUES('e3b7ffba4e32b5e323d873308b41af4c0e0d5a90',20)
INSERT INTO CHUNK VALUES('30140397fe38ee61f01eff44b5cfa48285e47889',47,1)
INSERT INTO FILEHISTORY VALUES('1c491be25eefe25adf944298b96a2b8866c83402',9)
INSERT INTO FILEHISTORY VALUES('a763ae8ea07ac56cad1e3f5cb040a09a634c65b6',4)
INSERT INTO CHUNK VALUES('c4dd3c8cdd8d7c95603dd67f1cd873d5f9148b29',44,1)
INSERT INTO FILEVERSION VALUES('64a7903d4e95bdea0c9daf62151dec968eb8276f',1,3,'file4','FILE','NEW',1,TIMESTAMP_WITH_ZONE(1389540369),NULL,'f11d1c80a3eeec16ed6079a52005d446886c3a4f',TIMESTAMP_WITH_ZONE(1389540369),'rw-r--r--',NULL)
INSERT INTO MULTICHUNK_CHUNK VALUES('51aaca5c1280b1cf95cff8a3266a6bb44b482ad4','5abe80d7dd96369a3e53993cd69279400ec740bd')
INSERT INTO FILEVERSION VALUES('45a6df5a57572b5cbbe0507da8e21ae3a1ce9e76',1,25,'file26','FILE','NEW',1,TIMESTAMP_WITH_ZONE(1389540372),NULL,'a0f1490a20d0211c997b44bc357e1972deab8ae3',TIMESTAMP_WITH_ZONE(1389540372),'rw-r--r--',NULL)
select count(*) from filehistory
INSERT INTO FILEVERSION VALUES('ee3c277898c1dec8f38a12f783427e0c785ff071',1,8,'win32/sphinx_jsgf2fsg/sphinx_jsgf2fsg.vcxproj.filters','FILE','NEW',964,TIMESTAMP_WITH_ZONE(1354716370),NULL,'a7405a0bada0035ed52a1a44a4d381b78dc59d19',TIMESTAMP_WITH_ZONE(1389977258),'rwxr-xr-x',NULL)
INSERT INTO DATABASEVERSION VALUES(14,'MASTER',TIMESTAMP_WITH_ZONE(1389540371),'A','(A15)')
INSERT INTO FILEHISTORY VALUES('5bfe3505ddea4b7f46413c264416019c687c9bc4',8)
INSERT INTO MULTICHUNK VALUES('6830fe9466f9cf44f13396affed82d53135d8767',14,123)
INSERT INTO FILEVERSION VALUES('ee3c277898c1dec8f38a12f783427e0c785ff071',2,10,'win32/sphinx_jsgf2fsg/sphinx_jsgf2fsg.vcxproj.filters','FILE','DELETED',964,TIMESTAMP_WITH_ZONE(1354716370),NULL,'a7405a0bada0035ed52a1a44a4d381b78dc59d19',TIMESTAMP_WITH_ZONE(1389977258),'rwxr-xr-x',NULL)
INSERT INTO FILEVERSION VALUES('7138e4b3606cdf4fda38c2054fb7a264b958fdde',1,8,'win32/sphinx_cepview','FOLDER','NEW',4096,TIMESTAMP_WITH_ZONE(1355422818),NULL,NULL,TIMESTAMP_WITH_ZONE(1389977258),'rwxr-xr-x',NULL)
INSERT INTO FILECONTENT VALUES('10687feb9716c9502d9a40fdfe3bb339055c8651',10,1)
INSERT INTO FILEVERSION VALUES('e4002a26131100dbaf33545099dab23920a388e1',2,10,'win32/sphinx_fe/sphinx_fe.vcxproj','FILE','DELETED',8387,TIMESTAMP_WITH_ZONE(1354716370),NULL,'615fba8c2281d5bee891eb092a252d235c237457',TIMESTAMP_WITH_ZONE(1389977258),'rwxr-xr-x',NULL)
INSERT INTO FILEVERSION VALUES('d3911d16875137092ee349c1981bf2e0d0088e0c',1,43,'file44','FILE','NEW',1,TIMESTAMP_WITH_ZONE(1389540374),NULL,'897f9399aebb2b6163b8175b8e50c52b54aeda2d',TIMESTAMP_WITH_ZONE(1389540375),'rw-r--r--',NULL)
INSERT INTO FILEVERSION VALUES('e3b7ffba4e32b5e323d873308b41af4c0e0d5a90',1,20,'file21','FILE','NEW',1,TIMESTAMP_WITH_ZONE(1389540372),NULL,'d57a281360b0397e17fd449153eb58a47dd5b12c',TIMESTAMP_WITH_ZONE(1389540372),'rw-r--r--',NULL)
INSERT INTO CHUNK VALUES('d57a281360b0397e17fd449153eb58a47dd5b12c',20,1)
INSERT INTO FILEHISTORY VALUES('c1d301efb8216b3ce988babe894b67c78b564840',35)
INSERT INTO MULTICHUNK_CHUNK VALUES('51aaca5c1280b1cf95cff8a3266a6bb44b482ad4','b310c0eedcd03238888c6abb3e3398633139ecc5')
INSERT INTO FILECONTENT_CHUNK VALUES('ca632d28f91c1b8d638df71525fe22fd2473af10','ca632d28f91c1b8d638df71525fe22fd2473af10',0)
INSERT INTO FILECONTENT VALUES('0fefb345b62b6c0b0e5212158a9aa7c1eeec2ca6',4,12)
INSERT INTO MULTICHUNK_CHUNK VALUES('d4f621037414791f529c90dac1e898cdde128884','3cdf2936da2fc556bfa533ab1eb59ce710ac80e5')
INSERT INTO CHUNK VALUES('5e6f80a34a9798cafc6a5db96cc57ba4c4db59c2',36,1)
INSERT INTO MULTICHUNK_CHUNK VALUES('70a1f2813401ac1d04b384f64c5ec64bca4ce390','13cba177bcfad90e7b3de70616b2e54ba4bb107f')
INSERT INTO FILEHISTORY VALUES('7bab9d90dfff1b6666957fbc71abfe1eed486dca',8)
INSERT INTO CHUNK VALUES('77a55e8dd56f4428497116b91d4c0c3ba932425c',21,1)
INSERT INTO DATABASEVERSION VALUES(13,'MASTER',TIMESTAMP_WITH_ZONE(1389540371),'A','(A14)')
INSERT INTO MULTICHUNK VALUES('1395494917cc9d791ab94aa50493a903da89917e',21,123)
INSERT INTO CHUNK VALUES('897f9399aebb2b6163b8175b8e50c52b54aeda2d',43,1)
INSERT INTO FILECONTENT VALUES('ffffffffffffffffffffffffffffffffffffffff',5,1)
INSERT INTO MULTICHUNK_CHUNK VALUES('982e2a4d58cf9b18e71c335e0ba60596452a6c46','c7da1ff95a25c353f1319604703e8bfd287ee1a1')
INSERT INTO DATABASEVERSION VALUES(37,'MASTER',TIMESTAMP_WITH_ZONE(1389540374),'A','(A38)')
INSERT INTO FILECONTENT VALUES('a8abd012eb59b862bf9bc1ea443d2f35a1a2e222',12,1)
INSERT INTO FILEVERSION VALUES('c14d63367c87a89942fd10e232c4994c0b597b3a',1,30,'file31','FILE','NEW',1,TIMESTAMP_WITH_ZONE(1389540373),NULL,'13cba177bcfad90e7b3de70616b2e54ba4bb107f',TIMESTAMP_WITH_ZONE(1389540373),'rw-r--r--',NULL)
INSERT INTO FILEHISTORY VALUES('57cb37b1a498071e4c78b1c1d063bb711f97a782',10)
INSERT INTO FILEHISTORY VALUES('164e075abb25100b11e560096f04db812fe7a64f',48)
INSERT INTO FILEVERSION VALUES('79760615bfa27c8d4157bfebcc6bbf8c16aea0c0',2,10,'win32/win32/sphinx_pitch/sphinx_pitch.vcxproj.filters','FILE','DELETED',971,TIMESTAMP_WITH_ZONE(1354716370),NULL,'47dded182d31799267f12eb9864cdc11127b3352',TIMESTAMP_WITH_ZONE(1389977264),'rwxr-xr-x',NULL)
INSERT INTO FILEVERSION VALUES('ef899a7e46f11f0059b2de1fa983b212d812c8c2',1,9,'win32/win32','FOLDER','NEW',4096,TIMESTAMP_WITH_ZONE(1355422817),NULL,NULL,TIMESTAMP_WITH_ZONE(1389977264),'rwxr-xr-x',NULL)
INSERT INTO DATABASEVERSION VALUES(4,'MASTER',TIMESTAMP_WITH_ZONE(1388849289),'A','(A4)')
INSERT INTO FILEVERSION VALUES('de000d6b22e900d17ed9bc9ce7ea4bbffff95402',1,8,'win32/sphinx_jsgf2fsg','FOLDER','NEW',4096,TIMESTAMP_WITH_ZONE(1355422818),NULL,NULL,TIMESTAMP_WITH_ZONE(1389977258),'rwxr-xr-x',NULL)
INSERT INTO FILEHISTORY VALUES('e4002a26131100dbaf33545099dab23920a388e1',10)
select count(*) from fileversion
INSERT INTO FILEHISTORY VALUES('4a620b7126e1936bda7a2fe65e31d270ab009f32',49)
INSERT INTO FILEVERSION VALUES('d888ec3b1da2b4cb67abe584ebd0f72f06da63d0',1,7,'new (pheckel''s conflicted copy, 17 Jan 14, 5-47 PM).txt','FILE','NEW',512,TIMESTAMP_WITH_ZONE(1389977233),NULL,'eba69a8e359ce3258520138a50ed9860127ab6e0',TIMESTAMP_WITH_ZONE(1389977234),'rw-r--r--',NULL)
INSERT INTO FILEVERSION VALUES('ef899a7e46f11f0059b2de1fa983b212d812c8c2',2,10,'win32/win32','FOLDER','DELETED',4096,TIMESTAMP_WITH_ZONE(1355422817),NULL,NULL,TIMESTAMP_WITH_ZONE(1389977264),'rwxr-xr-x',NULL)
INSERT INTO FILECONTENT VALUES('a301a81d5a4f427d04791b89bfd7798eda6bd013',8,1191)
INSERT INTO DATABASEVERSION VALUES(27,'MASTER',TIMESTAMP_WITH_ZONE(1389540373),'A','(A28)')
INSERT INTO DATABASEVERSION VALUES(2,'MASTER',TIMESTAMP_WITH_ZONE(1389540369),'A','(A3)')
INSERT INTO DATABASEVERSION VALUES(46,'MASTER',TIMESTAMP_WITH_ZONE(1389540375),'A','(A47)')
INSERT INTO FILECONTENT VALUES('3c363836cf4e16666669a25da280a1865c2d2874',23,1)
INSERT INTO CHUNK VALUES('5f0b34374821423f69bf2231210245ccf0302df0',8,5508)
INSERT INTO MULTICHUNK_CHUNK VALUES('02b2c35b816adf3e576fb59a7902aef67c20ec74','5e6f80a34a9798cafc6a5db96cc57ba4c4db59c2')
INSERT INTO DATABASEVERSION VALUES(39,'MASTER',TIMESTAMP_WITH_ZONE(1389540374),'A','(A40)')
INSERT INTO MULTICHUNK_CHUNK VALUES('3db82df775355c29cdda03e1960ed65dc47e73fa','a8abd012eb59b862bf9bc1ea443d2f35a1a2e222')
INSERT INTO FILEHISTORY VALUES('7d62ec4c91a98333e2c87eb33a8276bc8c557249',32)
INSERT INTO MULTICHUNK_CHUNK VALUES('51aaca5c1280b1cf95cff8a3266a6bb44b482ad4','a7405a0bada0035ed52a1a44a4d381b78dc59d19')
INSERT INTO FILEHISTORY VALUES('64a7903d4e95bdea0c9daf62151dec968eb8276f',3)
INSERT INTO FILECONTENT VALUES('d07e4bc786c88b8d2304f84c7db2098666f822c0',31,1)
INSERT INTO MULTICHUNK_CHUNK VALUES('7e55738972e4820e914971b843fbe4af8447599c','c4ea21bb365bbeeaf5f2c654883e56d11e43c44e')
INSERT INTO FILECONTENT_CHUNK VALUES('30140397fe38ee61f01eff44b5cfa48285e47889','30140397fe38ee61f01eff44b5cfa48285e47889',0)
INSERT INTO CHUNK VALUES('f15eace568ea3c324ecd3d01b67e692bbf8a2f1b',8,14173)
INSERT INTO MULTICHUNK VALUES('17a42ce1d17ed0c6fa1792de6e585e5f36fcdce5',47,123)
INSERT INTO CHUNK VALUES('e2415cb7f63df0c9de23362326ad3c37a9adfc96',32,1)
INSERT INTO FILECONTENT_CHUNK VALUES('38a18897e94a901b833e750e8604d9616a02ca84','38a18897e94a901b833e750e8604d9616a02ca84',0)
INSERT INTO MULTICHUNK VALUES('0d79eed3fd8ac866b5872ea3f3f079c46dd15ac9',7,11)
INSERT INTO FILEHISTORY VALUES('dcf3510b596a261f7999e3c1b6091f0060cd6f3f',9)
INSERT INTO CHUNK VALUES('13cba177bcfad90e7b3de70616b2e54ba4bb107f',30,1)
INSERT INTO FILEVERSION VALUES('0ec97a4a65996b09c136f4f8def321926499f77a',1,38,'file39','FILE','NEW',1,TIMESTAMP_WITH_ZONE(1389540374),NULL,'655f2b71ddfafbcbd5af517f02eb9386a2a7a2a1',TIMESTAMP_WITH_ZONE(1389540374),'rw-r--r--',NULL)
INSERT INTO FILEVERSION VALUES('de000d6b22e900d17ed9bc9ce7ea4bbffff95402',2,10,'win32/sphinx_jsgf2fsg','FOLDER','DELETED',4096,TIMESTAMP_WITH_ZONE(1355422818),NULL,NULL,TIMESTAMP_WITH_ZONE(1389977258),'rwxr-xr-x',NULL)
INSERT INTO FILECONTENT VALUES('fe83f217d464f6fdfa5b2b1f87fe3a1a47371196',0,1)
INSERT INTO FILEHISTORY VALUES('6bf76d301a078ac240badafcd9c018e332bdfa6a',8)
select version from fileversion
select vectorclock_serialized from databaseversion order by id
INSERT INTO CHUNK VALUES('0fecbac8ac8a5f8b7aa12b2741a4ef5db88c5dea',8,5301)
INSERT INTO DATABASEVERSION VALUES(1,'MASTER',TIMESTAMP_WITH_ZONE(1389977199),'A','(A2)')
INSERT INTO MULTICHUNK VALUES('64b04e5ed2f5470d39deec00c29c16102fcc9281',10,123)
INSERT INTO FILECONTENT_CHUNK VALUES('fe83f217d464f6fdfa5b2b1f87fe3a1a47371196','fe83f217d464f6fdfa5b2b1f87fe3a1a47371196',0)
INSERT INTO CHUNK VALUES('9974b55a79994b4bfe007983539ca21b2679ba35',8,976)
INSERT INTO FILEVERSION VALUES('ed53e1643e3d57cd609624203d0a356c3c574a61',2,10,'win32/win32/sphinx_lm_convert/sphinx_lm_convert.vcxproj','FILE','DELETED',5508,TIMESTAMP_WITH_ZONE(1354716370),NULL,'5f0b34374821423f69bf2231210245ccf0302df0',TIMESTAMP_WITH_ZONE(1389977264),'rwxr-xr-x',NULL)
INSERT INTO CHUNK VALUES('a42c6cf1de3abfdea9b95f34687cbbe92b9a7383',42,1)
INSERT INTO CHUNK VALUES('d50591ff745cc83091f4ee12b2ee702cb24b0b45',39,1)
INSERT INTO FILEVERSION VALUES('699f02963d645125ce3990e76f722533be85068a',1,12,'file13','FILE','NEW',1,TIMESTAMP_WITH_ZONE(1389540371),NULL,'a8abd012eb59b862bf9bc1ea443d2f35a1a2e222',TIMESTAMP_WITH_ZONE(1389540371),'rw-r--r--',NULL)
INSERT INTO FILECONTENT VALUES('bf8b4530d8d246dd74ac53a13471bba17941dff7',16,1)
INSERT INTO CHUNK VALUES('a0f1490a20d0211c997b44bc357e1972deab8ae3',25,1)
INSERT INTO FILEVERSION VALUES('5c366b2ffa9fb3f0eac06b91a977276dfbba9d2b',1,9,'win32/win32/sphinxbase','FOLDER','NEW',4096,TIMESTAMP_WITH_ZONE(1355422818),NULL,NULL,TIMESTAMP_WITH_ZONE(1389977264),'rwxr-xr-x',NULL)
INSERT INTO FILEHISTORY VALUES('4f9408f6488f70ba5fe97655c0263185575e8418',37)
INSERT INTO FILECONTENT VALUES('615fba8c2281d5bee891eb092a252d235c237457',8,8387)
select count(*) from databaseversion where status='DIRTY'", "0
INSERT INTO FILECONTENT VALUES('b753d636f6ee46bb9242d01ff8b61f715e9a88c3',14,1)
INSERT INTO FILEHISTORY VALUES('5c366b2ffa9fb3f0eac06b91a977276dfbba9d2b',10)
INSERT INTO FILECONTENT_CHUNK VALUES('42099b4af021e53fd8fd4e056c2568d7c2e3ffa8','42099b4af021e53fd8fd4e056c2568d7c2e3ffa8',0)
INSERT INTO FILEHISTORY VALUES('e4002a26131100dbaf33545099dab23920a388e1',8)
INSERT INTO MULTICHUNK VALUES('ac1d89b3f57349edc6fe29f9bef1b0aeadf499a8',0,123)
INSERT INTO FILECONTENT VALUES('1b6453892473a467d07372d45eb05abc2031647a',18,1)
INSERT INTO FILECONTENT_CHUNK VALUES('953efe8f531a5a87f6d2d5a65b78b05e55599abc','953efe8f531a5a87f6d2d5a65b78b05e55599abc',0)
INSERT INTO MULTICHUNK VALUES('7e55738972e4820e914971b843fbe4af8447599c',24,123)
INSERT INTO FILEVERSION VALUES('7bab9d90dfff1b6666957fbc71abfe1eed486dca',1,8,'win32/sphinx_pitch','FOLDER','NEW',4096,TIMESTAMP_WITH_ZONE(1355422818),NULL,NULL,TIMESTAMP_WITH_ZONE(1389977258),'rwxr-xr-x',NULL)
INSERT INTO DATABASEVERSION VALUES(8,'MASTER',TIMESTAMP_WITH_ZONE(1389540370),'A','(A9)')
INSERT INTO DATABASEVERSION VALUES(7,'MASTER',TIMESTAMP_WITH_ZONE(1389977234),'A','(A7,B1)')
INSERT INTO FILEVERSION VALUES('a40c7b769da3207e9437b76a8845cf3b19f1713b',1,8,'win32/sphinx_pitch/sphinx_pitch.vcxproj.filters','FILE','NEW',971,TIMESTAMP_WITH_ZONE(1354716370),NULL,'47dded182d31799267f12eb9864cdc11127b3352',TIMESTAMP_WITH_ZONE(1389977258),'rwxr-xr-x',NULL)
INSERT INTO DATABASEVERSION VALUES(19,'MASTER',TIMESTAMP_WITH_ZONE(1389540372),'A','(A20)')
INSERT INTO CHUNK VALUES('953efe8f531a5a87f6d2d5a65b78b05e55599abc',41,1)
INSERT INTO DATABASEVERSION_VECTORCLOCK VALUES(23,'A',24)
INSERT INTO MULTICHUNK_CHUNK VALUES('c662c6a6f275459d9f00892fe23999e24f9d2c17','897f9399aebb2b6163b8175b8e50c52b54aeda2d')
INSERT INTO MULTICHUNK_CHUNK VALUES('9302d8b104023627f655fa7745927fdeb3df674b','24a39e00d6156804e27f7c0987d00903da8e6682')
INSERT INTO CHUNK VALUES('42099b4af021e53fd8fd4e056c2568d7c2e3ffa8',9,1)
select count(*) from chunk where checksum='" + fileAndChunkChecksumThatRaisesException + "'
INSERT INTO DATABASEVERSION_VECTORCLOCK VALUES(21,'A',22)
INSERT INTO MULTICHUNK VALUES('ac1d89b3f57349edc6fe29f9bef1b0aeadf499a8',0,11)
INSERT INTO FILEVERSION VALUES('190259bae46f8f16a47e0d0d9482f867cf42e6ff',1,19,'file20','FILE','NEW',1,TIMESTAMP_WITH_ZONE(1389540372),NULL,'53a0acfad59379b3e050338bf9f23cfc172ee787',TIMESTAMP_WITH_ZONE(1389540372),'rw-r--r--',NULL)
INSERT INTO FILEVERSION VALUES('f05594af97abcb739a2f234764545a49069c90c4',1,8,'file9','FILE','NEW',1,TIMESTAMP_WITH_ZONE(1389540370),NULL,'8bf7b464aaa2c2b536aa1d76a1297c19155f5603',TIMESTAMP_WITH_ZONE(1389540370),'rw-r--r--',NULL)
INSERT INTO FILEVERSION VALUES('851c441915478a539a5bab2b263ffa4cc48e282f',1,0,'file1','FILE','NEW',1,TIMESTAMP_WITH_ZONE(1388589967),NULL,'fe83f217d464f6fdfa5b2b1f87fe3a1a47371196',TIMESTAMP_WITH_ZONE(1388589968),'rw-r--r--',NULL)
INSERT INTO CHUNK VALUES('ffffffffffffffffffffffffffffffffffffffff',5,1)
INSERT INTO FILEVERSION VALUES('d36afbc19f334d21782cfcd8ff3c126da674dbea',2,10,'win32/win32/sphinx_jsgf2fsg','FOLDER','DELETED',4096,TIMESTAMP_WITH_ZONE(1355422818),NULL,NULL,TIMESTAMP_WITH_ZONE(1389977264),'rwxr-xr-x',NULL)
INSERT INTO FILECONTENT VALUES('bf8b4530d8d246dd74ac53a13471bba17941dff7',1,1)
INSERT INTO FILECONTENT VALUES('7666fd3b860c9d7588d9ca1807eebdf8cfaa8be3',6,2029)
INSERT INTO FILEVERSION VALUES('50ea0bd8a65f87c5d23756387a195ad921a2f81d',1,9,'win32/win32/sphinx_cepview/sphinx_cepview.vcxproj.filters','FILE','NEW',931,TIMESTAMP_WITH_ZONE(1354716370),NULL,'38a18897e94a901b833e750e8604d9616a02ca84',TIMESTAMP_WITH_ZONE(1389977264),'rwxr-xr-x',NULL)
INSERT INTO CHUNK VALUES('0fefb345b62b6c0b0e5212158a9aa7c1eeec2ca6',4,12)
INSERT INTO CHUNK VALUES('8ce24fc0ea8e685eb23bf6346713ad9fef920425',2,1)
update fileversion set updated = ?  where version = ?
INSERT INTO FILECONTENT VALUES('953efe8f531a5a87f6d2d5a65b78b05e55599abc',41,1)
INSERT INTO FILEHISTORY VALUES('9ebc88b6119494f0f2c8fa7dde519d7cf74960ff',9)
INSERT INTO FILECONTENT VALUES('b0223d9770a5c0d7e22ac3d2706c4c9858cf42a9',8,8283)
select count(*) from filecontent
INSERT INTO FILECONTENT VALUES('5f0b34374821423f69bf2231210245ccf0302df0',8,5508)
INSERT INTO FILEHISTORY VALUES('a1524f0fee5e91958a44f78f682d9dce4809fb22',45)
CREATE INDEX idx_fileversion_filecontent_checksum ON fileversion (filecontent_checksum);
INSERT INTO FILEHISTORY VALUES('5bfe3505ddea4b7f46413c264416019c687c9bc4',10)
INSERT INTO DATABASEVERSION_VECTORCLOCK VALUES(37,'A',38)
INSERT INTO FILEHISTORY VALUES('b16b0675c14b624a2b2bac03e37046984142e7f1',13)
INSERT INTO FILEVERSION VALUES('79760615bfa27c8d4157bfebcc6bbf8c16aea0c0',1,9,'win32/win32/sphinx_pitch/sphinx_pitch.vcxproj.filters','FILE','NEW',971,TIMESTAMP_WITH_ZONE(1354716370),NULL,'47dded182d31799267f12eb9864cdc11127b3352',TIMESTAMP_WITH_ZONE(1389977264),'rwxr-xr-x',NULL)
INSERT INTO FILEHISTORY VALUES('58dedd8608560740dbc6eccf3ebec80b680658e7',8)
INSERT INTO FILECONTENT VALUES('0fecbac8ac8a5f8b7aa12b2741a4ef5db88c5dea',8,5301)
INSERT INTO FILEHISTORY VALUES('e25c4819d46dc318345617d279b40c7a72fecb10',10)
INSERT INTO KNOWN_DATABASES VALUES(1,'B',2)
INSERT INTO DATABASEVERSION VALUES(15,'MASTER',TIMESTAMP_WITH_ZONE(1389540371),'A','(A16)')
INSERT INTO FILEVERSION VALUES('86a3ae57281cb06a99e1617d4be8dc6dc95da04f',1,46,'file47','FILE','NEW',1,TIMESTAMP_WITH_ZONE(1389540375),NULL,'3cdf2936da2fc556bfa533ab1eb59ce710ac80e5',TIMESTAMP_WITH_ZONE(1389540375),'rw-r--r--',NULL)
INSERT INTO FILEVERSION VALUES('c3d492400fde364dab8b871c8bcb5f6dffe9548a',2,10,'win32/win32/sphinx_jsgf2fsg/sphinx_jsgf2fsg.vcxproj','FILE','DELETED',5234,TIMESTAMP_WITH_ZONE(1354716370),NULL,'5abe80d7dd96369a3e53993cd69279400ec740bd',TIMESTAMP_WITH_ZONE(1389977264),'rwxr-xr-x',NULL)
INSERT INTO FILEHISTORY VALUES('c57758072ec7819ae9d40c340378b4c778c4e371',8)
INSERT INTO FILECONTENT VALUES('254416e71ae50431fc6ced6751075b3366db7cc8',8,37944)
INSERT INTO FILEVERSION VALUES('1c491be25eefe25adf944298b96a2b8866c83402',2,10,'win32/win32/sphinx_fe/sphinx_fe.vcxproj','FILE','DELETED',8387,TIMESTAMP_WITH_ZONE(1354716370),NULL,'615fba8c2281d5bee891eb092a252d235c237457',TIMESTAMP_WITH_ZONE(1389977264),'rwxr-xr-x',NULL)
INSERT INTO MULTICHUNK_CHUNK VALUES('fcc1cc3c0e01b083c5d89a2df2b84c03708eb4cf','655f2b71ddfafbcbd5af517f02eb9386a2a7a2a1')
INSERT INTO FILECONTENT_CHUNK VALUES('d57a281360b0397e17fd449153eb58a47dd5b12c','d57a281360b0397e17fd449153eb58a47dd5b12c',0)
INSERT INTO FILEHISTORY VALUES('038642daee34a60cfb71850301f177b9be45ccf7',9)
INSERT INTO MULTICHUNK_CHUNK VALUES('e5c62378c7c4d99a84a186a41034c3dbf9a3ad7b','bf8b4530d8d246dd74ac53a13471bba17941dff7')
INSERT INTO FILEHISTORY VALUES('e25c4819d46dc318345617d279b40c7a72fecb10',9)
INSERT INTO MULTICHUNK_CHUNK VALUES('471f7547363d8bf95e28b96f2ae50947bcbc1c33','42099b4af021e53fd8fd4e056c2568d7c2e3ffa8')
INSERT INTO FILEVERSION VALUES('e2170d9325707df6ff1593babcaebe3d8f54cdfa',1,34,'file35','FILE','NEW',1,TIMESTAMP_WITH_ZONE(1389540373),NULL,'c4488af0c158e8c2832cb927cfb3ce534104cd1e',TIMESTAMP_WITH_ZONE(1389540373),'rw-r--r--',NULL)
INSERT INTO MULTICHUNK_CHUNK VALUES('bf352d3f44054603b11c3a308cc794d182504557','1216aa524aef75e75aa9214fb78ad1ac3ba1e34b')
INSERT INTO MULTICHUNK VALUES('f317f8de4248c39b929907a856fec349e3663d2e',41,123)
INSERT INTO DATABASEVERSION_VECTORCLOCK VALUES(32,'A',33)
INSERT INTO FILEHISTORY VALUES('1e8818c19608fb302aebc2441e2301fdeaa3fa56',8)
INSERT INTO FILECONTENT VALUES('ca632d28f91c1b8d638df71525fe22fd2473af10',49,1)
INSERT INTO FILEHISTORY VALUES('fdf1a5d9e42f1709a7ad79056588026407d1ff4f',9)
INSERT INTO FILECONTENT VALUES('f11d1c80a3eeec16ed6079a52005d446886c3a4f',3,1)
select count(*) from databaseversion where status<>'DIRTY'
INSERT INTO CHUNK VALUES('24a39e00d6156804e27f7c0987d00903da8e6682',5,508)
INSERT INTO FILEHISTORY VALUES('038642daee34a60cfb71850301f177b9be45ccf7',10)
INSERT INTO DATABASEVERSION VALUES(9,'MASTER',TIMESTAMP_WITH_ZONE(1389977264),'B','(A7,B3)')
INSERT INTO FILEHISTORY VALUES('11c922a90efc89168e70bfa164979926f42a5502',9)
select vectorclock_serialized from databaseversion where status='DIRTY' order by id
INSERT INTO FILEHISTORY VALUES('77dcbee8eb9aff78515352b32a05e1f1e4423914',0)
INSERT INTO CHUNK VALUES('c4ea21bb365bbeeaf5f2c654883e56d11e43c44e',24,1)
INSERT INTO FILEHISTORY VALUES('b255a5575dc35915ef1dbb593962c20b32f08505',17)
INSERT INTO DATABASEVERSION VALUES(0,'MASTER',TIMESTAMP_WITH_ZONE(1389977166),'A','(A1)')
INSERT INTO DATABASEVERSION_VECTORCLOCK VALUES(7,'A',7)
INSERT INTO FILEHISTORY VALUES('4e0d277d1723d5163df04cae7af91d7c0690d811',6)
INSERT INTO DATABASEVERSION VALUES(2,'MASTER',TIMESTAMP_WITH_ZONE(1388762769),'A','(A3)')
INSERT INTO DATABASEVERSION_VECTORCLOCK VALUES(8,'A',9)
CREATE INDEX idx_databaseversion_status ON databaseversion (status);
INSERT INTO DATABASEVERSION VALUES(35,'MASTER',TIMESTAMP_WITH_ZONE(1389540374),'A','(A36)')
INSERT INTO CHUNK VALUES('c4488af0c158e8c2832cb927cfb3ce534104cd1e',34,1)
INSERT INTO MULTICHUNK_CHUNK VALUES('51aaca5c1280b1cf95cff8a3266a6bb44b482ad4','47dded182d31799267f12eb9864cdc11127b3352')
INSERT INTO FILECONTENT VALUES('c7da1ff95a25c353f1319604703e8bfd287ee1a1',29,1)
select count(*) from multichunk_chunk
INSERT INTO FILEHISTORY VALUES('bf8bccb7e0112da8536da80390da18700a08f504',8)
INSERT INTO FILECONTENT_CHUNK VALUES('53a0acfad59379b3e050338bf9f23cfc172ee787','53a0acfad59379b3e050338bf9f23cfc172ee787',0)
INSERT INTO DATABASEVERSION VALUES(23,'MASTER',TIMESTAMP_WITH_ZONE(1389540372),'A','(A24)')
INSERT INTO DATABASEVERSION VALUES(24,'MASTER',TIMESTAMP_WITH_ZONE(1389540372),'A','(A25)')
INSERT INTO FILECONTENT_CHUNK VALUES('beefbeefbeefbeefbeefbeefbeefbeefbeefbeef','beefbeefbeefbeefbeefbeefbeefbeefbeefbeef',0)
INSERT INTO MULTICHUNK_CHUNK VALUES('17a42ce1d17ed0c6fa1792de6e585e5f36fcdce5','30140397fe38ee61f01eff44b5cfa48285e47889')
INSERT INTO MULTICHUNK_CHUNK VALUES('51aaca5c1280b1cf95cff8a3266a6bb44b482ad4','b0223d9770a5c0d7e22ac3d2706c4c9858cf42a9')
INSERT INTO FILEHISTORY VALUES('de000d6b22e900d17ed9bc9ce7ea4bbffff95402',8)
INSERT INTO FILEVERSION VALUES('4a620b7126e1936bda7a2fe65e31d270ab009f32',1,49,'file50','FILE','NEW',1,TIMESTAMP_WITH_ZONE(1389540375),NULL,'ca632d28f91c1b8d638df71525fe22fd2473af10',TIMESTAMP_WITH_ZONE(1389540375),'rw-r--r--',NULL)
INSERT INTO CHUNK VALUES('c7da1ff95a25c353f1319604703e8bfd287ee1a1',29,1)
INSERT INTO FILEVERSION VALUES('a763ae8ea07ac56cad1e3f5cb040a09a634c65b6',4,6,'new.txt','FILE','CHANGED',2029,TIMESTAMP_WITH_ZONE(1389977231),NULL,'7666fd3b860c9d7588d9ca1807eebdf8cfaa8be3',TIMESTAMP_WITH_ZONE(1389977233),'rw-r--r--',NULL)
INSERT INTO FILECONTENT_CHUNK VALUES('d160e0986aca4714714a16f29ec605af90be704d','d160e0986aca4714714a16f29ec605af90be704d',0)
INSERT INTO DATABASEVERSION VALUES(3,'DIRTY',TIMESTAMP_WITH_ZONE(1388849289),'B','(B1)')
INSERT INTO FILEVERSION VALUES('09cac14496a74a2fb10f993904aa4724cb87a78a',1,22,'file23','FILE','NEW',1,TIMESTAMP_WITH_ZONE(1389540372),NULL,'f5efcd994fca895f644b0ccc362aba5d6f4ae0c6',TIMESTAMP_WITH_ZONE(1389540372),'rw-r--r--',NULL)
select vectorclock_serialized from databaseversion
INSERT INTO FILECONTENT_CHUNK VALUES('d07e4bc786c88b8d2304f84c7db2098666f822c0','d07e4bc786c88b8d2304f84c7db2098666f822c0',0)
INSERT INTO FILECONTENT VALUES('8ce24fc0ea8e685eb23bf6346713ad9fef920425',2,1)
INSERT INTO DATABASEVERSION VALUES(49,'MASTER',TIMESTAMP_WITH_ZONE(1389540375),'A','(A50)')
select filehistory_id from fileversion where path='folder/subfolder/A-original'
INSERT INTO FILECONTENT VALUES('320355ced694aa69924f6bb82e7b74f420303fd9',28,1)
INSERT INTO DATABASEVERSION VALUES(8,'MASTER',TIMESTAMP_WITH_ZONE(1389977258),'B','(A7,B2)')
CREATE INDEX idx_databaseversion_vectorclock_serialized ON databaseversion (vectorclock_serialized);
INSERT INTO FILECONTENT VALUES('c4488af0c158e8c2832cb927cfb3ce534104cd1e',34,1)
INSERT INTO FILECONTENT VALUES('19da91f2603889267dfd77786e07a5b8f067d62a',35,1)
INSERT INTO MULTICHUNK VALUES('02b2c35b816adf3e576fb59a7902aef67c20ec74',36,123)
INSERT INTO DATABASEVERSION VALUES(33,'MASTER',TIMESTAMP_WITH_ZONE(1389540373),'A','(A34)')
INSERT INTO MULTICHUNK VALUES('c94b142fe607db41ee831e3754d0125376764b1f',4,123)
INSERT INTO DATABASEVERSION VALUES(31,'MASTER',TIMESTAMP_WITH_ZONE(1389540373),'A','(A32)')
INSERT INTO FILECONTENT VALUES('53a0acfad59379b3e050338bf9f23cfc172ee787',19,1)
INSERT INTO FILEHISTORY VALUES('190259bae46f8f16a47e0d0d9482f867cf42e6ff',19)
INSERT INTO FILEHISTORY VALUES('6ed43f1018f22fa0552f74ecd0bfc27643aebd45',40)
INSERT INTO FILECONTENT_CHUNK VALUES('ab461f6b8a6842a473257a2561c1fbdf91bdfe77','ab461f6b8a6842a473257a2561c1fbdf91bdfe77',0)
INSERT INTO FILEVERSION VALUES('96820ff4b86e12b35bc5f2156feb72c328d9e9da',1,18,'file19','FILE','NEW',1,TIMESTAMP_WITH_ZONE(1389540372),NULL,'1b6453892473a467d07372d45eb05abc2031647a',TIMESTAMP_WITH_ZONE(1389540372),'rw-r--r--',NULL)
INSERT INTO DATABASEVERSION_VECTORCLOCK VALUES(43,'A',44)
INSERT INTO MULTICHUNK VALUES('5bcb3066282d03e34784d08a5f29591acfabe9f7',42,123)
INSERT INTO FILEHISTORY VALUES('50ea0bd8a65f87c5d23756387a195ad921a2f81d',9)
INSERT INTO FILEVERSION VALUES('c57758072ec7819ae9d40c340378b4c778c4e371',1,8,'win32/sphinx_cepview/sphinx_cepview.vcxproj.filters','FILE','NEW',931,TIMESTAMP_WITH_ZONE(1354716370),NULL,'38a18897e94a901b833e750e8604d9616a02ca84',TIMESTAMP_WITH_ZONE(1389977258),'rwxr-xr-x',NULL)
INSERT INTO FILECONTENT VALUES('d160e0986aca4714714a16f29ec605af90be704d',33,1)
INSERT INTO FILEHISTORY VALUES('851c441915478a539a5bab2b263ffa4cc48e282f',0)
INSERT INTO MULTICHUNK_CHUNK VALUES('6830fe9466f9cf44f13396affed82d53135d8767','b753d636f6ee46bb9242d01ff8b61f715e9a88c3')
INSERT INTO FILEHISTORY VALUES('a763ae8ea07ac56cad1e3f5cb040a09a634c65b6',3)
INSERT INTO FILECONTENT_CHUNK VALUES('10687feb9716c9502d9a40fdfe3bb339055c8651','10687feb9716c9502d9a40fdfe3bb339055c8651',0)
INSERT INTO DATABASEVERSION_VECTORCLOCK VALUES(29,'A',30)
INSERT INTO DATABASEVERSION VALUES(5,'MASTER',TIMESTAMP_WITH_ZONE(1389540369),'A','(A6)')
INSERT INTO DATABASEVERSION_VECTORCLOCK VALUES(34,'A',35)
select client, filenumber from known_databases order by client, filenumber
INSERT INTO FILEVERSION VALUES('7d62ec4c91a98333e2c87eb33a8276bc8c557249',1,32,'file33','FILE','NEW',1,TIMESTAMP_WITH_ZONE(1389540373),NULL,'e2415cb7f63df0c9de23362326ad3c37a9adfc96',TIMESTAMP_WITH_ZONE(1389540373),'rw-r--r--',NULL)
INSERT INTO FILEVERSION VALUES('ee927b16af5058e87a0995296c2bb8f8ca05dbe0',1,31,'file32','FILE','NEW',1,TIMESTAMP_WITH_ZONE(1389540373),NULL,'d07e4bc786c88b8d2304f84c7db2098666f822c0',TIMESTAMP_WITH_ZONE(1389540373),'rw-r--r--',NULL)
INSERT INTO FILEHISTORY VALUES('9ebc88b6119494f0f2c8fa7dde519d7cf74960ff',10)
INSERT INTO FILEVERSION VALUES('6bf76d301a078ac240badafcd9c018e332bdfa6a',2,10,'win32/sphinx_lm_convert','FOLDER','DELETED',4096,TIMESTAMP_WITH_ZONE(1355422818),NULL,NULL,TIMESTAMP_WITH_ZONE(1389977258),'rwxr-xr-x',NULL)
INSERT INTO FILEVERSION VALUES('d0c0111139fc89d340f6f797ac17597d923547c5',1,9,'win32/win32/sphinx_lm_convert','FOLDER','NEW',4096,TIMESTAMP_WITH_ZONE(1355422818),NULL,NULL,TIMESTAMP_WITH_ZONE(1389977264),'rwxr-xr-x',NULL)
INSERT INTO FILEHISTORY VALUES('86a3ae57281cb06a99e1617d4be8dc6dc95da04f',46)
INSERT INTO FILECONTENT_CHUNK VALUES('8ce24fc0ea8e685eb23bf6346713ad9fef920425','8ce24fc0ea8e685eb23bf6346713ad9fef920425',0)
INSERT INTO MULTICHUNK_CHUNK VALUES('303cd52a163d2e743445e9ef2d60fe3052b2963a','8bf7b464aaa2c2b536aa1d76a1297c19155f5603')
INSERT INTO CHUNK VALUES('a301a81d5a4f427d04791b89bfd7798eda6bd013',8,1191)
INSERT INTO FILEVERSION VALUES('5bfe3505ddea4b7f46413c264416019c687c9bc4',2,10,'win32/sphinx_cepview/sphinx_cepview.vcxproj','FILE','DELETED',8283,TIMESTAMP_WITH_ZONE(1354716370),NULL,'b0223d9770a5c0d7e22ac3d2706c4c9858cf42a9',TIMESTAMP_WITH_ZONE(1389977258),'rwxr-xr-x',NULL)
INSERT INTO MULTICHUNK VALUES('c45414a5c8cc3a1cc4bd37c68d129da63ae1f4d0',32,123)
INSERT INTO DATABASEVERSION_VECTORCLOCK VALUES(27,'A',28)
INSERT INTO MULTICHUNK VALUES('e5c62378c7c4d99a84a186a41034c3dbf9a3ad7b',16,123)
select vectorclock_serialized from databaseversion where status<>'DIRTY' order by id
INSERT INTO DATABASEVERSION_VECTORCLOCK VALUES(1,'A',2)
INSERT INTO FILEVERSION VALUES('851c441915478a539a5bab2b263ffa4cc48e282f',2,3,'file1','FILE','CHANGED',1,TIMESTAMP_WITH_ZONE(1388849287),NULL,'fe83f217d464f6fdfa5b2b1f87fe3a1a47371196',TIMESTAMP_WITH_ZONE(1388849168),'rwxrw-r--',NULL)
INSERT INTO CHUNK VALUES('bf8b4530d8d246dd74ac53a13471bba17941dff7',1,1)
INSERT INTO FILEHISTORY VALUES('92a0482a73d8ce2c560b1044a94f6e5868d5ed45',10)
INSERT INTO FILEVERSION VALUES('5990dab1b843345d586e536f3d0731691cbf8585',1,8,'win32/sphinx_fe','FOLDER','NEW',4096,TIMESTAMP_WITH_ZONE(1355422818),NULL,NULL,TIMESTAMP_WITH_ZONE(1389977258),'rwxr-xr-x',NULL)
INSERT INTO FILECONTENT_CHUNK VALUES('1216aa524aef75e75aa9214fb78ad1ac3ba1e34b','1216aa524aef75e75aa9214fb78ad1ac3ba1e34b',0)
INSERT INTO FILECONTENT VALUES('c4ea21bb365bbeeaf5f2c654883e56d11e43c44e',24,1)
INSERT INTO DATABASEVERSION_VECTORCLOCK VALUES(5,'A',5)
INSERT INTO FILEHISTORY VALUES('33f4f1877e11f34fcf52ec81051c63ff79b096f9',5)
INSERT INTO MULTICHUNK VALUES('db4a0c92614fc0d76bd8fc426b0647e5e31b44b4',23,123)
select sum(version) from fileversion where path='otherfile.txt'
INSERT INTO DATABASEVERSION VALUES(44,'MASTER',TIMESTAMP_WITH_ZONE(1389540375),'A','(A45)')
INSERT INTO FILEHISTORY VALUES('ee3c277898c1dec8f38a12f783427e0c785ff071',8)
INSERT INTO DATABASEVERSION VALUES(26,'MASTER',TIMESTAMP_WITH_ZONE(1389540373),'A','(A27)')
INSERT INTO FILECONTENT_CHUNK VALUES('a301a81d5a4f427d04791b89bfd7798eda6bd013','a301a81d5a4f427d04791b89bfd7798eda6bd013',0)
INSERT INTO CHUNK VALUES('1b6453892473a467d07372d45eb05abc2031647a',18,1)
INSERT INTO FILEHISTORY VALUES('a455aa30b9b68ddf96b8e5df3e48fc70671d213a',28)
INSERT INTO MULTICHUNK_CHUNK VALUES('5bcb3066282d03e34784d08a5f29591acfabe9f7','a42c6cf1de3abfdea9b95f34687cbbe92b9a7383')
INSERT INTO FILECONTENT VALUES('38a18897e94a901b833e750e8604d9616a02ca84',8,931)
INSERT INTO MULTICHUNK_CHUNK VALUES('a24411db2bdb3334547b489d7d6f9a2ac1a8543d','1b6453892473a467d07372d45eb05abc2031647a')
INSERT INTO DATABASEVERSION_VECTORCLOCK VALUES(10,'A',11)
INSERT INTO FILEHISTORY VALUES('a40c7b769da3207e9437b76a8845cf3b19f1713b',10)
INSERT INTO FILECONTENT VALUES('30140397fe38ee61f01eff44b5cfa48285e47889',47,1)
INSERT INTO FILEVERSION VALUES('851c441915478a539a5bab2b263ffa4cc48e282f',1,0,'file1','FILE','NEW',1,TIMESTAMP_WITH_ZONE(1389540367),NULL,'fe83f217d464f6fdfa5b2b1f87fe3a1a47371196',TIMESTAMP_WITH_ZONE(1389540368),'rw-r--r--',NULL)
INSERT INTO FILEHISTORY VALUES('a37ed0d791269d8f512d991afbb870cd56711ff4',3)
INSERT INTO CHUNK VALUES('f5efcd994fca895f644b0ccc362aba5d6f4ae0c6',4,1)
INSERT INTO FILEVERSION VALUES('6b7353a71a708ce47d2017af85d307052d5e98ec',2,10,'win32/sphinx_pitch/sphinx_pitch.vcxproj','FILE','DELETED',5301,TIMESTAMP_WITH_ZONE(1354716370),NULL,'0fecbac8ac8a5f8b7aa12b2741a4ef5db88c5dea',TIMESTAMP_WITH_ZONE(1389977258),'rwxr-xr-x',NULL)
INSERT INTO FILEVERSION VALUES('77dcbee8eb9aff78515352b32a05e1f1e4423914',1,0,'Untitled Folder','FOLDER','NEW',4096,TIMESTAMP_WITH_ZONE(1389977163),NULL,NULL,TIMESTAMP_WITH_ZONE(1389977166),'rwxr-xr-x',NULL)
INSERT INTO DATABASEVERSION VALUES(11,'MASTER',TIMESTAMP_WITH_ZONE(1389540371),'A','(A12)')
INSERT INTO FILEHISTORY VALUES('d0422912de116ca867eaab65c64c3d79e4c72bc0',16)
INSERT INTO FILEVERSION VALUES('bde6dc0d38ade4b9f8938e109be58b61ad7e35b7',1,47,'file48','FILE','NEW',1,TIMESTAMP_WITH_ZONE(1389540375),NULL,'30140397fe38ee61f01eff44b5cfa48285e47889',TIMESTAMP_WITH_ZONE(1389540375),'rw-r--r--',NULL)
INSERT INTO MULTICHUNK VALUES('fcc1cc3c0e01b083c5d89a2df2b84c03708eb4cf',38,123)
INSERT INTO FILEHISTORY VALUES('d6831c7bea0b9aff37b1aeae145d2e334134eaf5',23)
INSERT INTO FILEVERSION VALUES('e25c4819d46dc318345617d279b40c7a72fecb10',1,9,'win32/win32/sphinx_pitch/sphinx_pitch.vcxproj','FILE','NEW',5301,TIMESTAMP_WITH_ZONE(1354716370),NULL,'0fecbac8ac8a5f8b7aa12b2741a4ef5db88c5dea',TIMESTAMP_WITH_ZONE(1389977264),'rwxr-xr-x',NULL)
INSERT INTO FILEHISTORY VALUES('7b0b68878181ef87ac8c8ec15755fb72232597fb',24)
INSERT INTO FILEVERSION VALUES('4f9408f6488f70ba5fe97655c0263185575e8418',1,37,'file38','FILE','NEW',1,TIMESTAMP_WITH_ZONE(1389540374),NULL,'1b6453892473a467d07372d45eb05abc2031647a',TIMESTAMP_WITH_ZONE(1389540374),'rw-r--r--',NULL)
INSERT INTO FILEVERSION VALUES('9ebc88b6119494f0f2c8fa7dde519d7cf74960ff',2,10,'win32/win32/sphinx_cepview/sphinx_cepview.vcxproj','FILE','DELETED',8283,TIMESTAMP_WITH_ZONE(1354716370),NULL,'b0223d9770a5c0d7e22ac3d2706c4c9858cf42a9',TIMESTAMP_WITH_ZONE(1389977264),'rwxr-xr-x',NULL)
INSERT INTO FILEHISTORY VALUES('abcdeffaaaaaaaaaaaaaaaaaaaaaaaaaaaaaaaaa',5)
INSERT INTO FILECONTENT_CHUNK VALUES('615fba8c2281d5bee891eb092a252d235c237457','615fba8c2281d5bee891eb092a252d235c237457',0)
INSERT INTO FILEVERSION VALUES('f0c1180fa0c68eb293d2762e28f70292d6f226b8',1,7,'file8','FILE','NEW',1,TIMESTAMP_WITH_ZONE(1389540370),NULL,'64b68bf5b882b9bd0b37267287980ecfa0e44a85',TIMESTAMP_WITH_ZONE(1389540370),'rw-r--r--',NULL)
INSERT INTO CHUNK VALUES('b0223d9770a5c0d7e22ac3d2706c4c9858cf42a9',8,8283)
INSERT INTO FILECONTENT VALUES('3cdf2936da2fc556bfa533ab1eb59ce710ac80e5',46,1)
INSERT INTO MULTICHUNK VALUES('303cd52a163d2e743445e9ef2d60fe3052b2963a',8,123)
INSERT INTO MULTICHUNK VALUES('1234567890987654321123456789098765433222',3,44)
INSERT INTO FILEVERSION VALUES('a37ed0d791269d8f512d991afbb870cd56711ff4',1,2,'Untitled Document','FILE','NEW',0,TIMESTAMP_WITH_ZONE(1389977202),NULL,NULL,TIMESTAMP_WITH_ZONE(1389977203),'rw-r--r--',NULL)
INSERT INTO MULTICHUNK_CHUNK VALUES('51aaca5c1280b1cf95cff8a3266a6bb44b482ad4','f15eace568ea3c324ecd3d01b67e692bbf8a2f1b')
INSERT INTO MULTICHUNK VALUES('d9d09de5d70616a798d14a4fbad33e94de3146a9',27,123)
INSERT INTO FILEVERSION VALUES('40b7745398de0d7f56c2186033b6ab8d34d4e920',1,33,'file34','FILE','NEW',1,TIMESTAMP_WITH_ZONE(1389540373),NULL,'d160e0986aca4714714a16f29ec605af90be704d',TIMESTAMP_WITH_ZONE(1389540373),'rw-r--r--',NULL)
select count(*) from databaseversion where status='DIRTY'
INSERT INTO FILEVERSION VALUES('7b0b68878181ef87ac8c8ec15755fb72232597fb',1,24,'file25','FILE','NEW',1,TIMESTAMP_WITH_ZONE(1389540372),NULL,'c4ea21bb365bbeeaf5f2c654883e56d11e43c44e',TIMESTAMP_WITH_ZONE(1389540372),'rw-r--r--',NULL)
INSERT INTO FILECONTENT VALUES('897f9399aebb2b6163b8175b8e50c52b54aeda2d',43,1)
INSERT INTO FILECONTENT VALUES('e2415cb7f63df0c9de23362326ad3c37a9adfc96',32,1)
INSERT INTO FILEHISTORY VALUES('bf8bccb7e0112da8536da80390da18700a08f504',10)
select count(*) from multichunk_muddy", "0
INSERT INTO DATABASEVERSION VALUES(40,'MASTER',TIMESTAMP_WITH_ZONE(1389540374),'A','(A41)')
INSERT INTO MULTICHUNK_CHUNK VALUES('db08c3e2d5a529f3bdc686f5f6dc45c4c0895d91','19da91f2603889267dfd77786e07a5b8f067d62a')
INSERT INTO CHUNK VALUES('64b68bf5b882b9bd0b37267287980ecfa0e44a85',7,1)
INSERT INTO FILEVERSION VALUES('35bc712f14816012ed52b6fdb4ddf46094a1cd0e',1,9,'win32/win32/sphinx_fe/sphinx_fe.vcxproj.filters','FILE','NEW',1191,TIMESTAMP_WITH_ZONE(1354716370),NULL,'a301a81d5a4f427d04791b89bfd7798eda6bd013',TIMESTAMP_WITH_ZONE(1389977264),'rwxr-xr-x',NULL)
INSERT INTO FILECONTENT_CHUNK VALUES('f5efcd994fca895f644b0ccc362aba5d6f4ae0c6','f5efcd994fca895f644b0ccc362aba5d6f4ae0c6',0)
INSERT INTO DATABASEVERSION_VECTORCLOCK VALUES(24,'A',25)
INSERT INTO FILEVERSION VALUES('bf8bccb7e0112da8536da80390da18700a08f504',2,10,'win32/sphinx_lm_convert/sphinx_lm_convert.vcxproj','FILE','DELETED',5508,TIMESTAMP_WITH_ZONE(1354716370),NULL,'5f0b34374821423f69bf2231210245ccf0302df0',TIMESTAMP_WITH_ZONE(1389977258),'rwxr-xr-x',NULL)
INSERT INTO CHUNK VALUES('beefbeefbeefbeefbeefbeefbeefbeefbeefbeef',3,1)
INSERT INTO MULTICHUNK VALUES('dddddddddddddddddddddddddddddddddddddddd',5,55)
INSERT INTO DATABASEVERSION_VECTORCLOCK VALUES(11,'A',12)
INSERT INTO DATABASEVERSION VALUES(9,'MASTER',TIMESTAMP_WITH_ZONE(1389540370),'A','(A10)')
INSERT INTO FILEVERSION VALUES('1e8818c19608fb302aebc2441e2301fdeaa3fa56',2,10,'win32/sphinxbase/sphinxbase.vcxproj','FILE','DELETED',37944,TIMESTAMP_WITH_ZONE(1354716370),NULL,'254416e71ae50431fc6ced6751075b3366db7cc8',TIMESTAMP_WITH_ZONE(1389977258),'rwxr-xr-x',NULL)
INSERT INTO FILECONTENT VALUES('1216aa524aef75e75aa9214fb78ad1ac3ba1e34b',17,1)
INSERT INTO DATABASEVERSION VALUES(29,'MASTER',TIMESTAMP_WITH_ZONE(1389540373),'A','(A30)')
INSERT INTO DATABASEVERSION_VECTORCLOCK VALUES(8,'A',7)
INSERT INTO DATABASEVERSION_VECTORCLOCK VALUES(40,'A',41)
INSERT INTO FILECONTENT VALUES('42099b4af021e53fd8fd4e056c2568d7c2e3ffa8',9,1)
INSERT INTO FILEHISTORY VALUES('dfaf1abdf32d3f8f2a1e9a3ab4d0acb02176d2aa',29)
INSERT INTO FILECONTENT_CHUNK VALUES('3cdf2936da2fc556bfa533ab1eb59ce710ac80e5','3cdf2936da2fc556bfa533ab1eb59ce710ac80e5',0)
INSERT INTO FILECONTENT_CHUNK VALUES('c4488af0c158e8c2832cb927cfb3ce534104cd1e','c4488af0c158e8c2832cb927cfb3ce534104cd1e',0)
INSERT INTO DATABASEVERSION VALUES(3,'MASTER',TIMESTAMP_WITH_ZONE(1389977207),'A','(A4)')
INSERT INTO FILEVERSION VALUES('5990dab1b843345d586e536f3d0731691cbf8585',2,10,'win32/sphinx_fe','FOLDER','DELETED',4096,TIMESTAMP_WITH_ZONE(1355422818),NULL,NULL,TIMESTAMP_WITH_ZONE(1389977258),'rwxr-xr-x',NULL)
INSERT INTO DATABASEVERSION_VECTORCLOCK VALUES(3,'B',1)
select count(*) from databaseversion where status='DIRTY'", "2
INSERT INTO DATABASEVERSION_VECTORCLOCK VALUES(14,'A',15)
INSERT INTO FILECONTENT VALUES('a42c6cf1de3abfdea9b95f34687cbbe92b9a7383',42,1)
CREATE INDEX idx_fileversion_path ON fileversion (path);
INSERT INTO FILECONTENT VALUES('c78ebd3c85a39a596d9f5cfd2b8d240bc1b9c125',27,1)
INSERT INTO FILEHISTORY VALUES('6a16ed133bd18cc027b221e99669f4d48ee07d9e',14)
INSERT INTO FILEVERSION VALUES('76335d77da785e1a1f0795c35351b87fca699d70',1,41,'file42','FILE','NEW',1,TIMESTAMP_WITH_ZONE(1389540374),NULL,'953efe8f531a5a87f6d2d5a65b78b05e55599abc',TIMESTAMP_WITH_ZONE(1389540374),'rw-r--r--',NULL)
INSERT INTO MULTICHUNK_CHUNK VALUES('5887831c0354e987219cc580459dad3446f3613c','53a0acfad59379b3e050338bf9f23cfc172ee787')
INSERT INTO FILEVERSION VALUES('6a16ed133bd18cc027b221e99669f4d48ee07d9e',1,14,'file15','FILE','NEW',1,TIMESTAMP_WITH_ZONE(1389540371),NULL,'b753d636f6ee46bb9242d01ff8b61f715e9a88c3',TIMESTAMP_WITH_ZONE(1389540371),'rw-r--r--',NULL)
INSERT INTO FILEVERSION VALUES('6b9a458bd2ba648a63145c05a43c7bf72f59a5ed',1,15,'file16','FILE','NEW',1,TIMESTAMP_WITH_ZONE(1389540371),NULL,'05a79f06cf3f67f726dae68d18a2290f6c9a50c9',TIMESTAMP_WITH_ZONE(1389540371),'rw-r--r--',NULL)
INSERT INTO MULTICHUNK_CHUNK VALUES('51aaca5c1280b1cf95cff8a3266a6bb44b482ad4','9974b55a79994b4bfe007983539ca21b2679ba35')
INSERT INTO FILECONTENT_CHUNK VALUES('a8abd012eb59b862bf9bc1ea443d2f35a1a2e222','a8abd012eb59b862bf9bc1ea443d2f35a1a2e222',0)
INSERT INTO DATABASEVERSION VALUES(30,'MASTER',TIMESTAMP_WITH_ZONE(1389540373),'A','(A31)')
INSERT INTO DATABASEVERSION VALUES(32,'MASTER',TIMESTAMP_WITH_ZONE(1389540373),'A','(A33)')
INSERT INTO FILECONTENT VALUES('655f2b71ddfafbcbd5af517f02eb9386a2a7a2a1',38,1)
INSERT INTO FILEHISTORY VALUES('a33a902fa3613ec3f83ef8b568f9b2d3ad46edc4',21)
INSERT INTO FILECONTENT VALUES('beefbeefbeefbeefbeefbeefbeefbeefbeefbeef',3,1)
INSERT INTO DATABASEVERSION VALUES(38,'MASTER',TIMESTAMP_WITH_ZONE(1389540374),'A','(A39)')
INSERT INTO FILECONTENT VALUES('5abe80d7dd96369a3e53993cd69279400ec740bd',8,5234)
INSERT INTO CHUNK VALUES('1216aa524aef75e75aa9214fb78ad1ac3ba1e34b',17,1)
INSERT INTO DATABASEVERSION_VECTORCLOCK VALUES(9,'B',3)
INSERT INTO FILEVERSION VALUES('dfaf1abdf32d3f8f2a1e9a3ab4d0acb02176d2aa',1,29,'file30','FILE','NEW',1,TIMESTAMP_WITH_ZONE(1389540373),NULL,'c7da1ff95a25c353f1319604703e8bfd287ee1a1',TIMESTAMP_WITH_ZONE(1389540373),'rw-r--r--',NULL)
INSERT INTO MULTICHUNK VALUES('db08c3e2d5a529f3bdc686f5f6dc45c4c0895d91',35,123)
INSERT INTO FILEVERSION VALUES('fdf1a5d9e42f1709a7ad79056588026407d1ff4f',1,9,'win32/win32/sphinxbase/sphinxbase.vcxproj.filters','FILE','NEW',14173,TIMESTAMP_WITH_ZONE(1354716370),NULL,'f15eace568ea3c324ecd3d01b67e692bbf8a2f1b',TIMESTAMP_WITH_ZONE(1389977264),'rwxr-xr-x',NULL)
INSERT INTO FILEVERSION VALUES('a33a902fa3613ec3f83ef8b568f9b2d3ad46edc4',1,21,'file22','FILE','NEW',1,TIMESTAMP_WITH_ZONE(1389540372),NULL,'77a55e8dd56f4428497116b91d4c0c3ba932425c',TIMESTAMP_WITH_ZONE(1389540372),'rw-r--r--',NULL)
INSERT INTO DATABASEVERSION_VECTORCLOCK VALUES(4,'A',4)
INSERT INTO DATABASEVERSION VALUES(0,'MASTER',TIMESTAMP_WITH_ZONE(1389540369),'A','(A1)')
INSERT INTO MULTICHUNK_CHUNK VALUES('48d6202386fe2eb9c5d571df2bf2c83bd7c2d780','ab461f6b8a6842a473257a2561c1fbdf91bdfe77')
INSERT INTO CHUNK VALUES('47dded182d31799267f12eb9864cdc11127b3352',8,971)
INSERT INTO DATABASEVERSION_VECTORCLOCK VALUES(38,'A',39)
INSERT INTO FILEHISTORY VALUES('d888ec3b1da2b4cb67abe584ebd0f72f06da63d0',7)
INSERT INTO FILEHISTORY VALUES('0c49483f9769f2ef04ae5db27e6745d386b3f075',10)
INSERT INTO MULTICHUNK_CHUNK VALUES('51aaca5c1280b1cf95cff8a3266a6bb44b482ad4','5f0b34374821423f69bf2231210245ccf0302df0')
INSERT INTO MULTICHUNK VALUES('471f7547363d8bf95e28b96f2ae50947bcbc1c33',9,123)
INSERT INTO DATABASEVERSION VALUES(48,'MASTER',TIMESTAMP_WITH_ZONE(1389540375),'A','(A49)')
INSERT INTO MULTICHUNK VALUES('d3205b6aa8a22c5a1563dd81a65e20dd84643723',31,123)
INSERT INTO FILEVERSION VALUES('d15d79a159a574f64c0682b8106b460fecbac725',1,44,'file45','FILE','NEW',1,TIMESTAMP_WITH_ZONE(1389540375),NULL,'c4dd3c8cdd8d7c95603dd67f1cd873d5f9148b29',TIMESTAMP_WITH_ZONE(1389540375),'rw-r--r--',NULL)
INSERT INTO MULTICHUNK_CHUNK VALUES('ff02c9fc6f3a7f8349f7a970f0b33ddf295c985a','05a79f06cf3f67f726dae68d18a2290f6c9a50c9')
INSERT INTO FILECONTENT VALUES('ab461f6b8a6842a473257a2561c1fbdf91bdfe77',13,1)
INSERT INTO FILEHISTORY VALUES('c3d492400fde364dab8b871c8bcb5f6dffe9548a',9)
INSERT INTO MULTICHUNK VALUES('70a1f2813401ac1d04b384f64c5ec64bca4ce390',30,123)
INSERT INTO FILECONTENT_CHUNK VALUES('5f0b34374821423f69bf2231210245ccf0302df0','5f0b34374821423f69bf2231210245ccf0302df0',0)
INSERT INTO FILEVERSION VALUES('d94fd38a56fc7df8434fa8e7d931aae921fb070e',2,10,'win32/win32/sphinx_fe','FOLDER','DELETED',4096,TIMESTAMP_WITH_ZONE(1355422818),NULL,NULL,TIMESTAMP_WITH_ZONE(1389977264),'rwxr-xr-x',NULL)
INSERT INTO FILEHISTORY VALUES('c14d63367c87a89942fd10e232c4994c0b597b3a',30)
INSERT INTO FILECONTENT_CHUNK VALUES('b0223d9770a5c0d7e22ac3d2706c4c9858cf42a9','b0223d9770a5c0d7e22ac3d2706c4c9858cf42a9',0)
INSERT INTO FILECONTENT_CHUNK VALUES('b753d636f6ee46bb9242d01ff8b61f715e9a88c3','b753d636f6ee46bb9242d01ff8b61f715e9a88c3',0)
INSERT INTO FILEHISTORY VALUES('95dbce0b2999ad2d05769f030b35007969df5b5e',10)
INSERT INTO FILEHISTORY VALUES('a37ed0d791269d8f512d991afbb870cd56711ff4',2)
INSERT INTO FILEHISTORY VALUES('96820ff4b86e12b35bc5f2156feb72c328d9e9da',18)
INSERT INTO FILECONTENT VALUES('8bf7b464aaa2c2b536aa1d76a1297c19155f5603',8,1)
INSERT INTO MULTICHUNK_CHUNK VALUES('53dbeafe18eb2cd6dc519f8b861cf974fda8f26a','7666fd3b860c9d7588d9ca1807eebdf8cfaa8be3')
INSERT INTO FILEHISTORY VALUES('7138e4b3606cdf4fda38c2054fb7a264b958fdde',8)
INSERT INTO MULTICHUNK_CHUNK VALUES('71c9c3f38d14bb72525660988aab387545670b79','d50591ff745cc83091f4ee12b2ee702cb24b0b45')
INSERT INTO MULTICHUNK VALUES('d4f621037414791f529c90dac1e898cdde128884',46,123)
INSERT INTO DATABASEVERSION_VECTORCLOCK VALUES(30,'A',31)
INSERT INTO MULTICHUNK_CHUNK VALUES('51aaca5c1280b1cf95cff8a3266a6bb44b482ad4','ab85720d3f31bd08ca1cd25dcd8a490e5f00783b')
INSERT INTO DATABASEVERSION_VECTORCLOCK VALUES(28,'A',29)
INSERT INTO FILEHISTORY VALUES('699f02963d645125ce3990e76f722533be85068a',12)
INSERT INTO DATABASEVERSION_VECTORCLOCK VALUES(6,'A',7)
INSERT INTO MULTICHUNK_CHUNK VALUES('51aaca5c1280b1cf95cff8a3266a6bb44b482ad4','38a18897e94a901b833e750e8604d9616a02ca84')
INSERT INTO MULTICHUNK VALUES('7d12026978c65705a00d96ded82b6d6578afa9c5',3,123)
INSERT INTO MULTICHUNK_CHUNK VALUES('0d79eed3fd8ac866b5872ea3f3f079c46dd15ac9','eba69a8e359ce3258520138a50ed9860127ab6e0')
INSERT INTO CHUNK VALUES('ab85720d3f31bd08ca1cd25dcd8a490e5f00783b',8,5176)
INSERT INTO MULTICHUNK VALUES('53dbeafe18eb2cd6dc519f8b861cf974fda8f26a',6,44)
INSERT INTO MULTICHUNK_CHUNK VALUES('e2a3f6bea38fcc90a35654f3500333115cf67943','8ce24fc0ea8e685eb23bf6346713ad9fef920425')
INSERT INTO DATABASEVERSION_VECTORCLOCK VALUES(13,'A',14)
INSERT INTO MULTICHUNK_CHUNK VALUES('731eced4cf9aee69c99fd73835838475644da34d','d57a281360b0397e17fd449153eb58a47dd5b12c')
select filehistory_id from fileversion
INSERT INTO FILECONTENT_CHUNK VALUES('e2415cb7f63df0c9de23362326ad3c37a9adfc96','e2415cb7f63df0c9de23362326ad3c37a9adfc96',0)
INSERT INTO DATABASEVERSION_VECTORCLOCK VALUES(42,'A',43)
INSERT INTO MULTICHUNK_CHUNK VALUES('dddddddddddddddddddddddddddddddddddddddd','ffffffffffffffffffffffffffffffffffffffff')
INSERT INTO FILEVERSION VALUES('57cb37b1a498071e4c78b1c1d063bb711f97a782',1,8,'win32/sphinxbase/sphinxbase.vcxproj.filters','FILE','NEW',14173,TIMESTAMP_WITH_ZONE(1354716370),NULL,'f15eace568ea3c324ecd3d01b67e692bbf8a2f1b',TIMESTAMP_WITH_ZONE(1389977258),'rwxr-xr-x',NULL)
INSERT INTO DATABASEVERSION VALUES(28,'MASTER',TIMESTAMP_WITH_ZONE(1389540373),'A','(A29)')
INSERT INTO FILECONTENT VALUES('05a79f06cf3f67f726dae68d18a2290f6c9a50c9',15,1)
INSERT INTO FILEHISTORY VALUES('42e99eaf50e2b07526aa2bc89e0d14415b415864',8)
INSERT INTO FILEHISTORY VALUES('77dcbee8eb9aff78515352b32a05e1f1e4423914',1)
INSERT INTO FILEHISTORY VALUES('d36afbc19f334d21782cfcd8ff3c126da674dbea',10)
INSERT INTO FILEVERSION VALUES('7bab9d90dfff1b6666957fbc71abfe1eed486dca',2,10,'win32/sphinx_pitch','FOLDER','DELETED',4096,TIMESTAMP_WITH_ZONE(1355422818),NULL,NULL,TIMESTAMP_WITH_ZONE(1389977258),'rwxr-xr-x',NULL)
INSERT INTO CHUNK VALUES('10687feb9716c9502d9a40fdfe3bb339055c8651',10,1)
INSERT INTO FILEVERSION VALUES('abcdeffaaaaaaaaaaaaaaaaaaaaaaaaaaaaaaaaa',1,5,'file1','FILE','NEW',1,TIMESTAMP_WITH_ZONE(1388935687),NULL,'ffffffffffffffffffffffffffffffffffffffff',TIMESTAMP_WITH_ZONE(1388935568),'rw-r--r--',NULL)
INSERT INTO FILEVERSION VALUES('038642daee34a60cfb71850301f177b9be45ccf7',2,10,'win32/win32/sphinx_lm_convert/sphinx_lm_convert.vcxproj.filters','FILE','DELETED',976,TIMESTAMP_WITH_ZONE(1354716370),NULL,'9974b55a79994b4bfe007983539ca21b2679ba35',TIMESTAMP_WITH_ZONE(1389977264),'rwxr-xr-x',NULL)
INSERT INTO FILECONTENT_CHUNK VALUES('3c363836cf4e16666669a25da280a1865c2d2874','3c363836cf4e16666669a25da280a1865c2d2874',0)
INSERT INTO FILECONTENT VALUES('64b68bf5b882b9bd0b37267287980ecfa0e44a85',7,1)
INSERT INTO FILECONTENT_CHUNK VALUES('a7405a0bada0035ed52a1a44a4d381b78dc59d19','a7405a0bada0035ed52a1a44a4d381b78dc59d19',0)
INSERT INTO FILEHISTORY VALUES('6b7353a71a708ce47d2017af85d307052d5e98ec',8)
INSERT INTO FILEHISTORY VALUES('79760615bfa27c8d4157bfebcc6bbf8c16aea0c0',10)
INSERT INTO MULTICHUNK_CHUNK VALUES('51aaca5c1280b1cf95cff8a3266a6bb44b482ad4','615fba8c2281d5bee891eb092a252d235c237457')
INSERT INTO FILEVERSION VALUES('92a0482a73d8ce2c560b1044a94f6e5868d5ed45',2,10,'win32/win32/sphinx_pitch','FOLDER','DELETED',4096,TIMESTAMP_WITH_ZONE(1355422818),NULL,NULL,TIMESTAMP_WITH_ZONE(1389977264),'rwxr-xr-x',NULL)
INSERT INTO CHUNK VALUES('ca632d28f91c1b8d638df71525fe22fd2473af10',49,1)
INSERT INTO DATABASEVERSION VALUES(17,'MASTER',TIMESTAMP_WITH_ZONE(1389540372),'A','(A18)')
INSERT INTO FILECONTENT_CHUNK VALUES('8bf7b464aaa2c2b536aa1d76a1297c19155f5603','8bf7b464aaa2c2b536aa1d76a1297c19155f5603',0)
INSERT INTO DATABASEVERSION_VECTORCLOCK VALUES(26,'A',27)
INSERT INTO DATABASEVERSION_VECTORCLOCK VALUES(36,'A',37)
select count(*) from multichunk
INSERT INTO FILECONTENT_CHUNK VALUES('ffffffffffffffffffffffffffffffffffffffff','ffffffffffffffffffffffffffffffffffffffff',0)
INSERT INTO FILEHISTORY VALUES('d0c0111139fc89d340f6f797ac17597d923547c5',10)
INSERT INTO FILEHISTORY VALUES('ef899a7e46f11f0059b2de1fa983b212d812c8c2',9)
INSERT INTO FILEHISTORY VALUES('bc25574d16e2c365cd4664e927b849322307ffb1',8)
INSERT INTO DATABASEVERSION_VECTORCLOCK VALUES(8,'B',2)
INSERT INTO MULTICHUNK VALUES('5887831c0354e987219cc580459dad3446f3613c',19,123)
INSERT INTO DATABASEVERSION_VECTORCLOCK VALUES(6,'A',6)
INSERT INTO FILEVERSION VALUES('0605a2e7858fd7d4e78494fafc0e5fe332fd49ee',1,9,'win32/win32/sphinx_cepview','FOLDER','NEW',4096,TIMESTAMP_WITH_ZONE(1355422818),NULL,NULL,TIMESTAMP_WITH_ZONE(1389977264),'rwxr-xr-x',NULL)
INSERT INTO DATABASEVERSION VALUES(43,'MASTER',TIMESTAMP_WITH_ZONE(1389540375),'A','(A44)')
INSERT INTO FILECONTENT_CHUNK VALUES('9974b55a79994b4bfe007983539ca21b2679ba35','9974b55a79994b4bfe007983539ca21b2679ba35',0)
INSERT INTO DATABASEVERSION_VECTORCLOCK VALUES(49,'A',50)
INSERT INTO FILECONTENT_CHUNK VALUES('77a55e8dd56f4428497116b91d4c0c3ba932425c','77a55e8dd56f4428497116b91d4c0c3ba932425c',0)
INSERT INTO FILEVERSION VALUES('4fef2d605640813464792b18b16e1a5e07aa4e53',1,2,'file3','FILE','NEW',1,TIMESTAMP_WITH_ZONE(1388762769),NULL,'8ce24fc0ea8e685eb23bf6346713ad9fef920425',TIMESTAMP_WITH_ZONE(1388762769),'rw-r--r--',NULL)
INSERT INTO DATABASEVERSION_VECTORCLOCK VALUES(2,'A',3)
INSERT INTO DATABASEVERSION_VECTORCLOCK VALUES(25,'A',26)
INSERT INTO MULTICHUNK_CHUNK VALUES('f092d8d1b402164baf3332ee9c60f0cdbbe8708b','a0f1490a20d0211c997b44bc357e1972deab8ae3')
INSERT INTO FILEHISTORY VALUES('40b7745398de0d7f56c2186033b6ab8d34d4e920',33)
select count(*) from known_databases
INSERT INTO FILEHISTORY VALUES('ee3c277898c1dec8f38a12f783427e0c785ff071',10)
INSERT INTO FILEVERSION VALUES('c021aecb2ae36f2a8430eb10309923454b93b61e',1,1,'file2','FILE','NEW',1,TIMESTAMP_WITH_ZONE(1388676369),NULL,'bf8b4530d8d246dd74ac53a13471bba17941dff7',TIMESTAMP_WITH_ZONE(1388676369),'rw-r--r--',NULL)
INSERT INTO MULTICHUNK VALUES('7de7119d60b3eea56e3c5e5f8e991d4e33b00c37',7,123)
INSERT INTO DATABASEVERSION VALUES(0,'MASTER',TIMESTAMP_WITH_ZONE(1388589969),'A','(A1)')
INSERT INTO FILEVERSION VALUES('1e8818c19608fb302aebc2441e2301fdeaa3fa56',1,8,'win32/sphinxbase/sphinxbase.vcxproj','FILE','NEW',37944,TIMESTAMP_WITH_ZONE(1354716370),NULL,'254416e71ae50431fc6ced6751075b3366db7cc8',TIMESTAMP_WITH_ZONE(1389977258),'rwxr-xr-x',NULL)
select count(*) from multichunk_muddy", "1
INSERT INTO CHUNK VALUES('38a18897e94a901b833e750e8604d9616a02ca84',8,931)
INSERT INTO DATABASEVERSION_VECTORCLOCK VALUES(16,'A',17)
INSERT INTO CHUNK VALUES('a7405a0bada0035ed52a1a44a4d381b78dc59d19',8,964)
INSERT INTO FILECONTENT VALUES('13cba177bcfad90e7b3de70616b2e54ba4bb107f',30,1)
INSERT INTO CHUNK VALUES('8bf7b464aaa2c2b536aa1d76a1297c19155f5603',8,1)
INSERT INTO FILEVERSION VALUES('a40c7b769da3207e9437b76a8845cf3b19f1713b',2,10,'win32/sphinx_pitch/sphinx_pitch.vcxproj.filters','FILE','DELETED',971,TIMESTAMP_WITH_ZONE(1354716370),NULL,'47dded182d31799267f12eb9864cdc11127b3352',TIMESTAMP_WITH_ZONE(1389977258),'rwxr-xr-x',NULL)
INSERT INTO FILEHISTORY VALUES('94b680fc9399293efe95c1f6069abf76b028f015',1)
INSERT INTO FILECONTENT_CHUNK VALUES('f11d1c80a3eeec16ed6079a52005d446886c3a4f','f11d1c80a3eeec16ed6079a52005d446886c3a4f',0)
INSERT INTO CHUNK VALUES('655f2b71ddfafbcbd5af517f02eb9386a2a7a2a1',38,1)
INSERT INTO FILEHISTORY VALUES('76335d77da785e1a1f0795c35351b87fca699d70',41)
INSERT INTO DATABASEVERSION_VECTORCLOCK VALUES(18,'A',19)
INSERT INTO CHUNK VALUES('8ed8d50a6e9da3197bd665bc3a1f229ebcde9b42',8,16384)
INSERT INTO MULTICHUNK VALUES('aed9498971ec04b5ba104be80f56a13d8d8c94d1',44,123)
INSERT INTO FILECONTENT_CHUNK VALUES('0fecbac8ac8a5f8b7aa12b2741a4ef5db88c5dea','0fecbac8ac8a5f8b7aa12b2741a4ef5db88c5dea',0)
INSERT INTO FILECONTENT_CHUNK VALUES('254416e71ae50431fc6ced6751075b3366db7cc8','ab85720d3f31bd08ca1cd25dcd8a490e5f00783b',2)
INSERT INTO DATABASEVERSION_VECTORCLOCK VALUES(17,'A',18)
INSERT INTO DATABASEVERSION_VECTORCLOCK VALUES(19,'A',20)
INSERT INTO FILEVERSION VALUES('beef111111111111111111111111111111111111',1,3,'beef','FILE','NEW',1,TIMESTAMP_WITH_ZONE(1388935687),NULL,'beefbeefbeefbeefbeefbeefbeefbeefbeefbeef',TIMESTAMP_WITH_ZONE(1388935568),'rw-r--r--',NULL)
INSERT INTO MULTICHUNK_CHUNK VALUES('c1e03d1abe8d0d1143b545b700efcab233519188','320355ced694aa69924f6bb82e7b74f420303fd9')
INSERT INTO FILECONTENT_CHUNK VALUES('05a79f06cf3f67f726dae68d18a2290f6c9a50c9','05a79f06cf3f67f726dae68d18a2290f6c9a50c9',0)
INSERT INTO DATABASEVERSION VALUES(10,'MASTER',TIMESTAMP_WITH_ZONE(1389977288),'A','(A8,B3)')
INSERT INTO FILEVERSION VALUES('038642daee34a60cfb71850301f177b9be45ccf7',1,9,'win32/win32/sphinx_lm_convert/sphinx_lm_convert.vcxproj.filters','FILE','NEW',976,TIMESTAMP_WITH_ZONE(1354716370),NULL,'9974b55a79994b4bfe007983539ca21b2679ba35',TIMESTAMP_WITH_ZONE(1389977264),'rwxr-xr-x',NULL)
INSERT INTO MULTICHUNK_CHUNK VALUES('131d1c3a00a3715e5ae52557b38279a104178517','0fefb345b62b6c0b0e5212158a9aa7c1eeec2ca6')
INSERT INTO MULTICHUNK VALUES('a24411db2bdb3334547b489d7d6f9a2ac1a8543d',18,123)
INSERT INTO FILEVERSION VALUES('33f4f1877e11f34fcf52ec81051c63ff79b096f9',1,5,'file6','FILE','NEW',1,TIMESTAMP_WITH_ZONE(1389540369),NULL,'3cdf2936da2fc556bfa533ab1eb59ce710ac80e5',TIMESTAMP_WITH_ZONE(1389540369),'rw-r--r--',NULL)
INSERT INTO CHUNK VALUES('a8abd012eb59b862bf9bc1ea443d2f35a1a2e222',12,1)
INSERT INTO CHUNK VALUES('615fba8c2281d5bee891eb092a252d235c237457',8,8387)
INSERT INTO FILEHISTORY VALUES('ed53e1643e3d57cd609624203d0a356c3c574a61',9)
INSERT INTO FILEHISTORY VALUES('1747efdc5761daa913542e0c7a77db98d939fd17',11)
INSERT INTO FILEVERSION VALUES('a37ed0d791269d8f512d991afbb870cd56711ff4',2,3,'Untitled Document','FILE','DELETED',0,TIMESTAMP_WITH_ZONE(1389977202),NULL,NULL,TIMESTAMP_WITH_ZONE(1389977203),'rw-r--r--',NULL)
INSERT INTO DATABASEVERSION_VECTORCLOCK VALUES(0,'A',1)
INSERT INTO MULTICHUNK VALUES('e2a3f6bea38fcc90a35654f3500333115cf67943',2,22)
INSERT INTO DATABASEVERSION VALUES(3,'MASTER',TIMESTAMP_WITH_ZONE(1389540369),'A','(A4)')
INSERT INTO DATABASEVERSION_VECTORCLOCK VALUES(31,'A',32)
select count(*) from databaseversion where status='DIRTY'", "1
INSERT INTO FILEVERSION VALUES('c57758072ec7819ae9d40c340378b4c778c4e371',2,10,'win32/sphinx_cepview/sphinx_cepview.vcxproj.filters','FILE','DELETED',931,TIMESTAMP_WITH_ZONE(1354716370),NULL,'38a18897e94a901b833e750e8604d9616a02ca84',TIMESTAMP_WITH_ZONE(1389977258),'rwxr-xr-x',NULL)
INSERT INTO DATABASEVERSION VALUES(45,'MASTER',TIMESTAMP_WITH_ZONE(1389540375),'A','(A46)')
